bun-types	typescript-lib	src-js	tsx	js-control	state	symbol
2681640	10764980	2221120	4618000	0	NEW	<bun_js_parser::p::P<true, false>>::parse_type::<bun_js_parser::parse::type_sink::Discard>
1637560	5820320	1363240	2392000	0	NEW	<bun_js_parser::p::P<true, false>>::parse_type_operator_or_higher::<bun_js_parser::parse::type_sink::Discard>
862900	6413420	499020	894000	0	NEW	<bun_js_parser::p::P<true, false>>::parse_property_or_method_signature
700820	6370020	410640	762000	0	NEW	<bun_js_parser::p::P<true, false>>::parse_type_member
934200	3593700	636720	2236000	0	NEW	<bun_js_parser::p::P<true, false>>::parse_type_reference::<bun_js_parser::parse::type_sink::Discard>
821520	4596860	437800	710000	0		<bun_js_parser::lexer::Lexer>::next
845580	3210060	691040	1556000	0	NEW	<bun_js_parser::p::P<true, false>>::parse_postfix_type_rest::<bun_js_parser::parse::type_sink::Discard>
471220	1223920	276560	1148000	0	NEW	<bun_js_parser::p::P<true, false>>::skip_type_script_type_arguments_in::<bun_js_parser::parse::type_sink::Discard, false, false>
175700	1406300	90860	158000	0	NEW	<bun_js_parser::p::P<true, false>>::skip_type_script_interface_stmt
162580	839260	92920	218000	0	NEW	<bun_js_parser::p::P<true, false>>::parse_stmt_named_like_cast
82220	875640	46240	62000	0		<bun_js_parser::p::P<true, false>>::skip_typescript_fn_args
151500	587640	100800	164000	0	NEW	<bun_js_parser::p::P<true, false>>::skip_typescript_return_type
192480	501040	126300	66000	0	NEW	<bun_js_parser::p::P<true, false>>::parse_function_or_constructor_type_to_error::<bun_js_parser::parse::type_sink::Discard, true>
0	0	277620	606000	0	NEW	<bun_js_parser::p::P<true, false>>::parse_arrow_body_with_flags
135660	358620	81240	42000	0	NEW	<bun_js_parser::p::P<true, false>>::parse_union_or_intersection_type::<bun_js_parser::parse::type_sink::Discard, false>
51040	282300	175120	68000	0		<bun_js_parser::p::P<true, false>>::parse_stmt
3780	0	251300	306000	0	NEW	<bun_js_parser::p::P<true, false>>::lexer_backtracker_bool::<<bun_js_parser::p::P<true, false>>::skip_type_script_type_arguments_with_backtracking, bool>
74280	267620	42100	50000	0		<bun_js_parser::p::P<true, false>>::skip_type_script_paren_or_fn_type::<bun_js_parser::parse::type_sink::Discard>
57920	12260	207200	84000	0		<bun_js_parser::p::P<true, false>>::parse_fn
44400	187660	24600	56000	0	NEW	<bun_js_parser::p::P<true, false>>::parse_type_literal
32480	86920	20300	100000	0	NEW	<bun_js_parser::p::P<true, false>>::next_is_start_of_mapped_type
28420	89540	11720	90000	0		<bun_ast::lexer_tables::__ComptimeStringMap_KEYWORDS>::__key_index
0	0	0	0	192360		<bun_js_parser::p::P<false, false>>::parse_prefix
22620	95540	14340	24000	0		<bun_js_parser::p::P<true, false>>::parse_stmts_up_to
66200	40880	45040	0	0	NEW	<bun_js_parser::p::P<true, false>>::parse_tuple_element_name_or_tuple_element_type
0	0	41880	50000	0		<bun_js_parser::p::P<true, false>>::parse_prefix
17120	51320	11040	10000	0		<bun_js_parser::p::P<true, false>>::lexer_backtracker_bool::<<bun_js_parser::p::P<true, false>>::skip_type_script_arrow_args_with_backtracking, bool>
10240	22040	35800	16000	0	NEW	<alloc::vec::Vec<bun_ast::Msg>>::truncate
0	0	0	82000	0		<bun_js_parser::p::P<true, false>>::parse_jsx_element
18480	41880	3100	18000	0	NEW	<bun_js_parser::p::P<true, false>>::skip_type_script_bracketed_name
180	0	29160	46000	0		<bun_js_parser::p::P<true, false>>::parse_suffix
23560	0	48780	0	0	NEW	<bun_js_parser::p::P<true, false>>::parse_import_type::<bun_js_parser::parse::type_sink::Discard>
11240	14560	3660	36000	0		<bun_js_parser::p::P<true, false>>::skip_type_script_type_stmt
23520	2520	1560	36000	0	NEW	<bun_js_parser::p::P<true, false>>::parse_conditional_type_rest::<bun_js_parser::parse::type_sink::Discard>
13860	360	17560	28000	0		<bun_js_parser::p::P<true, false>>::parse_class
1000	440	41160	16000	0		<bun_js_parser::p::P<true, false>>::parse_fn_stmt
12000	3880	1840	32000	0	NEW	<bun_js_parser::p::P<true, false>>::parse_mapped_type
1440	0	30940	16000	0	NEW	<bun_js_parser::p::P<true, false>>::is_class_index_signature
4440	24860	11860	0	0		<bun_js_parser::p::P<true, false>>::parse_and_declare_decls
2320	8640	15440	8000	0		<bun_js_parser::parse::parse_entry::Parser>::_parse::<true>
10440	1960	9360	12000	0	NEW	<bun_js_parser::p::P<true, false>>::parse_function_or_constructor_type::<bun_js_parser::parse::type_sink::Discard>
480	0	1440	28000	0	NEW	<bun_js_parser::p::P<true, false>>::parse_asserts_type_predicate::<bun_js_parser::parse::type_sink::Discard>
6840	15120	1140	6000	0	NEW	<bun_js_parser::p::P<true, false>>::parse_bracketed_name
19540	0	3740	0	0		<bun_js_parser::lexer::Lexer>::parse_string_literal_inner::<34>
700	0	2520	14000	0		<bun_js_parser::p::P<true, false>>::parse_typescript_enum_stmt
0	0	0	0	10980		<bun_js_parser::p::P<false, false>>::parse_fn
2340	3420	3080	0	0	NEW	<bun_js_parser::p::P<true, false>>::is_start_of_type
2260	0	3680	0	0	NEW	<bun_js_parser::p::P<true, false>>::parse_entity_name_rest::<bun_js_parser::parse::type_sink::Discard>
900	200	640	4000	0		<bun_js_parser::p::P<true, false>>::parse_class_stmt
0	0	0	0	5580	NEW	<bun_js_parser::p::P<false, false>>::parse_arrow_body_with_flags
1560	0	3080	0	0	NEW	<bun_js_parser::p::P<true, false>>::parse_right_side_of_dot::<bun_js_parser::parse::type_sink::Discard>
2840	720	720	0	0		<bun_js_parser::p::P<true, false>>::parse_type_script_namespace_stmt
0	3900	180	0	0	NEW	<bun_js_parser::p::P<true, false>>::parse_accessor_declaration
1800	0	220	2000	0		<bun_js_parser::p::P<true, false>>::t_export
100	1920	1280	0	0	NEW	<bun_js_parser::p::P<true, false>>::skip_type_script_predicate_of_keyword_name
20	0	160	2000	0	NEW	<bun_js_parser::p::P<true, false>>::skip_type_script_parameter_modifiers
60	0	840	0	0	NEW	<bun_js_parser::p::P<true, false>>::parse_type_arguments_of_import_type::<bun_js_parser::parse::type_sink::Discard>
740	0	0	0	0	NEW	<bun_js_parser::p::P<true, false>>::try_skip_type_script_constraint_of_infer_type_with_backtracking::<bun_js_parser::parse::type_sink::Discard>
0	0	580	0	0		<bun_js_parser::p::P<true, false>>::parse_async_prefix_expr
0	0	380	0	0		<bun_js_parser::p::P<true, false>>::t_try
0	240	0	0	0	NEW	<bun_js_parser::p::P<true, false>>::look_ahead::<<bun_js_parser::p::P<true, false>>::next_token_is_new_keyword>
60	80	20	0	0		<bun_js_parser::p::P<true, false>>::skip_type_script_binding
0	120	0	0	0	NEW	<bun_js_parser::p::P<true, false>>::can_follow_default_keyword
4	4	4	4	84		core::ptr::drop_glue::<bun_js_parser::p::P<false, false>>
0	0	80	0	0	NEW	<bun_js_parser::p::P<true, true>>::paren_expr_has_type_parameters
40	0	0	0	0		<bun_js_parser::p::P<true, false>>::parse_type_script_import_equals_stmt
0	0	40	0	0	NEW	<bun_js_parser::p::P<true, true>>::arrow_parameters_could_be_expr
0	0	40	0	0		<bun_collections::array_hash_map::StringArrayHashMap<bun_ast::ts::TSNamespaceMember, bun_collections::array_hash_map::StringContext, bun_alloc::ast_alloc::AstAlloc>>::put
0	0	20	0	0	NEW	<bun_js_parser::p::P<true, false>>::type_expected
0	0	-40	0	0		<bun_js_parser::p::P<true, false>>::s_export_default
0	0	0	0	-40		<bun_js_parser::p::P<false, false>>::parse_and_declare_decls
0	0	-40	0	0		<alloc::vec::Vec<bun_ast::expr::Expr, bun_alloc::ast_alloc::AstAlloc> as bun_collections::vec_ext::VecExt<bun_ast::expr::Expr>>::from_slice
0	0	-80	0	0		<bun_js_parser::p::P<true, false>>::transpose_require
-220	0	0	0	0	GONE	<bun_js_parser::p::P<true, false>>::try_skip_type_script_constraint_of_infer_type_with_backtracking
0	0	-1240	0	0		<bun_ast::scope::Members>::get_or_put_hashed
40	0	40	-2000	0		<bun_js_parser::p::P<true, false>>::t_import
0	0	-100	-2000	0		<bun_js_parser::lexer::Lexer>::range
0	0	400	-4000	0		<bun_collections::array_hash_map::StringArrayHashMap<bun_ast::nodes::NamedExport, bun_collections::array_hash_map::StringContext, bun_alloc::ast_alloc::AstAlloc>>::put
0	0	0	0	-5580	GONE	<bun_js_parser::p::P<false, false>>::parse_arrow_body
0	0	0	0	-16460		<bun_js_parser::p::P<false, false>>::e_function
0	0	0	-18000	0		<bun_js_parser::p::P<true, false>>::e_jsx_element
-2460	-6320	-1540	-16000	0		<bun_js_parser::lexer::Lexer>::is_contextual_keyword
0	0	-30440	2000	0		<bun_js_parser::p::P<true, false>>::parse_paren_expr
-6040	-13200	-2860	-12000	0		<bun_js_parser::lexer::Lexer>::expect_or_insert_semicolon
-2324	-8644	-15444	-8004	-84	GONE	core::ptr::drop_glue::<bun_js_parser::parser::MacroState>
0	0	-58480	-10000	0		<bun_js_parser::p::P<true, false>>::e_function
0	0	-79440	-16000	0	GONE	<bun_js_parser::p::P<true, true>>::s::<bun_ast::s::Function>
3080	60	-84680	-14000	0		<bun_js_parser::p::P<true, false>>::parse_property
0	0	0	-100000	0	GONE	<alloc::vec::Vec<bun_ast::g::Property, bun_alloc::ast_alloc::AstAlloc> as bun_collections::vec_ext::VecExt<bun_ast::g::Property>>::move_from_list
-4520	-560	-71680	-4000	-21960	GONE	core::ptr::drop_glue::<bun_alloc::baby_vec::BabyVec<bun_ast::g::Arg>>
0	0	0	0	-110620		<bun_js_parser::p::P<false, false>>::parse_stmt
0	0	-43340	-56000	-17860	GONE	core::ptr::drop_glue::<bun_ast::e::JSXElement>
-30900	-100160	-24280	-58000	0		<bun_js_parser::lexer::Lexer>::expect
-17540	-41680	-224860	-22000	0		<bun_js_parser::p::P<true, false>>::skip_type_script_type_parameters
-2700	0	-148760	-196000	0	GONE	<bun_js_parser::p::P<true, false>>::try_skip_type_script_type_arguments_with_backtracking
-39500	-301280	-14020	-20000	0		<bun_js_parser::p::P<true, false>>::parse_stmt_fallthrough_ts_keyword
0	0	-277620	-606000	0	GONE	<bun_js_parser::p::P<true, false>>::parse_arrow_body
-305780	-1032280	-198340	-798000	0	GONE	<bun_js_parser::p::P<true, true>>::skip_type_script_type_arguments::<false, false>
-1092520	-7988740	-612020	-1146000	0	GONE	<bun_js_parser::p::P<true, false>>::skip_type_script_object_type
-2679360	-8813780	-2083580	-4116000	0	GONE	<bun_js_parser::p::P<true, false>>::skip_type_script_type_with_opts::<bun_js_parser::parse::type_sink::Discard>
