where	function	how	message	code
relater.go:4830	r.reportRelationError	==	Argument_of_type_0_is_not_assignable_to_parameter_of_type_1	2345
relater.go:4835	r.reportRelationError	switch getChainMessage(0)	Object_literal_may_only_specify_known_properties_and_0_does_not_exist_in_type_1	2353
relater.go:4836	r.reportRelationError	switch getChainMessage(0)	Object_literal_may_only_specify_known_properties_but_0_does_not_exist_in_type_1_Did_you_mean_to_write_2	2561
relater.go:4840	r.reportRelationError	switch getChainMessage(0)	Excessive_complexity_comparing_types_0_and_1	2859
relater.go:4841	r.reportRelationError	switch getChainMessage(0)	The_type_0_is_readonly_and_cannot_be_assigned_to_the_mutable_type_1	4104
relater.go:4847	r.reportRelationError	switch getChainMessage(0)	Property_0_is_missing_in_type_1_but_required_in_type_2	2741
relater.go:4853	r.reportRelationError	switch getChainMessage(0)	Type_0_is_missing_the_following_properties_from_type_1_Colon_2_and_3_more	2740
relater.go:4854	r.reportRelationError	switch getChainMessage(0)	Type_0_is_missing_the_following_properties_from_type_1_Colon_2	2739
relater.go:4863	r.reportError	==	Types_of_property_0_are_incompatible	2326
relater.go:4866	r.reportError	switch getChainMessage(0)	Object_literal_may_only_specify_known_properties_and_0_does_not_exist_in_type_1	2353
relater.go:4867	r.reportError	switch getChainMessage(0)	Object_literal_may_only_specify_known_properties_but_0_does_not_exist_in_type_1_Did_you_mean_to_write_2	2561
relater.go:4875	r.reportError	switch getChainMessage(1)	Call_signatures_with_no_arguments_have_incompatible_return_types_0_and_1	2204
relater.go:4877	r.reportError	switch getChainMessage(1)	Construct_signatures_with_no_arguments_have_incompatible_return_types_0_and_1	2205
relater.go:4879	r.reportError	switch getChainMessage(1)	Call_signature_return_types_0_and_1_are_incompatible	2202
relater.go:4881	r.reportError	switch getChainMessage(1)	Construct_signature_return_types_0_and_1_are_incompatible	2203
relater.go:4893	r.reportError	switch getChainMessage(1)	Types_of_property_0_are_incompatible	2326
relater.go:4894	r.reportError	switch getChainMessage(1)	The_types_of_0_are_incompatible_between_these_types	2200
relater.go:4895	r.reportError	switch getChainMessage(1)	The_types_returned_by_0_are_incompatible_between_these_types	2201
relater.go:4900	r.reportError	==	Types_of_property_0_are_incompatible	2326
relater.go:4966	isConversionOrInterfaceImplementationMessage	==	Class_0_incorrectly_implements_interface_1	2420
relater.go:4967	isConversionOrInterfaceImplementationMessage	==	Class_0_incorrectly_implements_class_1_Did_you_mean_to_extend_1_and_inherit_its_members_as_a_subclass	2720
relater.go:4968	isConversionOrInterfaceImplementationMessage	==	Conversion_of_type_0_to_type_1_may_be_a_mistake_because_neither_type_sufficiently_overlaps_with_the_other_If_this_was_intentional_convert_the_expression_to_unknown_first	2352
relater.go:4969	isConversionOrInterfaceImplementationMessage	==	Its_instance_type_0_is_not_a_valid_JSX_element	2788
relater.go:4970	isConversionOrInterfaceImplementationMessage	==	Its_return_type_0_is_not_a_valid_JSX_element	2787
relater.go:4971	isConversionOrInterfaceImplementationMessage	==	Its_element_type_0_is_not_a_valid_JSX_element	2789
checker.go:15309	c.resolveExternalModule	==	Module_0_was_resolved_to_1_but_jsx_is_not_set	6142
checker.go:15473	c.resolveExternalModule	==	Could_not_find_a_declaration_file_for_module_0_1_implicitly_has_an_any_type	7016
relater.go:401	createDiagnosticChainFromErrorChain	Message.ElidedInCompatibilityPyramid()	the four messages with elidedInCompatabilityPyramid in diagnosticMessages.json	2202,2203,2204,2205
