# For each group of K3 layers: the golden that verifies it when it lands, the probe command, and what the port must have.
# group	layers (names of the research tables)	golden (units/typecheck/...)	command	needs from the port	limits
data model	TYPES LINKS MAPPER UTIL T-KEYS K-OBJ T-RSTACK	oracle-toolchain-and-goldens/top-down/golden/types/SCHEMA.txt	oracle types -schema	the same fields in the same order in each type struct and link struct (a test prints its own table)	no behaviour yet: unit tests of the crate
checker init	C-INIT D-SINK	golden/types/init.nolib*.types.txt init.es5.types.txt; checker-core-scratch/groundtruth/out/out.*.txt	oracle types [-strict|-nostrict|-exact] [lib] min.ts | oracle canon; oracle init	recorder of created types, signatures and symbols in creation order (test-only); marks at the four places of NewChecker; lib es5 through the importer	62 types, 4 signatures, 6 symbols before the merge; 85 types with es5
merge	S-MERGE	golden/types/merge.es5.types.txt; checker-core out.merge.es5.txt	oracle types ... a.ts b.ts m1.ts m2.ts | oracle canon	the same, canon on the port's dump	merged copies are made in map order upstream: only the canonical text is stable
names, aliases, modules	N-RESOLVE N-DIAG A-ALIAS M-MODULE Q-ENTITY	golden/types/alias.typeof.types.txt; checker-core out.aliases.txt	oracle types -stage typeof ...alias files; oracle init -aliases	GetTypeOfSymbol for alias targets; module resolution taken from the caller (./x only)	out.aliases.txt prints diagnostics text: needs the message table only
type construction	K-LIT K-PRED K-GENERIC K-UNION K-INTERSECT T-TUPLE T-DECLARED T-ENUMVAL T-TYPENODE	golden/types/decl.declared.types.txt decl.typenodes.types.txt rich.declared.types.txt	oracle types -stage declared [-stage typenodes]	exported entries GetDeclaredTypeOfSymbol and GetTypeFromTypeNode; tree walk in ForEachChild order	fixture decl-only.ts has no expression, so later layers are not reached through initialisers
members and signatures	T-CONSTRAINT T-BASE T-MEMBERS T-UIMEMBERS T-LOOKUP T-APPARENT T-SIGDECL T-SIGSHAPE T-SIGINST T-INSTANTIATE	golden/types/decl.members.types.txt	oracle types -stage declared -stage typenodes -stage members	GetPropertiesOfType, GetSignaturesOfType, GetIndexInfosOfType, GetBaseTypes, GetApparentType, GetBaseConstraintOfType	the members stage walks the es5 library types too: 481 KB
types of symbols	T-SYMTYPE T-WIDEN	golden/types/decl.typeof.types.txt	... -stage typeof -stage returns	GetTypeOfSymbol, GetReturnTypeOfSignature	declarations with annotations only
type printer	printer, nodebuilder	checker-type-printer/bottom-up/data/typestrings*.tsv.gz printer-roundtrip.tsv.gz, groundtruth/out/*.strings*.tsv, top-down/data/roundtrip-*	oracle print-rt, print-types, print-decls, print-clone	emit printer on synthetic nodes; TypeToString	11 function lists (*.fns.txt) need the cover build
relations	relater.go, elaboration	golden/types/decl.relate.types.txt; checker-relations-and-inference/groundtruth/out/*.out.txt (12) and *.trace.txt.gz (12)	oracle types -stage relate; oracle rel; oracle-trace rel -trace -funcs	IsTypeAssignableTo; sizes of the five relation caches; for the traces a test-only entry record in relater and inference functions	the matrix needs no text; the traces need the trace build
expressions, calls, flow	12 layers of checker-expressions-calls-flow	golden/types/*.check.types.txt (rich, zero, infer, min, rel.*, ecf.*); checker-expressions-calls-flow/*/groundtruth/out/*.out.txt (23)	oracle types -stage check; oracle check	GetDiagnostics per file; the STATE counters of ProbeState	diagnostics in types dumps are code, span, chain and related counts: no text
late type operators	K-KEYOF K-INDEXED K-SUBST K-COND T-MAPPED K-TEMPLATE K-IMPORTTYPE	golden/types/decl.typenodes.types.txt decl.typeof.types.txt rich.check.types.txt infer.check.types.txt	same	same	infer type parameters are listed in declaration order by the probe (the reference uses map order)
declarations, grammar, JSX	21 layers of checker-declarations-grammar-jsx	checker-declarations-grammar-jsx/bottom-up/groundtruth/out/*.out.txt (32) top-down/probes/*.out.txt (5)	oracle decl [-o key=value]; oracle pien	compiler options by name; suggestion diagnostics	text goldens: need the printer
K4	driver	end-to-end-k4-k5/vectors/program-order/*.txt (21) verify-compiler-options.txt	oracle tsc	lib order and default lib choice when the program layer exists	the K4 line itself is checked by replay.sh (e2e)
K5	harness	drivers-k4-k5/top-down/data/manifest.with-opts.jsonl.gz	oracle manifest	the runner of units/conformance	12797 lines, identical as a set; 12 minutes at 4 threads
