identical	tree	ts-dump-and-test-importer/data/min.ts.tsgo.txt
identical	tree	ts-dump-and-test-importer/data/sample-a.ts.tsgo.txt
identical	tree	ts-dump-and-test-importer/top-down/rules/tsgo/ambient.d.ts.tsgo.txt
identical	tree	ts-dump-and-test-importer/top-down/rules/tsgo/bom.ts.tsgo.txt
identical	tree	ts-dump-and-test-importer/top-down/rules/tsgo/exported-class-await-context.ts.tsgo.txt
identical	tree	ts-dump-and-test-importer/top-down/rules/tsgo/expressions.ts.tsgo.txt
identical	tree	ts-dump-and-test-importer/top-down/rules/tsgo/heritage-type-reference.ts.tsgo.txt
identical	tree	ts-dump-and-test-importer/top-down/rules/tsgo/identifiers.ts.tsgo.txt
identical	tree	ts-dump-and-test-importer/top-down/rules/tsgo/import-attributes.ts.tsgo.txt
identical	tree	ts-dump-and-test-importer/top-down/rules/tsgo/jsdoc-flags.ts.tsgo.txt
identical	tree	ts-dump-and-test-importer/top-down/rules/tsgo/jsx.tsx.tsgo.txt
identical	tree	ts-dump-and-test-importer/top-down/rules/tsgo/min.ts.tsgo.txt
identical	tree	ts-dump-and-test-importer/top-down/rules/tsgo/module-keyword-nested-namespace.ts.tsgo.txt
identical	tree	ts-dump-and-test-importer/top-down/rules/tsgo/omitted-binding-element.ts.tsgo.txt
identical	tree	ts-dump-and-test-importer/top-down/rules/tsgo/postfix-token.ts.tsgo.txt
identical	tree	ts-dump-and-test-importer/top-down/rules/tsgo/pragmas.ts.tsgo.txt
identical	tree	ts-dump-and-test-importer/top-down/rules/tsgo/token-flags.ts.tsgo.txt
identical	tree	ts-dump-and-test-importer/top-down/rules/tsgo/top-level-await.ts.tsgo.txt
identical	tree	ts-dump-and-test-importer/top-down/rules/tsgo/type-parameter-default.ts.tsgo.txt
identical	tree	ts-dump-and-test-importer/top-down/rules/tsgo/utf8-positions.ts.tsgo.txt
identical (240 trees)	tree	ts-dump-and-test-importer/data/golden-sample.tar.gz
identical	lowering	bun-ast-lowering/probe/tsgo/expr1.ts.tsgo.txt
identical	lowering	bun-ast-lowering/probe/tsgo/j1.js.tsgo.txt
identical	lowering	bun-ast-lowering/probe/tsgo/j2.ts.tsgo.txt
identical	lowering	bun-ast-lowering/probe/tsgo/jsx1.tsx.tsgo.txt
identical	lowering	bun-ast-lowering/probe/tsgo/mod1.ts.tsgo.txt
identical	lowering	bun-ast-lowering/probe/tsgo/mod2.ts.tsgo.txt
identical	lowering	bun-ast-lowering/probe/tsgo/mod3.ts.tsgo.txt
identical	lowering	bun-ast-lowering/probe/tsgo/mod4.ts.tsgo.txt
identical	lowering	bun-ast-lowering/probe/tsgo/p1.ts.tsgo.txt
identical	lowering	bun-ast-lowering/probe/tsgo/p10.ts.tsgo.txt
identical	lowering	bun-ast-lowering/probe/tsgo/p11.ts.tsgo.txt
identical	lowering	bun-ast-lowering/probe/tsgo/p12.ts.tsgo.txt
identical	lowering	bun-ast-lowering/probe/tsgo/p2.ts.tsgo.txt
identical	lowering	bun-ast-lowering/probe/tsgo/p3.ts.tsgo.txt
identical	lowering	bun-ast-lowering/probe/tsgo/p4.ts.tsgo.txt
identical	lowering	bun-ast-lowering/probe/tsgo/p5.ts.tsgo.txt
identical	lowering	bun-ast-lowering/probe/tsgo/p6.ts.tsgo.txt
identical	lowering	bun-ast-lowering/probe/tsgo/p7.ts.tsgo.txt
identical	lowering	bun-ast-lowering/probe/tsgo/p8.ts.tsgo.txt
identical	lowering	bun-ast-lowering/probe/tsgo/p9.ts.tsgo.txt
identical	lowering	bun-ast-lowering/probe/tsgo/q1.ts.tsgo.txt
identical	lowering	bun-ast-lowering/probe/tsgo/q2.ts.tsgo.txt
identical	lowering	bun-ast-lowering/probe/tsgo/q3.ts.tsgo.txt
identical	lowering	bun-ast-lowering/probe/tsgo/q4.ts.tsgo.txt
identical	lowering	bun-ast-lowering/probe/tsgo/q5.js.tsgo.txt
identical	lowering	bun-ast-lowering/probe/tsgo/q6.ts.tsgo.txt
identical	lowering	bun-ast-lowering/probe/tsgo/q7.ts.tsgo.txt
identical	lowering	bun-ast-lowering/probe/tsgo/q8.ts.tsgo.txt
identical	lowering	bun-ast-lowering/probe/tsgo/stmt1.ts.tsgo.txt
identical	lowering	bun-ast-lowering/probe/tsgo-nojsdoc/expr1.ts.tsgo.txt
identical	lowering	bun-ast-lowering/probe/tsgo-nojsdoc/j1.js.tsgo.txt
identical	lowering	bun-ast-lowering/probe/tsgo-nojsdoc/j2.ts.tsgo.txt
identical	lowering	bun-ast-lowering/probe/tsgo-nojsdoc/jsx1.tsx.tsgo.txt
identical	lowering	bun-ast-lowering/probe/tsgo-nojsdoc/mod1.ts.tsgo.txt
identical	lowering	bun-ast-lowering/probe/tsgo-nojsdoc/mod2.ts.tsgo.txt
identical	lowering	bun-ast-lowering/probe/tsgo-nojsdoc/mod3.ts.tsgo.txt
identical	lowering	bun-ast-lowering/probe/tsgo-nojsdoc/mod4.ts.tsgo.txt
identical	lowering	bun-ast-lowering/probe/tsgo-nojsdoc/p1.ts.tsgo.txt
identical	lowering	bun-ast-lowering/probe/tsgo-nojsdoc/p10.ts.tsgo.txt
identical	lowering	bun-ast-lowering/probe/tsgo-nojsdoc/p11.ts.tsgo.txt
identical	lowering	bun-ast-lowering/probe/tsgo-nojsdoc/p12.ts.tsgo.txt
identical	lowering	bun-ast-lowering/probe/tsgo-nojsdoc/p2.ts.tsgo.txt
identical	lowering	bun-ast-lowering/probe/tsgo-nojsdoc/p3.ts.tsgo.txt
identical	lowering	bun-ast-lowering/probe/tsgo-nojsdoc/p4.ts.tsgo.txt
identical	lowering	bun-ast-lowering/probe/tsgo-nojsdoc/p5.ts.tsgo.txt
identical	lowering	bun-ast-lowering/probe/tsgo-nojsdoc/p6.ts.tsgo.txt
identical	lowering	bun-ast-lowering/probe/tsgo-nojsdoc/p7.ts.tsgo.txt
identical	lowering	bun-ast-lowering/probe/tsgo-nojsdoc/p8.ts.tsgo.txt
identical	lowering	bun-ast-lowering/probe/tsgo-nojsdoc/p9.ts.tsgo.txt
identical	lowering	bun-ast-lowering/probe/tsgo-nojsdoc/q1.ts.tsgo.txt
identical	lowering	bun-ast-lowering/probe/tsgo-nojsdoc/q2.ts.tsgo.txt
identical	lowering	bun-ast-lowering/probe/tsgo-nojsdoc/q3.ts.tsgo.txt
identical	lowering	bun-ast-lowering/probe/tsgo-nojsdoc/q4.ts.tsgo.txt
identical	lowering	bun-ast-lowering/probe/tsgo-nojsdoc/q5.js.tsgo.txt
identical	lowering	bun-ast-lowering/probe/tsgo-nojsdoc/q6.ts.tsgo.txt
identical	lowering	bun-ast-lowering/probe/tsgo-nojsdoc/q7.ts.tsgo.txt
identical	lowering	bun-ast-lowering/probe/tsgo-nojsdoc/q8.ts.tsgo.txt
identical	lowering	bun-ast-lowering/probe/tsgo-nojsdoc/stmt1.ts.tsgo.txt
identical (218 dumps)	bind	binder-port-and-fixtures/data/bind-dumps.tar.gz
identical	init	checker-core-scratch/groundtruth/out/out.aliases.txt
identical	init	checker-core-scratch/groundtruth/out/out.exact.nolib.txt
identical	init	checker-core-scratch/groundtruth/out/out.merge.es5.txt
identical	init	checker-core-scratch/groundtruth/out/out.nostrict.es5.txt
identical	init	checker-core-scratch/groundtruth/out/out.nostrict.nolib.txt
identical	init	checker-core-scratch/groundtruth/out/out.strict.es5.txt
identical	init	checker-core-scratch/groundtruth/out/out.strict.nolib.txt
identical	layers	checker-type-layers-scratch/groundtruth/out/cjs.js.out.txt
identical	layers	checker-type-layers-scratch/groundtruth/out/cjs2.js.out.txt
identical	layers	checker-type-layers-scratch/groundtruth/out/infer.ts.out.txt
identical	layers	checker-type-layers-scratch/groundtruth/out/min.ts.out.txt
identical	layers	checker-type-layers-scratch/groundtruth/out/rich.ts.out.txt
identical	layers	checker-type-layers-scratch/groundtruth/out/zero.ts.out.txt
skipped: function list of a coverage run (cover build, go tool covdata func)	layers	checker-type-layers-scratch/groundtruth/out/k4.entered.txt
skipped: function list of a coverage run (cover build, go tool covdata func)	layers	checker-type-layers-scratch/groundtruth/out/rich.entered.txt
identical	rel	checker-relations-and-inference/groundtruth/out/discrim.out.txt
identical	rel	checker-relations-and-inference/groundtruth/out/discrim.trace.txt.gz
identical	rel	checker-relations-and-inference/groundtruth/out/elab.out.txt
identical	rel	checker-relations-and-inference/groundtruth/out/elab.trace.txt.gz
identical	rel	checker-relations-and-inference/groundtruth/out/enumrel.out.txt
identical	rel	checker-relations-and-inference/groundtruth/out/enumrel.trace.txt.gz
identical	rel	checker-relations-and-inference/groundtruth/out/idcmp.out.txt
identical	rel	checker-relations-and-inference/groundtruth/out/idcmp.trace.txt.gz
identical	rel	checker-relations-and-inference/groundtruth/out/infer.out.txt
identical	rel	checker-relations-and-inference/groundtruth/out/infer.trace.txt.gz
identical	rel	checker-relations-and-inference/groundtruth/out/min.out.txt
identical	rel	checker-relations-and-inference/groundtruth/out/min.trace.txt.gz
identical	rel	checker-relations-and-inference/groundtruth/out/misc.out.txt
identical	rel	checker-relations-and-inference/groundtruth/out/misc.trace.txt.gz
identical	rel	checker-relations-and-inference/groundtruth/out/more.out.txt
identical	rel	checker-relations-and-inference/groundtruth/out/more.trace.txt.gz
identical	rel	checker-relations-and-inference/groundtruth/out/recursive.out.txt
identical	rel	checker-relations-and-inference/groundtruth/out/recursive.trace.txt.gz
identical	rel	checker-relations-and-inference/groundtruth/out/sig.out.txt
identical	rel	checker-relations-and-inference/groundtruth/out/sig.trace.txt.gz
identical	rel	checker-relations-and-inference/groundtruth/out/tuple.out.txt
identical	rel	checker-relations-and-inference/groundtruth/out/tuple.trace.txt.gz
identical	rel	checker-relations-and-inference/groundtruth/out/variance.out.txt
identical	rel	checker-relations-and-inference/groundtruth/out/variance.trace.txt.gz
identical	rel	checker-relations-and-inference/top-down/probe/min.out.txt
identical	rel	checker-relations-and-inference/top-down/probe/rel2.out.txt
identical	rel	checker-relations-and-inference/top-down/probe/chain.out.txt
skipped: condensed by hand from a rel-all trace, the condenser was not stored	rel	checker-relations-and-inference/groundtruth/out/k4.relation-tree.txt
identical	ecf	checker-expressions-calls-flow/bottom-up/groundtruth/out/access.out.txt
identical	ecf	checker-expressions-calls-flow/bottom-up/groundtruth/out/calls.out.txt
identical	ecf	checker-expressions-calls-flow/bottom-up/groundtruth/out/ctx.out.txt
identical	ecf	checker-expressions-calls-flow/bottom-up/groundtruth/out/deepbin.out.txt
identical	ecf	checker-expressions-calls-flow/bottom-up/groundtruth/out/deepor.out.txt
identical	ecf	checker-expressions-calls-flow/bottom-up/groundtruth/out/edge1999.out.txt
identical	ecf	checker-expressions-calls-flow/bottom-up/groundtruth/out/edge2000.out.txt
identical	ecf	checker-expressions-calls-flow/bottom-up/groundtruth/out/flow.out.txt
identical	ecf	checker-expressions-calls-flow/bottom-up/groundtruth/out/func.out.txt
identical	ecf	checker-expressions-calls-flow/bottom-up/groundtruth/out/literal.out.txt
identical	ecf	checker-expressions-calls-flow/bottom-up/groundtruth/out/min.out.txt
identical	ecf	checker-expressions-calls-flow/bottom-up/groundtruth/out/more.out.txt
identical	ecf	checker-expressions-calls-flow/bottom-up/groundtruth/out/oper.out.txt
identical	ecf	checker-expressions-calls-flow/bottom-up/groundtruth/out/postsuper.out.txt
identical	ecf	checker-expressions-calls-flow/bottom-up/groundtruth/out/reach.out.txt
identical	ecf	checker-expressions-calls-flow/bottom-up/groundtruth/out/toolarge.out.txt
identical	ecf	checker-expressions-calls-flow/top-down/groundtruth/out/calls1.out.txt
identical	ecf	checker-expressions-calls-flow/top-down/groundtruth/out/flow1.out.txt
identical	ecf	checker-expressions-calls-flow/top-down/groundtruth/out/flow1.unreachable-error.out.txt
identical	ecf	checker-expressions-calls-flow/top-down/groundtruth/out/min.default-libs.out.txt
identical	ecf	checker-expressions-calls-flow/top-down/groundtruth/out/min.es5-only.out.txt
identical	ecf	checker-expressions-calls-flow/top-down/groundtruth/out/unreach1.out.txt
identical	ecf	checker-expressions-calls-flow/top-down/groundtruth/out/unreach1.unreachable-error.out.txt
skipped: block list of a coverage run (cover build)	ecf	checker-expressions-calls-flow/top-down/groundtruth/out/calls1.blocks.tsv
skipped: block list of a coverage run (cover build)	ecf	checker-expressions-calls-flow/top-down/groundtruth/out/flow1.blocks.tsv
skipped: block list of a coverage run (cover build)	ecf	checker-expressions-calls-flow/top-down/groundtruth/out/unreach1.blocks.tsv
identical	decl	checker-declarations-grammar-jsx/bottom-up/groundtruth/out/ambient.out.txt
identical	decl	checker-declarations-grammar-jsx/bottom-up/groundtruth/out/cls.out.txt
identical	decl	checker-declarations-grammar-jsx/bottom-up/groundtruth/out/deco_es.out.txt
identical	decl	checker-declarations-grammar-jsx/bottom-up/groundtruth/out/deco_legacy.out.txt
identical	decl	checker-declarations-grammar-jsx/bottom-up/groundtruth/out/gate.out.txt
identical	decl	checker-declarations-grammar-jsx/bottom-up/groundtruth/out/gate_parse.out.txt
identical	decl	checker-declarations-grammar-jsx/bottom-up/groundtruth/out/grammar_lines.out.txt
identical	decl	checker-declarations-grammar-jsx/bottom-up/groundtruth/out/helpers.out.txt
identical	decl	checker-declarations-grammar-jsx/bottom-up/groundtruth/out/helpers_missing.out.txt
identical	decl	checker-declarations-grammar-jsx/bottom-up/groundtruth/out/iter.out.txt
identical	decl	checker-declarations-grammar-jsx/bottom-up/groundtruth/out/jsdecl.out.txt
identical	decl	checker-declarations-grammar-jsx/bottom-up/groundtruth/out/jsdoc_js.out.txt
identical	decl	checker-declarations-grammar-jsx/bottom-up/groundtruth/out/jsdoc_ts.out.txt
identical	decl	checker-declarations-grammar-jsx/bottom-up/groundtruth/out/jsx2.out.txt
identical	decl	checker-declarations-grammar-jsx/bottom-up/groundtruth/out/jsx_auto.out.txt
identical	decl	checker-declarations-grammar-jsx/bottom-up/groundtruth/out/jsx_badfactory.out.txt
identical	decl	checker-declarations-grammar-jsx/bottom-up/groundtruth/out/jsx_factory.out.txt
identical	decl	checker-declarations-grammar-jsx/bottom-up/groundtruth/out/jsx_none.out.txt
identical	decl	checker-declarations-grammar-jsx/bottom-up/groundtruth/out/jsx_react.out.txt
identical	decl	checker-declarations-grammar-jsx/bottom-up/groundtruth/out/meta.out.txt
identical	decl	checker-declarations-grammar-jsx/bottom-up/groundtruth/out/min.out.txt
identical	decl	checker-declarations-grammar-jsx/bottom-up/groundtruth/out/mod.out.txt
identical	decl	checker-declarations-grammar-jsx/bottom-up/groundtruth/out/regex.out.txt
identical	decl	checker-declarations-grammar-jsx/bottom-up/groundtruth/out/regex_es5.out.txt
identical	decl	checker-declarations-grammar-jsx/bottom-up/groundtruth/out/stmts.out.txt
identical	decl	checker-declarations-grammar-jsx/bottom-up/groundtruth/out/tla.out.txt
identical	decl	checker-declarations-grammar-jsx/bottom-up/groundtruth/out/typenodes.out.txt
identical	decl	checker-declarations-grammar-jsx/bottom-up/groundtruth/out/unreach.out.txt
identical	decl	checker-declarations-grammar-jsx/bottom-up/groundtruth/out/unreach_allow.out.txt
identical	decl	checker-declarations-grammar-jsx/bottom-up/groundtruth/out/unreach_err.out.txt
identical	decl	checker-declarations-grammar-jsx/bottom-up/groundtruth/out/unused.out.txt
identical	decl	checker-declarations-grammar-jsx/bottom-up/groundtruth/out/unused_off.out.txt
identical	decl	checker-declarations-grammar-jsx/top-down/probes/expando.out.txt
identical	decl	checker-declarations-grammar-jsx/top-down/probes/tsjsdoc.out.txt
identical	decl	checker-declarations-grammar-jsx/top-down/probes/tlamod.out.txt
identical	decl	checker-declarations-grammar-jsx/top-down/probes/tlamod2.out.txt
identical	decl	checker-declarations-grammar-jsx/top-down/probes/pien.out.txt
identical	printer	checker-type-printer/bottom-up/groundtruth/out/decls.ts.strings.notrunc.tsv
identical	printer	checker-type-printer/bottom-up/groundtruth/out/decls.ts.strings.tsv
identical	printer	checker-type-printer/bottom-up/groundtruth/out/esc.ts.strings.notrunc.tsv
identical	printer	checker-type-printer/bottom-up/groundtruth/out/esc.ts.strings.tsv
identical	printer	checker-type-printer/top-down/probes/min.out.txt
identical	printer	checker-type-printer/top-down/probes/objlit.out.txt
identical	printer	checker-type-printer/top-down/probes/sigs.out.txt
identical	printer	checker-type-printer/top-down/probes/stage_more.out.txt
identical	printer	checker-type-printer/top-down/probes/stage_scope.out.txt
identical	printer	checker-type-printer/top-down/probes/stage_syms.out.txt
identical	printer	checker-type-printer/top-down/probes/stage_types.out.txt
identical	printer	checker-type-printer/top-down/probes/trunc1.out.txt
identical	printer	checker-type-printer/top-down/probes/trunc2.out.txt
identical	printer	checker-type-printer/top-down/probes/utf8cut_a.out.txt
identical	printer	checker-type-printer/top-down/probes/utf8cut_b.out.txt
skipped: function list of a coverage run (cover build)	printer	checker-type-printer/top-down/probes/min.fns.txt
skipped: function list of a coverage run (cover build)	printer	checker-type-printer/top-down/probes/objlit.fns.txt
skipped: function list of a coverage run (cover build)	printer	checker-type-printer/top-down/probes/sigs.fns.txt
skipped: function list of a coverage run (cover build)	printer	checker-type-printer/top-down/probes/stage_more.fns.txt
skipped: function list of a coverage run (cover build)	printer	checker-type-printer/top-down/probes/stage_scope.fns.txt
skipped: function list of a coverage run (cover build)	printer	checker-type-printer/top-down/probes/stage_syms.fns.txt
skipped: function list of a coverage run (cover build)	printer	checker-type-printer/top-down/probes/stage_types.fns.txt
skipped: function list of a coverage run (cover build)	printer	checker-type-printer/top-down/probes/trunc1.fns.txt
skipped: function list of a coverage run (cover build)	printer	checker-type-printer/top-down/probes/trunc2.fns.txt
skipped: function list of a coverage run (cover build)	printer	checker-type-printer/top-down/probes/utf8cut_a.fns.txt
skipped: function list of a coverage run (cover build)	printer	checker-type-printer/top-down/probes/utf8cut_b.fns.txt
identical	printer	checker-type-printer/bottom-up/data/printer-roundtrip.tsv.gz
identical	printer	checker-type-printer/bottom-up/data/typestrings.tsv.gz
identical	printer	checker-type-printer/bottom-up/data/typestrings.notrunc.tsv.gz
identical	printer	checker-type-printer/top-down/data/roundtrip-texts.txt.gz
identical	printer	checker-type-printer/top-down/data/roundtrip-diff.tsv
identical	printer	checker-type-printer/top-down/data/roundtrip-noparse.txt
identical	e2e	end-to-end-k4-k5/vectors/program-order/lib-es2015+dom.txt
identical	e2e	end-to-end-k4-k5/vectors/program-order/lib-es2015.promise+es5.txt
identical	e2e	end-to-end-k4-k5/vectors/program-order/lib-es2020+dom+dom.iterable.txt
identical	e2e	end-to-end-k4-k5/vectors/program-order/lib-es5.txt
identical	e2e	end-to-end-k4-k5/vectors/program-order/lib-es6.txt
identical	e2e	end-to-end-k4-k5/vectors/program-order/lib-esnext+dom+dom.iterable+dom.asynciterable+webworker.importscripts+scripthost.txt
identical	e2e	end-to-end-k4-k5/vectors/program-order/lib-esnext.txt
identical	e2e	end-to-end-k4-k5/vectors/program-order/lib-webworker+es2017.txt
identical	e2e	end-to-end-k4-k5/vectors/program-order/target-default.txt
identical	e2e	end-to-end-k4-k5/vectors/program-order/target-es2015.txt
identical	e2e	end-to-end-k4-k5/vectors/program-order/target-es2016.txt
identical	e2e	end-to-end-k4-k5/vectors/program-order/target-es2017.txt
identical	e2e	end-to-end-k4-k5/vectors/program-order/target-es2018.txt
identical	e2e	end-to-end-k4-k5/vectors/program-order/target-es2019.txt
identical	e2e	end-to-end-k4-k5/vectors/program-order/target-es2020.txt
identical	e2e	end-to-end-k4-k5/vectors/program-order/target-es2021.txt
identical	e2e	end-to-end-k4-k5/vectors/program-order/target-es2022.txt
identical	e2e	end-to-end-k4-k5/vectors/program-order/target-es2023.txt
identical	e2e	end-to-end-k4-k5/vectors/program-order/target-es2024.txt
identical	e2e	end-to-end-k4-k5/vectors/program-order/target-es2025.txt
identical	e2e	end-to-end-k4-k5/vectors/program-order/target-esnext.txt
identical	e2e	K4 line of goals/typecheck.md through the real command line
identical (the run directory replaced)	e2e	end-to-end-k4-k5/vectors/verify-compiler-options.txt
identical	diagfmt	diagnostics-groundtruth/golden/go.out.gz
identical	diagfmt	diagnostics-groundtruth/golden/go-external.out.gz
identical	diagfmt	diagnostics-groundtruth/golden/go-keys.out.gz
identical	types	oracle-toolchain-and-goldens/top-down/golden/types/init.nolib.types.txt
identical	types	oracle-toolchain-and-goldens/top-down/golden/types/init.nolib.nostrict.types.txt
identical	types	oracle-toolchain-and-goldens/top-down/golden/types/init.nolib.exact.types.txt
identical	types	oracle-toolchain-and-goldens/top-down/golden/types/init.es5.types.txt
identical	types	oracle-toolchain-and-goldens/top-down/golden/types/merge.es5.types.txt
identical	types	oracle-toolchain-and-goldens/top-down/golden/types/alias.typeof.types.txt
identical	types	oracle-toolchain-and-goldens/top-down/golden/types/decl.declared.types.txt
identical	types	oracle-toolchain-and-goldens/top-down/golden/types/decl.typenodes.types.txt
identical	types	oracle-toolchain-and-goldens/top-down/golden/types/decl.members.types.txt
identical	types	oracle-toolchain-and-goldens/top-down/golden/types/decl.typeof.types.txt
identical	types	oracle-toolchain-and-goldens/top-down/golden/types/decl.relate.types.txt
identical	types	oracle-toolchain-and-goldens/top-down/golden/types/decl.check.types.txt
identical	types	oracle-toolchain-and-goldens/top-down/golden/types/rich.declared.types.txt
identical	types	oracle-toolchain-and-goldens/top-down/golden/types/rich.check.types.txt
identical	types	oracle-toolchain-and-goldens/top-down/golden/types/zero.check.types.txt
identical	types	oracle-toolchain-and-goldens/top-down/golden/types/infer.check.types.txt
identical	types	oracle-toolchain-and-goldens/top-down/golden/types/min.check.types.txt
identical	types	oracle-toolchain-and-goldens/top-down/golden/types/rel.tuple.check.types.txt
identical	types	oracle-toolchain-and-goldens/top-down/golden/types/rel.enumrel.check.types.txt
identical	types	oracle-toolchain-and-goldens/top-down/golden/types/rel.idcmp.check.types.txt
identical	types	oracle-toolchain-and-goldens/top-down/golden/types/ecf.literal.check.types.txt
identical	types	oracle-toolchain-and-goldens/top-down/golden/types/ecf.oper.check.types.txt
identical	types	oracle-toolchain-and-goldens/top-down/golden/types/ecf.flow.check.types.txt
identical	digests	ts-dump-and-test-importer/top-down/golden/libs.tsgo-digests.tsv
differs (31 of 16211 rows: the stored table was made before the probe printed the related information of a parse diagnostic; those lines are the whole difference of the 31 trees)	digests	ts-dump-and-test-importer/top-down/golden/cases.tsgo-digests.tsv.gz
identical as a set of 12797 lines (run of 12 min 20 s at GOMAXPROCS=4, every test of the reference passed)	manifest	drivers-k4-k5/top-down/data/manifest.with-opts.jsonl.gz
identical as a set of 264 functions (oracle-cover k4 on min.ts, go tool covdata func)	cover	checker-type-layers-scratch/groundtruth/out/k4.entered.txt
