init	jsdoc.go:13	3		
parseJSDocForNode	jsdoc.go:19	19	GetJSDocCommentRanges,getParser,initializeState,parseJSDocComment,putParser	factory
withJSDoc	jsdoc.go:56	50	GetJSDocCommentRanges,isJavaScript,parseJSDocComment,reparseTags	factory,hasDeprecatedTag,jsdocCommentRangesSpace,jsdocInfos,nodeSliceArena,sourceText
parseJSDocTypeExpression	jsdoc.go:107	18	finishNode,nodePos,parseExpected,parseExpectedJSDoc,parseJSDocType,parseOptional,setContextFlags	contextFlags,factory
parseJSDocNameReference	jsdoc.go:126	11	finishNode,nextTokenJSDoc,nodePos,parseExpectedJSDoc,parseJSDocLinkName,parseOptional	factory,scanner
parseJSDocComment	jsdoc.go:139	49	isJSDocLikeText,parseJSDocCommentWorker,setContextFlags	contextFlags,diagnostics,hasParseError,jsdocDiagnostics,parsingContexts,scanner,sourceText,statementHasAwaitIdentifier,token
parseJSDocCommentWorker	jsdoc.go:193	186	finishNodeWithEnd,newNodeList,nextJSDocCommentTextToken,nextTokenJSDoc,nodePos,parseJSDocLink,parseOptionalJsdoc,parseTag,removeLeadingNewlines,removeTrailingWhitespace	factory,jsdocCommentsSpace,nodeSliceArena,scanner,stringSliceArena,token
removeLeadingNewlines	jsdoc.go:380	7		
trimEnd	jsdoc.go:388	3		
removeTrailingWhitespace	jsdoc.go:392	13	trimEnd	
isNextNonwhitespaceTokenEndOfFile	jsdoc.go:406	12	nextTokenJSDoc	token
skipWhitespace	jsdoc.go:419	11	isNextNonwhitespaceTokenEndOfFile,lookAhead,nextTokenJSDoc	token
skipWhitespaceOrAsterisk	jsdoc.go:431	28	isNextNonwhitespaceTokenEndOfFile,lookAhead,nextTokenJSDoc	scanner,token
parseTag	jsdoc.go:460	73	nextTokenJSDoc,parseAugmentsTag,parseCallbackTag,parseImplementsTag,parseImportTag,parseJSDocIdentifierName,parseOverloadTag,parseParameterOrPropertyTag,parseReturnTag,parseSatisfiesTag,parseSeeTag,parseSimpleTag,parseTemplateTag,parseThisTag,parseThrowsTag,parseTypeTag,parseTypedefTag,parseUnknownTag,skipWhitespaceOrAsterisk	factory,hasDeprecatedTag,scanner,token
parseTrailingTagComments	jsdoc.go:534	11	parseTagComments	
parseTagComments	jsdoc.go:546	167	finishNode,finishNodeWithEnd,newNodeList,nextJSDocCommentTextToken,nextTokenJSDoc,nodePos,parseJSDocLink,removeLeadingNewlines,removeTrailingWhitespace	factory,jsdocTagCommentsPartsSpace,jsdocTagCommentsSpace,nodeSliceArena,scanner,stringSliceArena,token
parseJSDocLink	jsdoc.go:714	27	finishNodeWithEnd,mark,nextTokenJSDoc,parseJSDocLinkName,parseJSDocLinkPrefix,rewind,skipWhitespace	factory,scanner,token
parseJSDocLinkName	jsdoc.go:742	22	createMissingIdentifier,finishNode,nextTokenJSDoc,nodePos,parseIdentifier,parseIdentifierName,parseOptional,tokenIsIdentifierOrKeyword	factory,scanner,token
parseJSDocLinkPrefix	jsdoc.go:765	10	isJSDocLinkTag,nextTokenJSDoc,skipWhitespaceOrAsterisk,tokenIsIdentifierOrKeyword	scanner,token
isJSDocLinkTag	jsdoc.go:776	3		
parseUnknownTag	jsdoc.go:780	3	finishNode,nodePos,parseTrailingTagComments	factory
tryParseTypeExpression	jsdoc.go:784	8	parseJSDocTypeExpression,skipWhitespaceOrAsterisk	token
parseBracketNameInPropertyAndParamTag	jsdoc.go:793	24	parseExpected,parseExpectedTokenJSDoc,parseExpression,parseJSDocEntityName,parseOptionalJsdoc,parseOptionalToken,skipWhitespace	
isObjectOrObjectArrayTypeReference	jsdoc.go:818	14	isObjectOrObjectArrayTypeReference	
parseParameterOrPropertyTag	jsdoc.go:833	24	finishNode,lookAhead,nodePos,parseBracketNameInPropertyAndParamTag,parseJSDocLinkPrefix,parseNestedTypeLiteral,parseTrailingTagComments,skipWhitespaceOrAsterisk,tryParseTypeExpression	factory
parseNestedTypeLiteral	jsdoc.go:858	25	finishNode,isObjectOrObjectArrayTypeReference,mark,nodePos,parseChildParameterOrPropertyTag,parseErrorAtRange,rewind	factory
parseReturnTag	jsdoc.go:884	8	finishNode,nodePos,parseErrorAt,parseTrailingTagComments,tryParseTypeExpression	factory,scanner
parseTypeTag	jsdoc.go:894	12	finishNode,nodePos,parseErrorAt,parseJSDocTypeExpression,parseTrailingTagComments	factory,scanner
parseSeeTag	jsdoc.go:907	10	finishNode,isIdentifier,lookAhead,nextTokenIsIdentifierOrKeyword,nodePos,parseJSDocNameReference,parseTrailingTagComments	factory,scanner,sourceText,token
parseImplementsTag	jsdoc.go:918	4	finishNode,nodePos,parseExpressionWithTypeArgumentsForAugments,parseTrailingTagComments	factory
parseAugmentsTag	jsdoc.go:923	4	finishNode,nodePos,parseExpressionWithTypeArgumentsForAugments,parseTrailingTagComments	factory
parseSatisfiesTag	jsdoc.go:928	5	finishNode,nodePos,parseJSDocTypeExpression,parseTrailingTagComments	factory
parseThrowsTag	jsdoc.go:934	5	finishNode,nodePos,parseTrailingTagComments,tryParseTypeExpression	factory
parseImportTag	jsdoc.go:940	15	finishNode,isIdentifier,nodePos,parseIdentifier,parseModuleSpecifier,parseTrailingTagComments,tryParseImportAttributes,tryParseImportClause	factory,scanner
parseExpressionWithTypeArgumentsForAugments	jsdoc.go:956	14	finishNode,nodePos,parseExpected,parseOptional,parsePropertyAccessEntityNameExpression,parseTypeArguments,skipWhitespace	factory,scanner
parsePropertyAccessEntityNameExpression	jsdoc.go:971	9	finishNode,nodePos,parseJSDocIdentifierName,parseOptional	factory
parseSimpleTag	jsdoc.go:981	3	finishNode,nodePos,parseTrailingTagComments	
parseThisTag	jsdoc.go:985	6	finishNode,nodePos,parseJSDocTypeExpression,parseTrailingTagComments,skipWhitespace	factory
parseJSDocTypeNameWithNamespace	jsdoc.go:992	24	finishNode,parseJSDocIdentifierName,parseJSDocTypeNameWithNamespace,parseOptionalJsdoc,tokenIsIdentifierOrKeyword	factory,scanner,token
parseTypedefTag	jsdoc.go:1017	83	finishNode,finishNodeWithEnd,isObjectOrObjectArrayTypeReference,mark,nodePos,parseChildPropertyTag,parseErrorAtCurrentToken,parseErrorAtRange,parseJSDocIdentifierName,parseJSDocTypeNameWithNamespace,parseTagComments,parseTrailingTagComments,rewind,skipWhitespace,skipWhitespaceOrAsterisk,tryParseTypeExpression	factory
parseCallbackTagParameters	jsdoc.go:1101	19	mark,newNodeList,nodePos,parseChildParameterOrPropertyTag,parseErrorAtRange,rewind	
parseJSDocSignature	jsdoc.go:1121	15	finishNode,mark,parseCallbackTagParameters,parseOptionalJsdoc,parseTag,rewind	factory
parseCallbackTag	jsdoc.go:1137	19	finishNodeWithEnd,nodePos,parseJSDocIdentifierName,parseJSDocSignature,parseJSDocTypeNameWithNamespace,parseTagComments,parseTrailingTagComments,skipWhitespace	factory
parseOverloadTag	jsdoc.go:1157	15	finishNodeWithEnd,nodePos,parseJSDocSignature,parseTagComments,parseTrailingTagComments,skipWhitespace	factory
textsEqual	jsdoc.go:1173	11		
parseChildPropertyTag	jsdoc.go:1185	3	parseChildParameterOrPropertyTag	
parseChildParameterOrPropertyTag	jsdoc.go:1189	31	nextTokenJSDoc,textsEqual,tryParseChildTag	scanner
tryParseChildTag	jsdoc.go:1221	31	nextTokenJSDoc,parseJSDocIdentifierName,parseParameterOrPropertyTag,parseTemplateTag,parseThisTag,parseTypeTag,skipWhitespaceOrAsterisk	scanner,token
parseTemplateTagTypeParameter	jsdoc.go:1253	25	finishNode,nodePos,parseExpected,parseJSDocIdentifierName,parseJSDocType,parseModifiersEx,parseOptionalJsdoc,setContextFlags,skipWhitespace	contextFlags,factory
parseTemplateTagTypeParameters	jsdoc.go:1279	12	parseOptionalJsdoc,parseTemplateTagTypeParameter,skipWhitespace,skipWhitespaceOrAsterisk	
parseTemplateTag	jsdoc.go:1292	20	finishNode,nodePos,parseJSDocTypeExpression,parseTemplateTagTypeParameters,parseTrailingTagComments	factory,token
parseOptionalJsdoc	jsdoc.go:1313	7	nextTokenJSDoc	token
parseJSDocEntityName	jsdoc.go:1321	18	finishNode,parseExpected,parseJSDocIdentifierName,parseOptional	factory
parseJSDocIdentifierName	jsdoc.go:1340	15	finishNode,finishNodeWithEnd,isReservedWord,newIdentifier,nextTokenJSDoc,nodePos,parseErrorAtCurrentToken,tokenIsIdentifierOrKeyword	scanner,token
newParser	parser.go:104	5	initializeClosures	
isMissingNodeList	parser.go:116	3		
getParser	parser.go:126	3		
putParser	parser.go:130	4		scanner,setParentFromContext
ParseSourceFile	parser.go:135	10	getParser,initializeState,nextToken,parseJSONText,parseSourceFileWorker,putParser	scriptKind
initializeClosures	parser.go:146	6		currentParent,setParentFromContext
isJavaScript	parser.go:153	3		scriptKind
parseJSONText	parser.go:157	69	finishNode,finishSourceFile,lookAhead,newNodeList,nextToken,nodePos,parseArrayLiteralExpression,parseErrorAtCurrentToken,parseExpectedToken,parseLiteralExpression,parseObjectLiteralExpression,parsePrefixUnaryExpression,parseTokenNode,validateJsonValue	factory,opts,sourceText,token
getErrorSpanForNode	parser.go:227	7		
validateJsonValue	parser.go:235	28	getErrorSpanForNode,isDoubleQuotedString,validateJsonObjectLiteral,validateJsonValue	diagnostics,sourceText
isDoubleQuotedString	parser.go:264	3		
validateJsonObjectLiteral	parser.go:269	12	getErrorSpanForNode,isDoubleQuotedString,validateJsonValue	diagnostics,sourceText
ParseIsolatedEntityName	parser.go:282	8	getParser,initializeState,nextToken,parseEntityName,putParser	diagnostics,token
initializeState	parser.go:291	26	getLanguageVariant,scanError	contextFlags,languageVariant,opts,scanner,scriptKind,sourceText
scanError	parser.go:318	3	parseErrorAtRange	
parseErrorAt	parser.go:322	3	parseErrorAtRange	
parseErrorAtCurrentToken	parser.go:326	3	parseErrorAtRange	scanner
parseErrorAtRange	parser.go:330	10		diagnostics,hasParseError
mark	parser.go:352	12		contextFlags,diagnostics,hasParseError,jsDiagnostics,jsdocInfos,reparsedClones,scanner,statementHasAwaitIdentifier
rewind	parser.go:365	11		contextFlags,diagnostics,hasParseError,jsDiagnostics,jsdocInfos,reparsedClones,scanner,statementHasAwaitIdentifier,token
lookAhead	parser.go:377	6	mark,rewind	
nextToken	parser.go:384	9	parseErrorAtCurrentToken	scanner,token
nextTokenWithoutCheck	parser.go:394	4		scanner,token
nextTokenJSDoc	parser.go:399	4		scanner,token
nextJSDocCommentTextToken	parser.go:404	4		scanner,token
nodePos	parser.go:409	3		scanner
hasPrecedingLineBreak	parser.go:413	3		scanner
jsdocScannerInfo	parser.go:417	13		scanner
parseSourceFileWorker	parser.go:431	34	attachFileToDiagnostics,collectExternalModuleReferences,finishNode,finishSourceFile,jsdocScannerInfo,newNodeList,nodePos,parseListIndex,parseTokenNode,parseToplevelStatement,reparseTopLevelAwait,withJSDoc	contextFlags,factory,jsDiagnostics,opts,possibleAwaitSpans,reparseList,sourceText
finishSourceFile	parser.go:466	22	attachFileToDiagnostics,createJSDocCache,getCommentPragmas,isJavaScript,processPragmasIntoFields	diagnostics,factory,identifierCount,jsdocDiagnostics,languageVariant,opts,reparsedClones,scanner,scriptKind,sourceFlags,sourceText
createJSDocCache	parser.go:489	10		jsdocInfos
parseToplevelStatement	parser.go:500	16	parseStatement	possibleAwaitSpans,reparseList,statementHasAwaitIdentifier
reparseTopLevelAwait	parser.go:517	95	mark,newNodeList,nextToken,parseStatement,rewind	contextFlags,diagnostics,factory,possibleAwaitSpans,scanner,sourceText,token
parseListIndex	parser.go:613	31	abortParsingListOrMoveToNextToken,isListElement,isListTerminator	nodeSliceArena,parsingContexts,reparseList
parseList	parser.go:645	5	newNodeList,nodePos,parseListIndex	
parseDelimitedList	parser.go:652	56	abortParsingListOrMoveToNextToken,hasPrecedingLineBreak,isListElement,isListTerminator,newNodeList,nextToken,nodePos,parseErrorAtCurrentToken,parseExpected,parseOptional	nodeSliceArena,parsingContexts,token
parseBracketedList	parser.go:711	8	createMissingList,parseDelimitedList,parseExpected	
parseEmptyNodeList	parser.go:720	3	newNodeList,nodePos	
createMissingList	parser.go:724	5	parseEmptyNodeList	
abortParsingListOrMoveToNextToken	parser.go:731	8	isInSomeParsingContext,nextToken,parsingContextErrors	
isInSomeParsingContext	parser.go:741	13	isListElement,isListTerminator	parsingContexts
parsingContextErrors	parser.go:755	68	parseErrorAtCurrentToken	token
isListElement	parser.go:824	91	isBindingIdentifierOrPrivateIdentifierOrPattern,isHeritageClause,isHeritageClauseExtendsOrImplementsKeyword,isIdentifier,isImportAttributeName,isLiteralPropertyName,isStartOfExpression,isStartOfLeftHandSideExpression,isStartOfParameter,isStartOfStatement,isStartOfType,isValidHeritageClauseObjectLiteral,lookAhead,nextTokenIsTokenStringLiteral,scanClassMemberStart,scanTypeMemberStart,tokenIsIdentifierOrKeyword	token
isListTerminator	parser.go:916	45	canParseSemicolon,lookAhead,nextTokenIsSlash	token
parseExpectedJSDoc	parser.go:962	11	isKeywordOrPunctuation,nextTokenJSDoc,parseErrorAtCurrentToken	token
parseExpectedMatchingBrackets	parser.go:974	14	nextToken,parseErrorAtCurrentToken	token
parseOptional	parser.go:989	7	nextToken	token
parseExpected	parser.go:997	3	parseExpectedWithDiagnostic	
parseExpectedWithoutAdvancing	parser.go:1001	3	parseExpectedWithDiagnostic	
parseExpectedWithDiagnostic	parser.go:1005	15	nextToken,parseErrorAtCurrentToken	token
parseTokenNode	parser.go:1021	6	finishNode,nextToken,nodePos	factory,token
parseExpectedToken	parser.go:1028	8	finishNode,nodePos,parseErrorAtCurrentToken,parseOptionalToken	factory
parseOptionalToken	parser.go:1037	6	parseTokenNode	token
parseExpectedTokenJSDoc	parser.go:1044	11	finishNode,isKeywordOrPunctuation,nodePos,parseErrorAtCurrentToken,parseOptionalTokenJSDoc	factory
parseOptionalTokenJSDoc	parser.go:1056	6	parseTokenNode	token
parseStatement	parser.go:1063	60	isAwaitUsingDeclaration,isLetDeclaration,isStartOfDeclaration,isUsingDeclaration,jsdocScannerInfo,nodePos,parseBlock,parseBreakStatement,parseClassDeclaration,parseContinueStatement,parseDebuggerStatement,parseDeclaration,parseDoStatement,parseEmptyStatement,parseExpressionOrLabeledStatement,parseForOrForInOrForOfStatement,parseFunctionDeclaration,parseIfStatement,parseReturnStatement,parseSwitchStatement,parseThrowStatement,parseTryStatement,parseVariableStatement,parseWhileStatement,parseWithStatement	token
parseDeclaration	parser.go:1124	26	jsdocScannerInfo,nodePos,parseDeclarationWorker,parseModifiersEx,setContextFlags	contextFlags
parseDeclarationWorker	parser.go:1151	41	finishNode,isAwaitUsingDeclaration,nextToken,nodePos,parseClassDeclaration,parseEnumDeclaration,parseErrorAt,parseExportAssignment,parseExportDeclaration,parseFunctionDeclaration,parseImportDeclarationOrImportEqualsDeclaration,parseInterfaceDeclaration,parseModuleDeclaration,parseNamespaceExportDeclaration,parseTypeAliasDeclaration,parseVariableStatement	factory,token
isDeclareModifier	parser.go:1193	3		
isLetDeclaration	parser.go:1197	5	lookAhead,nextTokenIsBindingIdentifierOrStartOfDestructuring	
nextTokenIsBindingIdentifierOrStartOfDestructuring	parser.go:1203	4	isBindingIdentifier,nextToken	token
parseBlock	parser.go:1208	22	createMissingList,finishNode,hasPrecedingLineBreak,jsdocScannerInfo,nextToken,nodePos,parseErrorAtCurrentToken,parseExpectedMatchingBrackets,parseExpectedWithDiagnostic,parseList,parseStatement,withJSDoc	factory,scanner,token
parseEmptyStatement	parser.go:1231	8	finishNode,jsdocScannerInfo,nodePos,parseExpected,withJSDoc	factory
parseIfStatement	parser.go:1240	17	finishNode,jsdocScannerInfo,nodePos,parseExpected,parseExpectedMatchingBrackets,parseExpressionAllowIn,parseOptional,parseStatement,withJSDoc	factory,scanner
parseDoStatement	parser.go:1258	19	finishNode,jsdocScannerInfo,nodePos,parseExpected,parseExpectedMatchingBrackets,parseExpressionAllowIn,parseOptional,parseStatement,withJSDoc	factory,scanner
parseWhileStatement	parser.go:1278	13	finishNode,jsdocScannerInfo,nodePos,parseExpected,parseExpectedMatchingBrackets,parseExpressionAllowIn,parseStatement,withJSDoc	factory,scanner
parseForOrForInOrForOfStatement	parser.go:1292	45	doInContext,finishNode,jsdocScannerInfo,lookAhead,nextIsUsingKeywordThenBindingIdentifierOrStartOfObjectDestructuringOnSameLine,nextTokenIsBindingIdentifierOrStartOfDestructuringOnSameLineDisallowOf,nodePos,parseAssignmentExpressionOrHigher,parseExpected,parseExpression,parseExpressionAllowIn,parseOptional,parseOptionalToken,parseStatement,parseVariableDeclarationList,withJSDoc	factory,token
parseBreakStatement	parser.go:1338	10	finishNode,jsdocScannerInfo,nodePos,parseExpected,parseIdentifierUnlessAtSemicolon,parseSemicolon,withJSDoc	factory
parseContinueStatement	parser.go:1349	10	finishNode,jsdocScannerInfo,nodePos,parseExpected,parseIdentifierUnlessAtSemicolon,parseSemicolon,withJSDoc	factory
parseIdentifierUnlessAtSemicolon	parser.go:1360	6	canParseSemicolon,parseIdentifier	
parseReturnStatement	parser.go:1367	13	canParseSemicolon,finishNode,jsdocScannerInfo,nodePos,parseExpected,parseExpressionAllowIn,parseSemicolon,withJSDoc	factory
parseWithStatement	parser.go:1381	13	doInContext,finishNode,jsdocScannerInfo,nodePos,parseExpected,parseExpectedMatchingBrackets,parseExpressionAllowIn,parseStatement,withJSDoc	factory,scanner
parseCaseClause	parser.go:1395	11	finishNode,jsdocScannerInfo,nodePos,parseExpected,parseExpressionAllowIn,parseList,parseStatement,withJSDoc	factory
parseDefaultClause	parser.go:1407	10	finishNode,jsdocScannerInfo,nodePos,parseExpected,parseList,parseStatement,withJSDoc	factory
parseCaseOrDefaultClause	parser.go:1418	6	parseCaseClause,parseDefaultClause	token
parseCaseBlock	parser.go:1425	10	finishNode,jsdocScannerInfo,nodePos,parseCaseOrDefaultClause,parseExpected,parseList,withJSDoc	factory
parseSwitchStatement	parser.go:1436	12	finishNode,jsdocScannerInfo,nodePos,parseCaseBlock,parseExpected,parseExpressionAllowIn,withJSDoc	factory
parseThrowStatement	parser.go:1449	24	createMissingIdentifier,finishNode,hasPrecedingLineBreak,jsdocScannerInfo,nodePos,parseErrorForMissingSemicolonAfter,parseExpected,parseExpressionAllowIn,tryParseSemicolon,withJSDoc	factory
parseTryStatement	parser.go:1475	20	finishNode,jsdocScannerInfo,nodePos,parseBlock,parseCatchClause,parseExpected,parseExpectedWithDiagnostic,withJSDoc	factory,token
parseCatchClause	parser.go:1496	12	finishNode,nodePos,parseBlock,parseExpected,parseOptional,parseVariableDeclaration	factory
parseDebuggerStatement	parser.go:1509	9	finishNode,jsdocScannerInfo,nodePos,parseExpected,parseSemicolon,withJSDoc	factory
parseExpressionOrLabeledStatement	parser.go:1519	25	finishNode,jsdocScannerInfo,nodePos,parseErrorForMissingSemicolonAfter,parseExpression,parseOptional,parseStatement,tryParseSemicolon,withJSDoc	factory,token
parseVariableStatement	parser.go:1545	8	checkJSSyntax,finishNode,parseSemicolon,parseVariableDeclarationList,withJSDoc	factory
parseVariableDeclarationList	parser.go:1554	43	createMissingList,finishNode,isAwaitUsingDeclaration,lookAhead,nextIsIdentifierAndCloseParen,nextToken,nodePos,parseDelimitedList,parseVariableDeclaration,parseVariableDeclarationAllowExclamation,setContextFlags	contextFlags,factory,token
nextIsIdentifierAndCloseParen	parser.go:1598	3	nextToken,nextTokenIsIdentifier	
nextTokenIsIdentifier	parser.go:1602	4	isIdentifier,nextToken	
parseVariableDeclaration	parser.go:1607	3	parseVariableDeclarationWorker	
parseVariableDeclarationAllowExclamation	parser.go:1611	3	parseVariableDeclarationWorker	
parseVariableDeclarationWorker	parser.go:1615	18	checkJSSyntax,finishNode,hasPrecedingLineBreak,jsdocScannerInfo,nodePos,parseIdentifierOrPatternWithDiagnostic,parseInitializer,parseTokenNode,parseTypeAnnotation,withJSDoc	factory,token
parseIdentifierOrPattern	parser.go:1634	3	parseIdentifierOrPatternWithDiagnostic	
parseIdentifierOrPatternWithDiagnostic	parser.go:1638	9	parseArrayBindingPattern,parseBindingIdentifierWithDiagnostic,parseObjectBindingPattern	token
parseArrayBindingPattern	parser.go:1648	10	finishNode,nodePos,parseArrayBindingElement,parseDelimitedList,parseExpected,setContextFlags	contextFlags,factory
parseArrayBindingElement	parser.go:1659	13	finishNode,nodePos,parseIdentifierOrPattern,parseInitializer,parseOptionalToken	factory,token
parseObjectBindingPattern	parser.go:1673	10	finishNode,nodePos,parseDelimitedList,parseExpected,parseObjectBindingElement,setContextFlags	contextFlags,factory
parseObjectBindingElement	parser.go:1684	16	finishNode,isBindingIdentifier,nodePos,parseExpected,parseIdentifierOrPattern,parseInitializer,parseOptionalToken,parsePropertyName	factory,token
parseInitializer	parser.go:1701	6	parseAssignmentExpressionOrHigher,parseOptional	
parseTypeAnnotation	parser.go:1708	6	parseOptional,parseType	
parseFunctionDeclaration	parser.go:1715	23	checkJSSyntax,finishNode,isBindingIdentifier,parseBindingIdentifier,parseExpected,parseFunctionBlockOrSemicolon,parseOptionalToken,parseParameters,parseReturnType,parseTypeParameters,setContextFlags,withJSDoc	contextFlags,factory
parseClassDeclaration	parser.go:1739	3	parseClassDeclarationOrExpression	
parseClassExpression	parser.go:1743	3	jsdocScannerInfo,nodePos,parseClassDeclarationOrExpression	
parseClassDeclarationOrExpression	parser.go:1747	49	checkJSSyntax,createMissingList,finishNode,parseClassElement,parseExpected,parseHeritageClauses,parseList,parseNameOfClassDeclarationOrExpression,parseTypeParameters,setContextFlags,withJSDoc	contextFlags,factory,parsingContexts,statementHasAwaitIdentifier
parseNameOfClassDeclarationOrExpression	parser.go:1797	14	createIdentifier,isBindingIdentifier,isImplementsClause	statementHasAwaitIdentifier
isImplementsClause	parser.go:1812	3	lookAhead,nextTokenIsIdentifierOrKeyword	token
isExportModifier	parser.go:1816	3		
isAsyncModifier	parser.go:1820	3		
parseHeritageClauses	parser.go:1824	10	isHeritageClause,parseHeritageClause,parseList	
parseHeritageClause	parser.go:1835	11	checkJSSyntax,finishNode,isTypeHeritageClause,nextToken,nodePos,parseDelimitedList,parseExpressionWithTypeArguments,parseTypeHeritageClauseElement	factory,token
isTypeHeritageClause	parser.go:1847	4		
parseTypeHeritageClauseElement	parser.go:1852	9	convertEntityNameExpressionToEntityName,finishNode,isValidHeritageTypeReferenceExpression,nodePos,parseExpressionWithTypeArguments	factory
isValidHeritageTypeReferenceExpression	parser.go:1862	9	isValidHeritageTypeReferenceExpression	
convertEntityNameExpressionToEntityName	parser.go:1872	11	convertEntityNameExpressionToEntityName,finishNodeWithEnd	factory
parseExpressionWithTypeArguments	parser.go:1884	9	finishNode,nodePos,parseLeftHandSideExpressionOrHigher,parseTypeArguments	factory
parseClassElement	parser.go:1894	54	checkJSSyntax,createMissingIdentifier,finishNode,isIndexSignature,jsdocScannerInfo,lookAhead,nextToken,nextTokenIsOpenBrace,nodePos,parseAccessorDeclaration,parseClassStaticBlockDeclaration,parseContextualModifier,parseErrorAt,parseIndexSignatureDeclaration,parseModifiersEx,parsePropertyDeclaration,parsePropertyOrMethodDeclaration,setContextFlags,tokenIsIdentifierOrKeyword,tryParseConstructorDeclaration,withJSDoc	contextFlags,factory,token
parseClassStaticBlockDeclaration	parser.go:1949	7	finishNode,parseClassStaticBlockBody,parseExpectedToken,withJSDoc	factory
parseClassStaticBlockBody	parser.go:1957	8	parseBlock,setContextFlags	contextFlags
tryParseConstructorDeclaration	parser.go:1966	16	checkJSSyntax,finishNode,lookAhead,mark,nextToken,nextTokenIsOpenParen,parseFunctionBlockOrSemicolon,parseParameters,parseReturnType,parseTypeParameters,rewind,withJSDoc	factory,scanner,token
nextTokenIsOpenParen	parser.go:1983	3	nextToken	
parsePropertyOrMethodDeclaration	parser.go:1987	11	parseMethodDeclaration,parseOptionalToken,parsePropertyDeclaration,parsePropertyName	token
parseMethodDeclaration	parser.go:1999	11	checkJSSyntax,finishNode,modifierListHasAsync,parseFunctionBlockOrSemicolon,parseParameters,parseReturnType,parseTypeParameters,withJSDoc	factory
modifierListHasAsync	parser.go:2011	3		
parsePropertyDeclaration	parser.go:2015	13	checkJSSyntax,doInContext,finishNode,hasPrecedingLineBreak,parseInitializer,parseOptionalToken,parseSemicolonAfterPropertyName,parseTypeAnnotation,withJSDoc	factory
parseSemicolonAfterPropertyName	parser.go:2029	27	canParseSemicolon,hasPrecedingLineBreak,nextToken,parseErrorAtCurrentToken,parseErrorForMissingSemicolonAfter,tryParseSemicolon	token
parseErrorForMissingSemicolonAfter	parser.go:2057	55	getSpaceSuggestion,parseErrorAt,parseErrorAtCurrentToken,parseErrorAtRange,parseErrorForInvalidName,skipRangeTrivia	scanner,sourceText,token
getSpaceSuggestion	parser.go:2113	8		
parseErrorForInvalidName	parser.go:2122	7	parseErrorAtCurrentToken	scanner,token
parseInterfaceDeclaration	parser.go:2130	11	checkJSSyntax,finishNode,parseExpected,parseHeritageClauses,parseIdentifier,parseObjectTypeMembers,parseTypeParameters,withJSDoc	factory
parseTypeAliasDeclaration	parser.go:2142	20	checkJSSyntax,finishNode,hasPrecedingLineBreak,lookAhead,nextIsNotDot,parseErrorAtCurrentToken,parseExpected,parseIdentifier,parseKeywordTypeNode,parseSemicolon,parseType,parseTypeParameters,withJSDoc	factory,token
nextIsNotDot	parser.go:2163	3	nextToken	
parseEnumMember	parser.go:2171	9	doInContext,finishNode,jsdocScannerInfo,nodePos,parseInitializer,parsePropertyName,withJSDoc	factory
parseEnumDeclaration	parser.go:2181	20	checkJSSyntax,createMissingList,finishNode,parseDelimitedList,parseEnumMember,parseExpected,parseIdentifier,setContextFlags,withJSDoc	contextFlags,factory,statementHasAwaitIdentifier
parseModuleDeclaration	parser.go:2202	15	parseAmbientExternalModuleDeclaration,parseExpected,parseModuleOrNamespaceDeclaration,parseOptional	token
parseAmbientExternalModuleDeclaration	parser.go:2218	23	finishNode,parseIdentifier,parseLiteralExpression,parseModuleBlock,parseSemicolon,withJSDoc	factory,statementHasAwaitIdentifier,token
parseModuleBlock	parser.go:2242	11	createMissingList,finishNode,nodePos,parseExpected,parseList,parseStatement	factory
parseModuleOrNamespaceDeclaration	parser.go:2254	24	checkJSSyntax,finishNode,newModifierList,nodePos,parseIdentifier,parseIdentifierName,parseModuleBlock,parseModuleOrNamespaceDeclaration,parseOptional,withJSDoc	factory,nodeSliceArena,statementHasAwaitIdentifier
parseImportDeclarationOrImportEqualsDeclaration	parser.go:2279	48	checkJSSyntax,finishNode,isIdentifier,lookAhead,nextTokenIsFromKeywordOrEqualsToken,nextTokenIsTokenStringLiteral,nodePos,parseExpected,parseIdentifier,parseImportEqualsDeclaration,parseModuleSpecifier,parseSemicolon,tokenAfterImportDefinitelyProducesImportDeclaration,tokenAfterImportedIdentifierDefinitelyProducesImportDeclaration,tryParseImportAttributes,tryParseImportClause,withJSDoc	factory,statementHasAwaitIdentifier,token
nextTokenIsFromKeywordOrEqualsToken	parser.go:2328	4	nextToken	token
tokenAfterImportDefinitelyProducesImportDeclaration	parser.go:2333	3		token
tokenAfterImportedIdentifierDefinitelyProducesImportDeclaration	parser.go:2337	5		token
parseImportEqualsDeclaration	parser.go:2343	8	finishNode,parseExpected,parseModuleReference,parseSemicolon,withJSDoc	factory
parseModuleReference	parser.go:2352	6	lookAhead,nextTokenIsOpenParen,parseEntityName,parseExternalModuleReference	token
parseExternalModuleReference	parser.go:2359	11	finishNode,nodePos,parseExpected,parseModuleSpecifier	factory,statementHasAwaitIdentifier
parseModuleSpecifier	parser.go:2371	9	parseExpression,parseLiteralExpression	token
tryParseImportClause	parser.go:2381	11	parseExpected,parseImportClause	token
parseImportClause	parser.go:2393	28	finishNode,parseNamedImports,parseNamespaceImport,parseOptional	factory,scanner,statementHasAwaitIdentifier,token
parseNamespaceImport	parser.go:2422	9	finishNode,nodePos,parseExpected,parseIdentifier	factory
parseNamedImports	parser.go:2432	9	finishNode,nodePos,parseBracketedList,parseImportSpecifier	factory
parseImportSpecifier	parser.go:2442	14	checkJSSyntax,finishNode,newIdentifier,nodePos,parseErrorAtRange,parseImportOrExportSpecifier,skipRangeTrivia	factory
parseImportOrExportSpecifier	parser.go:2457	71	canParseModuleExportName,parseErrorAtRange,parseExpected,parseIdentifierName,parseModuleExportName,skipRangeTrivia	token
canParseModuleExportName	parser.go:2529	3	tokenIsIdentifierOrKeyword	token
parseModuleExportName	parser.go:2533	11	isIdentifier,parseIdentifierName,parseLiteralExpression	token
tryParseImportAttributes	parser.go:2545	9	hasPrecedingLineBreak,parseErrorAtCurrentToken,parseImportAttributes	token
parseExportAssignment	parser.go:2555	19	checkJSSyntax,finishNode,parseAssignmentExpressionOrHigher,parseExpected,parseOptional,parseSemicolon,setContextFlags,withJSDoc	contextFlags,factory,statementHasAwaitIdentifier
parseNamespaceExportDeclaration	parser.go:2575	12	finishNode,parseExpected,parseIdentifier,parseSemicolon,withJSDoc	factory,statementHasAwaitIdentifier
parseExportDeclaration	parser.go:2588	39	checkJSSyntax,finishNode,hasPrecedingLineBreak,nodePos,parseErrorAtCurrentToken,parseExpected,parseImportAttributes,parseModuleSpecifier,parseNamedExports,parseNamespaceExport,parseOptional,parseSemicolon,setContextFlags,withJSDoc	contextFlags,factory,statementHasAwaitIdentifier,token
parseNamespaceExport	parser.go:2628	4	finishNode,parseModuleExportName	factory
parseNamedExports	parser.go:2633	9	finishNode,nodePos,parseBracketedList,parseExportSpecifier	factory
parseExportSpecifier	parser.go:2643	9	checkJSSyntax,finishNode,jsdocScannerInfo,nodePos,parseImportOrExportSpecifier,withJSDoc	factory
parseType	parser.go:2655	24	doInContext,finishNode,hasPrecedingLineBreak,inDisallowConditionalTypesContext,isStartOfFunctionTypeOrConstructorType,nodePos,parseExpected,parseFunctionOrConstructorType,parseOptional,parseType,parseUnionTypeOrHigher,setContextFlags	contextFlags,factory
parseUnionTypeOrHigher	parser.go:2680	3	parseIntersectionTypeOrHigher,parseUnionOrIntersectionType	
parseIntersectionTypeOrHigher	parser.go:2684	3	parseTypeOperatorOrHigher,parseUnionOrIntersectionType	
parseUnionOrIntersectionType	parser.go:2688	21	createUnionOrIntersectionTypeNode,finishNode,newNodeList,nodePos,parseFunctionOrConstructorTypeToError,parseOptional	nodeSliceArena,token
createUnionOrIntersectionTypeNode	parser.go:2710	10		factory
parseTypeOperatorOrHigher	parser.go:2721	10	doInContext,parseInferType,parsePostfixTypeOrHigher,parseTypeOperator	token
parseTypeOperator	parser.go:2732	5	finishNode,nodePos,parseExpected,parseTypeOperatorOrHigher	factory
parseInferType	parser.go:2738	5	finishNode,nodePos,parseExpected,parseTypeParameterOfInferType	factory
parseTypeParameterOfInferType	parser.go:2744	6	finishNode,nodePos,parseIdentifier,tryParseConstraintOfInferType	factory
tryParseConstraintOfInferType	parser.go:2751	11	doInContext,inDisallowConditionalTypesContext,mark,parseOptional,parseType,rewind	token
parsePostfixTypeOrHigher	parser.go:2763	31	finishNode,hasPrecedingLineBreak,isStartOfType,lookAhead,nextIsStartOfType,nextToken,nodePos,parseExpected,parseNonArrayType,parseType	factory,token
nextIsStartOfType	parser.go:2795	4	isStartOfType,nextToken	
parseNonArrayType	parser.go:2800	69	hasPrecedingLineBreak,lookAhead,mark,nextIsStartOfMappedType,nextIsStartOfTypeOfImportType,nextTokenIsIdentifierOrKeywordOnSameLine,nextTokenIsNumericOrBigIntLiteral,parseAssertsTypePredicate,parseImportType,parseJSDocAllType,parseJSDocNonNullableType,parseJSDocNullableType,parseKeywordTypeNode,parseLiteralTypeNode,parseMappedType,parseParenthesizedType,parseTemplateType,parseThisTypeNode,parseThisTypePredicate,parseTupleType,parseTypeLiteral,parseTypeQuery,parseTypeReference,rewind	scanner,token
parseKeywordTypeNode	parser.go:2870	6	finishNode,nextToken,nodePos	factory,token
parseThisTypeNode	parser.go:2877	5	finishNode,nextToken,nodePos	factory
parseThisTypePredicate	parser.go:2883	4	finishNode,nextToken,parseType	factory
parseJSDocAllType	parser.go:2888	5	finishNode,nextToken,nodePos	factory
parseJSDocNonNullableType	parser.go:2894	5	finishNode,nextToken,nodePos,parseTypeOperatorOrHigher	factory
parseJSDocNullableType	parser.go:2900	6	finishNode,nextToken,nodePos,parseTypeOperatorOrHigher	factory
parseJSDocType	parser.go:2907	16	finishNode,nextToken,nodePos,parseOptional,parseTypeOrTypePredicate	factory,scanner,token
parseLiteralTypeNode	parser.go:2924	16	finishNode,nextToken,nodePos,parseKeywordExpression,parseLiteralExpression	factory,token
parseTypeReference	parser.go:2941	4	finishNode,nodePos,parseEntityNameOfTypeReference,parseTypeArgumentsOfTypeReference	factory
parseEntityNameOfTypeReference	parser.go:2946	3	parseEntityName	
parseEntityName	parser.go:2950	18	finishNode,nodePos,parseIdentifierNameWithDiagnostic,parseIdentifierWithDiagnostic,parseOptional,parseRightSideOfDot	factory,token
parseRightSideOfDot	parser.go:2969	46	createMissingIdentifier,hasPrecedingLineBreak,lookAhead,nextTokenIsIdentifierOrKeywordOnSameLine,nodePos,parseErrorAt,parseIdentifier,parseIdentifierName,parseIdentifierNameErrorOnUnicodeEscapeSequence,parsePrivateIdentifier,tokenIsIdentifierOrKeyword	statementHasAwaitIdentifier,token
newIdentifier	parser.go:3016	8		factory,identifierCount,statementHasAwaitIdentifier
createMissingIdentifier	parser.go:3025	3	finishNode,newIdentifier,nodePos	
parsePrivateIdentifier	parser.go:3029	6	finishNode,nextToken,nodePos	factory,scanner
reScanLessThanToken	parser.go:3036	4		scanner,token
reScanGreaterThanToken	parser.go:3041	4		scanner,token
reScanSlashToken	parser.go:3046	4		scanner,token
reScanTemplateToken	parser.go:3051	4		scanner,token
parseTypeArgumentsOfTypeReference	parser.go:3056	6	hasPrecedingLineBreak,parseTypeArguments,reScanLessThanToken	
parseTypeArguments	parser.go:3063	6	parseBracketedList,parseType	token
nextIsStartOfTypeOfImportType	parser.go:3070	4	nextToken	token
parseImportType	parser.go:3075	41	finishNode,nextToken,nodePos,parseEntityNameOfTypeReference,parseErrorAtCurrentToken,parseExpected,parseImportAttributes,parseOptional,parseType,parseTypeArgumentsOfTypeReference	diagnostics,factory,scanner,sourceFlags,token
parseImportAttribute	parser.go:3117	16	finishNode,nodePos,parseAssignmentExpressionOrHigher,parseErrorAtCurrentToken,parseExpected,parseIdentifierName,parseLiteralExpression,tokenIsIdentifierOrKeyword	factory,token
parseImportAttributes	parser.go:3134	25	finishNode,hasPrecedingLineBreak,nodePos,parseDelimitedList,parseEmptyNodeList,parseExpected,parseImportAttribute	diagnostics,factory,scanner
parseTypeQuery	parser.go:3160	11	finishNode,hasPrecedingLineBreak,nodePos,parseEntityName,parseExpected,parseTypeArguments	factory
nextIsStartOfMappedType	parser.go:3172	10	nextToken,nextTokenIsIdentifier	token
parseMappedType	parser.go:3183	30	finishNode,nodePos,parseExpected,parseList,parseMappedTypeParameter,parseOptional,parseSemicolon,parseTokenNode,parseType,parseTypeAnnotation,parseTypeMember	factory,token
parseMappedTypeParameter	parser.go:3214	7	finishNode,nodePos,parseExpected,parseIdentifierName,parseType	factory
parseTypeMember	parser.go:3222	21	isIndexSignature,jsdocScannerInfo,lookAhead,nextTokenIsOpenParenOrLessThan,nodePos,parseAccessorDeclaration,parseContextualModifier,parseIndexSignatureDeclaration,parseModifiers,parsePropertyOrMethodSignature,parseSignatureMember	token
nextTokenIsOpenParenOrLessThan	parser.go:3244	4	nextToken	token
parseSignatureMember	parser.go:3249	20	finishNode,jsdocScannerInfo,nodePos,parseExpected,parseParameters,parseReturnType,parseTypeMemberSemicolon,parseTypeParameters,withJSDoc	factory
parseTypeParameters	parser.go:3270	6	parseBracketedList,parseTypeParameter	token
parseTypeParameter	parser.go:3277	31	finishNode,isStartOfExpression,isStartOfType,nodePos,parseIdentifier,parseModifiersEx,parseOptional,parseType,parseUnaryExpressionOrHigher	factory
parseParameters	parser.go:3309	21	createMissingList,parseExpected,parseParametersWorker	
parseParametersWorker	parser.go:3331	28	checkJSSyntax,parseDelimitedList,parseParameterEx,setContextFlags	contextFlags
parseParameter	parser.go:3360	3	parseParameterEx	
parseParameterEx	parser.go:3364	40	createIdentifier,finishNode,isParameterNameStart,jsdocScannerInfo,nodePos,parseErrorAtRange,parseInitializer,parseModifiersEx,parseNameOfParameter,parseOptionalToken,parseTypeAnnotation,setContextFlags,withJSDoc	contextFlags,factory,token
isParameterNameStart	parser.go:3405	6	isBindingIdentifier	token
parseNameOfParameter	parser.go:3412	17	nextToken,parseIdentifierOrPatternWithDiagnostic	token
parseReturnType	parser.go:3430	6	doInContext,parseTypeOrTypePredicate,shouldParseReturnType	
shouldParseReturnType	parser.go:3437	14	nextToken,parseErrorAtCurrentToken,parseExpected,parseOptional	token
parseTypeOrTypePredicate	parser.go:3452	13	finishNode,hasPrecedingLineBreak,isIdentifier,mark,nextToken,nodePos,parseIdentifier,parseType,rewind	factory,token
parseTypeMemberSemicolon	parser.go:3466	9	parseOptional,parseSemicolon	
parseAccessorDeclaration	parser.go:3476	19	checkJSSyntax,finishNode,parseFunctionBlockOrSemicolon,parseParameters,parsePropertyName,parseReturnType,parseTypeParameters,withJSDoc	factory
parsePropertyName	parser.go:3496	6	parsePropertyNameWorker	statementHasAwaitIdentifier
parsePropertyNameWorker	parser.go:3503	12	parseComputedPropertyName,parseIdentifierName,parseLiteralExpression,parsePrivateIdentifier	token
parseComputedPropertyName	parser.go:3516	13	finishNode,nodePos,parseExpected,parseExpressionAllowIn	factory
parseFunctionBlockOrSemicolon	parser.go:3530	13	canParseSemicolon,parseFunctionBlock,parseSemicolon,parseTypeMemberSemicolon	token
parseFunctionBlock	parser.go:3544	13	parseBlock,setContextFlags	contextFlags,statementHasAwaitIdentifier
isIndexSignature	parser.go:3558	3	lookAhead,nextIsUnambiguouslyIndexSignature	token
nextIsUnambiguouslyIndexSignature	parser.go:3562	48	isIdentifier,nextToken	token
parseIndexSignatureDeclaration	parser.go:3611	8	finishNode,parseBracketedList,parseParameter,parseTypeAnnotation,parseTypeMemberSemicolon,withJSDoc	factory
parsePropertyOrMethodSignature	parser.go:3620	26	finishNode,parseInitializer,parseOptionalToken,parseParameters,parsePropertyName,parseReturnType,parseTypeAnnotation,parseTypeMemberSemicolon,parseTypeParameters,withJSDoc	factory,token
parseTypeLiteral	parser.go:3647	5	finishNode,nodePos,parseObjectTypeMembers	factory
parseObjectTypeMembers	parser.go:3653	8	createMissingList,parseExpected,parseList,parseTypeMember	
parseTupleType	parser.go:3662	4	finishNode,nodePos,parseBracketedList,parseTupleElementNameOrTupleElementType	factory
parseTupleElementNameOrTupleElementType	parser.go:3667	15	finishNode,jsdocScannerInfo,lookAhead,nodePos,parseExpected,parseIdentifierName,parseOptionalToken,parseTupleElementType,scanStartOfNamedTupleElement,withJSDoc	factory
scanStartOfNamedTupleElement	parser.go:3683	6	nextToken,nextTokenIsColonOrQuestionColon,tokenIsIdentifierOrKeyword	token
nextTokenIsColonOrQuestionColon	parser.go:3690	3	nextToken	token
parseTupleElementType	parser.go:3694	15	finishNode,nodePos,parseOptional,parseType	factory
parseParenthesizedType	parser.go:3710	7	finishNode,nodePos,parseExpected,parseType	factory
parseAssertsTypePredicate	parser.go:3718	15	finishNode,nodePos,parseExpectedToken,parseIdentifier,parseOptional,parseThisTypeNode,parseType	factory,token
parseTemplateType	parser.go:3734	4	finishNode,nodePos,parseTemplateHead,parseTemplateTypeSpans	factory
parseTemplateHead	parser.go:3739	9	finishNode,getTemplateLiteralRawText,nextToken,nodePos,reScanTemplateToken	factory,scanner
getTemplateLiteralRawText	parser.go:3749	7		scanner
parseTemplateTypeSpans	parser.go:3757	12	newNodeList,nodePos,parseTemplateTypeSpan	
parseTemplateTypeSpan	parser.go:3770	4	finishNode,nodePos,parseLiteralOfTemplateSpan,parseType	factory
parseLiteralOfTemplateSpan	parser.go:3775	8	finishNode,nodePos,parseErrorAtCurrentToken,parseTemplateMiddleOrTail,reScanTemplateToken	factory,token
parseTemplateMiddleOrTail	parser.go:3784	11	finishNode,getTemplateLiteralRawText,nextToken,nodePos	factory,scanner,token
parseFunctionOrConstructorTypeToError	parser.go:3796	21	isStartOfFunctionTypeOrConstructorType,parseErrorAtRange,parseFunctionOrConstructorType	
isStartOfFunctionTypeOrConstructorType	parser.go:3818	6	lookAhead,nextIsUnambiguouslyStartOfFunctionType,nextTokenIsNewKeyword	token
parseFunctionOrConstructorType	parser.go:3825	19	finishNode,jsdocScannerInfo,nodePos,parseModifiersForConstructorType,parseOptional,parseParameters,parseReturnType,parseTypeParameters,withJSDoc	factory
parseModifiersForConstructorType	parser.go:3845	10	finishNode,newModifierList,nextToken,nodePos	factory,nodeSliceArena,token
nextTokenIsNewKeyword	parser.go:3856	3	nextToken	
nextIsUnambiguouslyStartOfFunctionType	parser.go:3860	24	nextToken,skipParameterStart	token
skipParameterStart	parser.go:3885	18	isIdentifier,nextToken,parseIdentifierOrPattern,parseModifiers,parseOptional	diagnostics,token
parseModifiers	parser.go:3904	3	parseModifiersEx	
parseModifiersEx	parser.go:3908	39	newModifierList,nodePos,parseDecorator,tryParseModifier	nodeSliceArena,token
parseDecorator	parser.go:3948	6	doInContext,finishNode,nodePos,parseDecoratorExpression,parseExpected	factory
parseDecoratorExpression	parser.go:3955	12	inAwaitContext,nextToken,nodePos,parseCallExpressionRest,parseIdentifierWithDiagnostic,parseLeftHandSideExpressionOrHigher,parseMemberExpressionRest	token
tryParseModifier	parser.go:3968	22	finishNode,lookAhead,nextToken,nextTokenIsOnSameLineAndCanFollowModifier,nextTokenIsOpenBrace,nodePos,parseAnyContextualModifier	factory,token
parseContextualModifier	parser.go:3991	8	mark,nextTokenCanFollowModifier,rewind	token
parseAnyContextualModifier	parser.go:4000	8	mark,nextTokenCanFollowModifier,rewind	token
nextTokenCanFollowModifier	parser.go:4009	26	canFollowExportModifier,canFollowGetOrSetKeyword,canFollowModifier,lookAhead,nextToken,nextTokenCanFollowDefaultKeyword,nextTokenCanFollowExportModifier,nextTokenIsOnSameLineAndCanFollowModifier	token
nextTokenCanFollowDefaultKeyword	parser.go:4036	11	lookAhead,nextToken,nextTokenIsClassKeywordOnSameLine,nextTokenIsFunctionKeywordOnSameLine	
nextTokenIsIdentifierOrKeyword	parser.go:4048	3	nextToken,tokenIsIdentifierOrKeyword	
nextTokenIsIdentifierOrKeywordOrGreaterThan	parser.go:4052	3	nextToken,tokenIsIdentifierOrKeywordOrGreaterThan	
nextTokenIsIdentifierOrKeywordOnSameLine	parser.go:4056	3	hasPrecedingLineBreak,nextTokenIsIdentifierOrKeyword	
nextTokenIsIdentifierOrKeywordOrLiteralOnSameLine	parser.go:4060	3	hasPrecedingLineBreak,nextTokenIsIdentifierOrKeyword	token
nextTokenIsClassKeywordOnSameLine	parser.go:4064	3	hasPrecedingLineBreak,nextToken	
nextTokenIsFunctionKeywordOnSameLine	parser.go:4068	3	hasPrecedingLineBreak,nextToken	
nextTokenCanFollowExportModifier	parser.go:4072	4	canFollowExportModifier,nextToken	
canFollowExportModifier	parser.go:4077	3	canFollowModifier	token
canFollowModifier	parser.go:4081	3	isLiteralPropertyName	token
canFollowGetOrSetKeyword	parser.go:4085	3	isLiteralPropertyName	token
nextTokenIsOnSameLineAndCanFollowModifier	parser.go:4089	7	canFollowModifier,hasPrecedingLineBreak,nextToken	
nextTokenIsOpenBrace	parser.go:4097	3	nextToken	
parseExpression	parser.go:4101	20	makeBinaryExpression,nodePos,parseAssignmentExpressionOrHigher,parseOptionalToken	contextFlags
parseExpressionAllowIn	parser.go:4122	3	doInContext,parseExpression	
parseAssignmentExpressionOrHigher	parser.go:4126	3	parseAssignmentExpressionOrHigherWorker	
parseAssignmentExpressionOrHigherWorker	parser.go:4130	68	isYieldExpression,jsdocScannerInfo,makeBinaryExpression,nodePos,parseAssignmentExpressionOrHigherWorker,parseBinaryExpressionOrHigher,parseConditionalExpressionRest,parseSimpleArrowFunctionExpression,parseTokenNode,parseYieldExpression,reScanGreaterThanToken,tryParseAsyncSimpleArrowFunctionExpression,tryParseParenthesizedArrowFunctionExpression	token
isYieldExpression	parser.go:4199	26	inYieldContext,lookAhead,nextTokenIsIdentifierOrKeywordOrLiteralOnSameLine	token
parseYieldExpression	parser.go:4226	17	finishNode,hasPrecedingLineBreak,isStartOfExpression,nextToken,nodePos,parseAssignmentExpressionOrHigher,parseOptionalToken	factory,token
isParenthesizedArrowFunctionExpression	parser.go:4244	16	mark,nextIsParenthesizedArrowFunctionExpression,rewind	token
nextIsParenthesizedArrowFunctionExpression	parser.go:4261	107	hasPrecedingLineBreak,isIdentifier,lookAhead,nextToken,nextTokenIsIdentifier,parseOptional	languageVariant,token
tryParseParenthesizedArrowFunctionExpression	parser.go:4369	20	isParenthesizedArrowFunctionExpression,mark,parseParenthesizedArrowFunctionExpression,parsePossibleParenthesizedArrowFunctionExpression,rewind	
parseParenthesizedArrowFunctionExpression	parser.go:4390	97	checkJSSyntax,createMissingList,finishNode,jsdocScannerInfo,modifierListHasAsync,nodePos,parseArrowFunctionExpressionBody,parseExpected,parseExpectedToken,parseIdentifier,parseModifiersForArrowFunction,parseParametersWorker,parseReturnType,parseTypeParameters,typeHasArrowFunctionBlockingParseError,withJSDoc	factory,token
parseModifiersForArrowFunction	parser.go:4488	9	finishNode,newModifierList,nextToken,nodePos	factory,nodeSliceArena,token
typeHasArrowFunctionBlockingParseError	parser.go:4499	11	isMissingNodeList,typeHasArrowFunctionBlockingParseError	
parseArrowFunctionExpressionBody	parser.go:4511	28	isStartOfExpressionStatement,isStartOfStatement,parseAssignmentExpressionOrHigherWorker,parseFunctionBlock,setContextFlags	contextFlags,token
isStartOfExpressionStatement	parser.go:4540	4	isStartOfExpression	token
parsePossibleParenthesizedArrowFunctionExpression	parser.go:4545	11	parseParenthesizedArrowFunctionExpression	notParenthesizedArrow,scanner
tryParseAsyncSimpleArrowFunctionExpression	parser.go:4557	11	jsdocScannerInfo,lookAhead,nextIsUnParenthesizedAsyncArrowFunction,nodePos,parseBinaryExpressionOrHigher,parseModifiersForArrowFunction,parseSimpleArrowFunctionExpression	token
nextIsUnParenthesizedAsyncArrowFunction	parser.go:4569	20	hasPrecedingLineBreak,isIdentifier,nextToken,nextTokenWithoutCheck	token
parseSimpleArrowFunctionExpression	parser.go:4590	10	finishNode,newNodeList,parseArrowFunctionExpressionBody,parseExpectedToken,withJSDoc	factory,token
parseConditionalExpressionRest	parser.go:4601	21	createMissingIdentifier,finishNode,parseAssignmentExpressionOrHigherWorker,parseExpectedToken,parseOptionalToken,setContextFlags	contextFlags,factory
parseBinaryExpressionOrHigher	parser.go:4623	5	nodePos,parseBinaryExpressionRest,parseUnaryExpressionOrHigher	
shouldConsumeBinaryOperator	parser.go:4631	6		
parseBinaryExpressionRest	parser.go:4638	70	hasPrecedingLineBreak,inDisallowInContext,makeAsExpression,makeBinaryExpression,makeSatisfiesExpression,nextToken,parseBinaryExpressionOrHigher,parseTokenNode,parseType,reScanGreaterThanToken,shouldConsumeBinaryOperator	
makeSatisfiesExpression	parser.go:4709	3	checkJSSyntax,finishNode	factory
makeAsExpression	parser.go:4713	3	checkJSSyntax,finishNode	factory
makeBinaryExpression	parser.go:4717	3	finishNode	factory
parseUnaryExpressionOrHigher	parser.go:4721	38	isKeywordOrPunctuation,isUpdateExpression,nodePos,parseBinaryExpressionRest,parseErrorAt,parseSimpleUnaryExpression,parseUpdateExpression	sourceText,token
isUpdateExpression	parser.go:4760	9		languageVariant,token
parseUpdateExpression	parser.go:4770	18	finishNode,hasPrecedingLineBreak,lookAhead,nextToken,nextTokenIsIdentifierOrKeywordOrGreaterThan,nodePos,parseJsxElementOrSelfClosingElementOrFragment,parseLeftHandSideExpressionOrHigher	factory,languageVariant,token
parseJsxElementOrSelfClosingElementOrFragment	parser.go:4789	79	finishNode,finishNodeWithEnd,newIdentifier,newNodeList,nodePos,parseErrorAt,parseErrorAtRange,parseJsxChildren,parseJsxClosingElement,parseJsxClosingFragment,parseJsxElementOrSelfClosingElementOrFragment,parseJsxOpeningOrSelfClosingElementOrOpeningFragment	factory,sourceText,token
parseJsxChildren	parser.go:4869	22	newNodeList,nodePos,parseJsxChild	parsingContexts,scanner
parseJsxChild	parser.go:4892	27	parseErrorAt,parseErrorAtRange,parseJsxElementOrSelfClosingElementOrFragment,parseJsxExpression,parseJsxText	sourceText
parseJsxText	parser.go:4920	6	finishNode,nodePos,scanJsxText	factory,scanner,token
parseJsxExpression	parser.go:4927	23	finishNode,nodePos,parseExpected,parseExpectedWithoutAdvancing,parseExpression,parseOptionalToken,scanJsxText	factory,token
scanJsxText	parser.go:4951	4		scanner,token
scanJsxIdentifier	parser.go:4956	4		scanner,token
scanJsxAttributeValue	parser.go:4961	4		scanner,token
parseJsxClosingElement	parser.go:4966	14	finishNode,nextToken,nodePos,parseExpected,parseExpectedWithDiagnostic,parseJsxElementName,scanJsxText	factory
parseJsxOpeningOrSelfClosingElementOrOpeningFragment	parser.go:4981	34	finishNode,nextToken,nodePos,parseExpected,parseExpectedWithoutAdvancing,parseJsxAttributes,parseJsxElementName,parseTypeArguments,scanJsxText	contextFlags,factory,token
parseJsxElementName	parser.go:5016	17	finishNode,nodePos,parseJsxTagName,parseOptional,parseRightSideOfDot	factory
parseJsxTagName	parser.go:5034	15	finishNode,nodePos,parseIdentifierNameErrorOnUnicodeEscapeSequence,parseOptional,scanJsxIdentifier	factory,token
parseJsxAttributes	parser.go:5050	4	finishNode,nodePos,parseJsxAttribute,parseList	factory
parseJsxAttribute	parser.go:5055	7	finishNode,nodePos,parseJsxAttributeName,parseJsxAttributeValue,parseJsxSpreadAttribute	factory,token
parseJsxSpreadAttribute	parser.go:5063	8	finishNode,nodePos,parseExpected,parseExpression	factory
parseJsxAttributeName	parser.go:5072	10	finishNode,nodePos,parseIdentifierNameErrorOnUnicodeEscapeSequence,parseOptional,scanJsxIdentifier	factory
parseJsxAttributeValue	parser.go:5083	15	parseErrorAtCurrentToken,parseJsxElementOrSelfClosingElementOrFragment,parseJsxExpression,parseLiteralExpression,scanJsxAttributeValue	token
parseJsxClosingFragment	parser.go:5099	13	finishNode,nextToken,nodePos,parseExpected,parseExpectedWithDiagnostic,scanJsxText	factory
parseSimpleUnaryExpression	parser.go:5113	29	isAwaitExpression,parseAwaitExpression,parseDeleteExpression,parseJsxElementOrSelfClosingElementOrFragment,parsePrefixUnaryExpression,parseTypeAssertion,parseTypeOfExpression,parseUpdateExpression,parseVoidExpression	languageVariant,token
parsePrefixUnaryExpression	parser.go:5143	6	finishNode,nextToken,nodePos,parseSimpleUnaryExpression	factory,token
parseDeleteExpression	parser.go:5150	5	finishNode,nextToken,nodePos,parseSimpleUnaryExpression	factory
parseTypeOfExpression	parser.go:5156	5	finishNode,nextToken,nodePos,parseSimpleUnaryExpression	factory
parseVoidExpression	parser.go:5162	5	finishNode,nextToken,nodePos,parseSimpleUnaryExpression	factory
isAwaitExpression	parser.go:5168	10	inAwaitContext,lookAhead,nextTokenIsIdentifierOrKeywordOrLiteralOnSameLine	token
parseAwaitExpression	parser.go:5179	5	finishNode,nextToken,nodePos,parseSimpleUnaryExpression	factory
parseTypeAssertion	parser.go:5185	9	finishNode,nodePos,parseExpected,parseSimpleUnaryExpression,parseType	factory,languageVariant
parseLeftHandSideExpressionOrHigher	parser.go:5195	68	finishNode,lookAhead,nextToken,nextTokenIsDot,nextTokenIsOpenParenOrLessThan,nodePos,parseCallExpressionRest,parseIdentifierName,parseKeywordExpression,parseMemberExpressionOrHigher,parseSuperExpression	factory,sourceFlags,token
nextTokenIsDot	parser.go:5264	3	nextToken	
parseSuperExpression	parser.go:5268	22	finishNode,isTemplateStartOfTaggedTemplate,nodePos,parseErrorAt,parseErrorAtCurrentToken,parseKeywordExpression,parseRightSideOfDot,tryParseTypeArgumentsInExpression	factory,token
isTemplateStartOfTaggedTemplate	parser.go:5291	3		token
tryParseTypeArgumentsInExpression	parser.go:5295	27	canFollowTypeArgumentsInExpression,mark,nextToken,parseDelimitedList,parseType,reScanGreaterThanToken,reScanLessThanToken,rewind	contextFlags,token
canFollowTypeArgumentsInExpression	parser.go:5323	18	hasPrecedingLineBreak,isBinaryOperator,isStartOfExpression	token
parseMemberExpressionOrHigher	parser.go:5342	52	nodePos,parseMemberExpressionRest,parsePrimaryExpression	
parseMemberExpressionRest	parser.go:5395	45	checkJSSyntax,finishNode,hasPrecedingLineBreak,inDecoratorContext,isStartOfOptionalPropertyOrElementAccessChain,isTemplateStartOfTaggedTemplate,nextToken,parseElementAccessExpressionRest,parseExpectedToken,parseOptional,parsePropertyAccessExpressionRest,parseTaggedTemplateRest,tokenIsIdentifierOrKeyword,tryParseTypeArgumentsInExpression,unparseExpressionWithTypeArguments	factory,token
isStartOfOptionalPropertyOrElementAccessChain	parser.go:5441	3	lookAhead,nextTokenIsIdentifierOrKeywordOrOpenBracketOrTemplate	token
nextTokenIsIdentifierOrKeywordOrOpenBracketOrTemplate	parser.go:5445	4	isTemplateStartOfTaggedTemplate,nextToken,tokenIsIdentifierOrKeyword	token
parsePropertyAccessExpressionRest	parser.go:5450	16	finishNode,parseErrorAtRange,parseRightSideOfDot,skipRangeTrivia,tryReparseOptionalChain	factory,sourceText
tryReparseOptionalChain	parser.go:5467	21		
parseElementAccessExpressionRest	parser.go:5489	11	createMissingIdentifier,finishNode,nodePos,parseErrorAt,parseExpected,parseExpressionAllowIn,tryReparseOptionalChain	factory,token
parseCallExpressionRest	parser.go:5501	35	checkJSSyntax,createMissingIdentifier,finishNode,isTemplateStartOfTaggedTemplate,parseArgumentList,parseErrorAtCurrentToken,parseMemberExpressionRest,parseOptionalToken,parseTaggedTemplateRest,tryParseTypeArgumentsInExpression,tryReparseOptionalChain,unparseExpressionWithTypeArguments	factory,token
parseArgumentList	parser.go:5537	6	parseArgumentExpression,parseDelimitedList,parseExpected	
parseArgumentExpression	parser.go:5544	3	doInContext,parseArgumentOrArrayLiteralElement	
parseArgumentOrArrayLiteralElement	parser.go:5548	9	finishNode,nodePos,parseAssignmentExpressionOrHigher,parseSpreadElement	factory,token
parseSpreadElement	parser.go:5558	6	finishNode,nodePos,parseAssignmentExpressionOrHigher,parseExpected	factory
parseTaggedTemplateRest	parser.go:5565	11	checkJSSyntax,finishNode,parseLiteralExpression,parseTemplateExpression,reScanTemplateToken	factory,token
parseTemplateExpression	parser.go:5577	4	finishNode,nodePos,parseTemplateHead,parseTemplateSpans	factory
parseTemplateSpans	parser.go:5582	12	newNodeList,nodePos,parseTemplateSpan	
parseTemplateSpan	parser.go:5595	6	finishNode,nodePos,parseExpressionAllowIn,parseLiteralOfTemplateSpan	factory
parsePrimaryExpression	parser.go:5602	44	lookAhead,nextTokenIsFunctionKeywordOnSameLine,parseArrayLiteralExpression,parseClassExpression,parseDecoratedExpression,parseFunctionExpression,parseIdentifierWithDiagnostic,parseKeywordExpression,parseLiteralExpression,parseNewExpressionOrNewDotTarget,parseObjectLiteralExpression,parseParenthesizedExpression,parsePrivateIdentifier,parseTemplateExpression,reScanSlashToken,reScanTemplateToken	scanner,token
parseParenthesizedExpression	parser.go:5647	10	finishNode,jsdocScannerInfo,nodePos,parseExpected,parseExpressionAllowIn,withJSDoc	factory
parseArrayLiteralExpression	parser.go:5658	9	finishNode,hasPrecedingLineBreak,nodePos,parseArgumentOrArrayLiteralElement,parseDelimitedList,parseExpected,parseExpectedMatchingBrackets	factory,scanner
parseObjectLiteralExpression	parser.go:5668	9	finishNode,hasPrecedingLineBreak,nodePos,parseDelimitedList,parseExpected,parseExpectedMatchingBrackets,parseObjectLiteralElement	factory,scanner
parseObjectLiteralElement	parser.go:5678	51	doInContext,finishNode,isIdentifier,jsdocScannerInfo,nodePos,parseAccessorDeclaration,parseAssignmentExpressionOrHigher,parseContextualModifier,parseExpected,parseMethodDeclaration,parseModifiersEx,parseOptional,parseOptionalToken,parsePropertyName,withJSDoc	factory,token
parseFunctionExpression	parser.go:5730	38	checkJSSyntax,doInContext,finishNode,jsdocScannerInfo,modifierListHasAsync,nodePos,parseExpected,parseFunctionBlock,parseModifiers,parseOptionalBindingIdentifier,parseOptionalToken,parseParameters,parseReturnType,parseTypeParameters,setContextFlags,withJSDoc	contextFlags,factory
parseOptionalBindingIdentifier	parser.go:5769	6	isBindingIdentifier,parseBindingIdentifier	
parseDecoratedExpression	parser.go:5776	10	finishNode,jsdocScannerInfo,nodePos,parseClassDeclarationOrExpression,parseErrorAt,parseModifiersEx	factory,token
unparseExpressionWithTypeArguments	parser.go:5787	11		
parseNewExpressionOrNewDotTarget	parser.go:5799	26	checkJSSyntax,finishNode,nodePos,parseArgumentList,parseErrorAtCurrentToken,parseExpected,parseIdentifierName,parseMemberExpressionRest,parseOptional,parsePrimaryExpression,unparseExpressionWithTypeArguments	factory,sourceText,token
parseKeywordExpression	parser.go:5826	6	finishNode,nextToken,nodePos	factory,token
parseLiteralExpression	parser.go:5833	22	finishNode,nextToken,nodePos	factory,scanner,token
parseIdentifierNameErrorOnUnicodeEscapeSequence	parser.go:5856	6	createIdentifier,parseErrorAtCurrentToken,tokenIsIdentifierOrKeyword	scanner,token
parseBindingIdentifier	parser.go:5863	3	parseBindingIdentifierWithDiagnostic	
parseBindingIdentifierWithDiagnostic	parser.go:5867	6	createIdentifierWithDiagnostic,isBindingIdentifier	statementHasAwaitIdentifier
parseIdentifierName	parser.go:5874	3	parseIdentifierNameWithDiagnostic	
parseIdentifierNameWithDiagnostic	parser.go:5878	3	createIdentifierWithDiagnostic,tokenIsIdentifierOrKeyword	token
parseIdentifier	parser.go:5882	3	parseIdentifierWithDiagnostic	
parseIdentifierWithDiagnostic	parser.go:5886	3	createIdentifierWithDiagnostic,isIdentifier	
createIdentifier	parser.go:5890	3	createIdentifierWithDiagnostic	
createIdentifierWithDiagnostic	parser.go:5894	46	createIdentifier,createMissingIdentifier,finishNode,isReservedWord,newIdentifier,nextTokenWithoutCheck,nodePos,parseErrorAt,parseErrorAtCurrentToken	scanner,token
newNodeList	parser.go:5941	5		factory
newModifierList	parser.go:5947	5		factory
finishNode	parser.go:5953	3	finishNodeWithEnd,nodePos	
finishNodeWithEnd	parser.go:5957	10	overrideParentInImmediateChildren	contextFlags,hasParseError
overrideParentInImmediateChildren	parser.go:5968	5		currentParent,setParentFromContext
nextTokenIsSlash	parser.go:5974	3	nextToken	
scanTypeMemberStart	parser.go:5978	27	canParseSemicolon,isLiteralPropertyName,nextToken	token
scanClassMemberStart	parser.go:6006	58	canParseSemicolon,isLiteralPropertyName,nextToken	token
canParseSemicolon	parser.go:6065	5	hasPrecedingLineBreak	token
tryParseSemicolon	parser.go:6071	10	canParseSemicolon,nextToken	token
parseSemicolon	parser.go:6082	3	parseExpected,tryParseSemicolon	
isLiteralPropertyName	parser.go:6086	3	tokenIsIdentifierOrKeyword	token
isStartOfStatement	parser.go:6090	28	isNextTokenOpenParenOrLessThanOrDot,isStartOfDeclaration,isStartOfExpression,lookAhead,nextTokenIsIdentifierOrKeywordOnSameLine	token
isStartOfDeclaration	parser.go:6119	3	lookAhead,scanStartOfDeclaration	
scanStartOfDeclaration	parser.go:6123	73	hasPrecedingLineBreak,isAwaitUsingDeclaration,isIdentifier,isUsingDeclaration,nextToken,nextTokenIsIdentifierOnSameLine,nextTokenIsIdentifierOrStringLiteralOnSameLine,tokenIsIdentifierOrKeyword	token
isStartOfExpression	parser.go:6197	22	isBinaryOperator,isIdentifier,isStartOfLeftHandSideExpression	token
isStartOfLeftHandSideExpression	parser.go:6220	12	isIdentifier,isNextTokenOpenParenOrLessThanOrDot	token
isStartOfType	parser.go:6233	22	isIdentifier,lookAhead,nextIsParenthesizedOrFunctionType,nextTokenIsNumericOrBigIntLiteral	token
nextTokenIsNumericOrBigIntLiteral	parser.go:6256	4	nextToken	token
nextIsParenthesizedOrFunctionType	parser.go:6261	4	isStartOfParameter,isStartOfType,nextToken	token
isStartOfParameter	parser.go:6266	7	isBindingIdentifierOrPrivateIdentifierOrPattern,isStartOfType	token
isBindingIdentifierOrPrivateIdentifierOrPattern	parser.go:6274	3	isBindingIdentifier	token
isNextTokenOpenParenOrLessThanOrDot	parser.go:6278	3	lookAhead,nextTokenIsOpenParenOrLessThanOrDot	
nextTokenIsOpenParenOrLessThanOrDot	parser.go:6282	7	nextToken	
nextTokenIsIdentifierOnSameLine	parser.go:6290	4	hasPrecedingLineBreak,isIdentifier,nextToken	
nextTokenIsIdentifierOrStringLiteralOnSameLine	parser.go:6295	4	hasPrecedingLineBreak,isIdentifier,nextToken	token
isIdentifier	parser.go:6301	13	inAwaitContext,inYieldContext	token
isBindingIdentifier	parser.go:6315	4		token
isImportAttributeName	parser.go:6320	3	tokenIsIdentifierOrKeyword	token
isBinaryOperator	parser.go:6324	6	inDisallowInContext	token
isValidHeritageClauseObjectLiteral	parser.go:6331	3	lookAhead,nextIsValidHeritageClauseObjectLiteral	
nextIsValidHeritageClauseObjectLiteral	parser.go:6335	14	nextToken	
isHeritageClause	parser.go:6350	3		token
isHeritageClauseExtendsOrImplementsKeyword	parser.go:6354	3	isHeritageClause,lookAhead,nextIsStartOfExpression	
nextIsStartOfExpression	parser.go:6358	4	isStartOfExpression,nextToken	
isUsingDeclaration	parser.go:6363	8	lookAhead,nextTokenIsBindingIdentifierOrStartOfDestructuringOnSameLine	
nextTokenIsEqualsOrSemicolonOrColonToken	parser.go:6372	4	nextToken	token
nextTokenIsBindingIdentifierOrStartOfDestructuringOnSameLine	parser.go:6377	7	hasPrecedingLineBreak,isBindingIdentifier,lookAhead,nextToken,nextTokenIsEqualsOrSemicolonOrColonToken	token
nextTokenIsBindingIdentifierOrStartOfDestructuringOnSameLineDisallowOf	parser.go:6385	3	nextTokenIsBindingIdentifierOrStartOfDestructuringOnSameLine	
isAwaitUsingDeclaration	parser.go:6389	3	lookAhead,nextIsUsingKeywordThenBindingIdentifierOrStartOfObjectDestructuringOnSameLine	
nextIsUsingKeywordThenBindingIdentifierOrStartOfObjectDestructuringOnSameLine	parser.go:6393	3	nextToken,nextTokenIsBindingIdentifierOrStartOfDestructuringOnSameLine	
nextTokenIsTokenStringLiteral	parser.go:6397	3	nextToken	
setContextFlags	parser.go:6401	7		contextFlags
doInContext	parser.go:6409	7	setContextFlags	contextFlags
inYieldContext	parser.go:6417	3		contextFlags
inDisallowInContext	parser.go:6421	3		contextFlags
inDisallowConditionalTypesContext	parser.go:6425	3		contextFlags
inDecoratorContext	parser.go:6429	3		contextFlags
inAwaitContext	parser.go:6433	3		contextFlags
skipRangeTrivia	parser.go:6437	3		sourceText
isReservedWord	parser.go:6441	3		
attachFileToDiagnostics	parser.go:6445	9		
getCommentPragmas	parser.go:6455	7	extractPragmas	
extractPragmas	parser.go:6463	103	extractName,extractQuotedString,lineEndPos,match,skipBlanks,skipNonBlanks,skipTo	
match	parser.go:6567	3		
skipBlanks	parser.go:6571	6		
skipNonBlanks	parser.go:6578	6		
skipTo	parser.go:6585	10		
lineEndPos	parser.go:6596	10		
extractName	parser.go:6607	7		
extractQuotedString	parser.go:6615	18		
processPragmasIntoFields	parser.go:6634	59	parseErrorAtRange,parseResolutionMode	
parseResolutionMode	parser.go:6694	12	parseErrorAt	
jsErrorAtRange	parser.go:6707	3		jsDiagnostics,sourceText
checkJSDecoratorSyntax	parser.go:6711	53	jsErrorAtRange	jsDiagnostics,sourceText
checkJSSyntax	parser.go:6765	86	checkJSDecoratorSyntax,jsErrorAtRange	
collectExternalModuleReferences	references.go:11	12	collectModuleReferences	
collectModuleReferences	references.go:24	48	collectModuleReferences	
finishReparsedNode	reparser.go:13	5	overrideParentInImmediateChildren	contextFlags
finishMutatedNode	reparser.go:19	3	overrideParentInImmediateChildren	
addDeepCloneReparse	reparser.go:26	7		factory,reparsedClones
addTransformedReparse	reparser.go:34	6	finishReparsedNode	reparsedClones
checkNonIdentifierName	reparser.go:41	10	parseErrorAtRange	
reparseTags	reparser.go:54	15	reparseHosted,reparseUnhosted	
reparseUnhosted	reparser.go:70	71	addDeepCloneReparse,checkNonIdentifierName,createExportModifier,finishReparsedNode,gatherTypeParameters,getInnermostNameOfJSDocNamespace,reparseJSDocSignature,reparseJSDocTypeLiteral,wrapInJSDocNamespace	factory,jsdocInfos,parsingContexts,reparseList
reparseJSDocSignature	reparser.go:142	97	addDeepCloneReparse,addTransformedReparse,checkNonIdentifierName,finishReparsedNode,gatherTypeParameters,makeQuestionIfOptional,newNodeList,reparseJSDocComment,reparseJSDocTypeLiteral	contextFlags,factory,nodeSliceArena
reparseJSDocTypeLiteral	reparser.go:240	40	addDeepCloneReparse,addTransformedReparse,finishReparsedNode,makeQuestionIfOptional,newNodeList,reparseJSDocComment,reparseJSDocTypeLiteral	factory,nodeSliceArena
reparseJSDocComment	reparser.go:281	11	finishReparsedNode	factory,jsdocInfos
gatherTypeParameters	reparser.go:293	48	addDeepCloneReparse,checkNonIdentifierName,finishReparsedNode,newNodeList	factory,nodeSliceArena
reparseHosted	reparser.go:342	268	addDeepCloneReparse,findMatchingParameter,finishMutatedNode,finishReparsedNode,gatherTypeParameters,getClassLikeData,getFunctionLikeHost,makeNewCast,makeQuestionIfOptional,newModifierList,newNodeList,reparseJSDocTypeLiteral	contextFlags,factory,nodeSliceArena,parsingContexts
makeQuestionIfOptional	reparser.go:611	9		contextFlags,factory
findMatchingParameter	reparser.go:621	24		
skipSatisfiesExpressions	reparser.go:646	6		
getFunctionLikeHost	reparser.go:653	20	skipSatisfiesExpressions	
makeNewCast	reparser.go:674	10	finishNodeWithEnd	factory
getClassLikeData	reparser.go:685	10		
createExportModifier	reparser.go:696	7	newModifierList	contextFlags,factory,nodeSliceArena
getInnermostNameOfJSDocNamespace	reparser.go:707	13		
wrapInJSDocNamespace	reparser.go:729	20	addDeepCloneReparse,createExportModifier,finishReparsedNode,newNodeList,wrapInJSDocNamespace	factory,nodeSliceArena,reparsedClones
getLanguageVariant	utilities.go:11	8		
tokenIsIdentifierOrKeyword	utilities.go:20	3		
tokenIsIdentifierOrKeywordOrGreaterThan	utilities.go:24	3	tokenIsIdentifierOrKeyword	
GetJSDocCommentRanges	utilities.go:28	21		
isKeywordOrPunctuation	utilities.go:50	3		
isJSDocLikeText	utilities.go:54	3		
