topic	chosen	rejected	compiled evidence in crate/src	who adapts
helper objects	a record without a checker pointer in an arena of the checker, addressed by a Copy id; its methods are Checker methods with the id first; a pooled one keeps upstream's free list (next) and is reset in place	Box moved out by get and back by put (a stored comparer cannot name it); a view struct holding &mut Checker (a closure would have to rebuild it)	checker/relater.rs get_relater, put_relater, is_related_to_ex; checker/inference.rs get_inference_state; tests a_stored_comparer_names_the_slot_of_its_relater	conventions chapter (pooled Box), printer block (NodeBuilderImpl<'c> view becomes Checker methods with b: NodeBuilderId), flow block (FlowStateId)
stored or paired bound methods	data: TypeComparer {Nil, Assignable, Relater{r, intersection_state}} and ErrorReporter = Option<RelaterId>, called through call_type_comparer and call_error_reporter	closures in a record	checker/relater.rs signature_related_to, compare_signatures_related; checker/inference.rs get_inferred_type	conventions chapter
callbacks	the callback gets &mut Checker as its first parameter and captures ids and locals; &mut dyn FnMut in recursive callees, impl FnMut in core helpers; a method value is &mut Checker::f; deferred ones are Box<dyn FnOnce(&mut Checker) + 'a>	closures that capture the checker	checker/c42_literal_types.rs map_type_ex, c43 filter_type, utilities.rs some/every/filter, c21 produce_deferred_diagnostics	none
lists	List<'a, T> of the node table contract, SliceBuf for a local, Vec for a list that one record owns and appends to; identity is List::same; no interning	interned lists (relater.go 1518 and checker.go 21275 need two allocations of equal content to differ)	checker/c35_resolve_members.rs get_union_signatures; relater.rs compare_signatures_related; tests lists_keep_nil_empty_and_identity_apart, union_signatures_find_the_master_list_by_identity	node table contract: pools for SignatureId, IndexInfoId, TupleElementInfo, VarianceFlags in define_arena!
list written after a mapper holds it	MapperTargets::Cells(&'a [Cell<TypeId>]) from Arena::alloc_type_cells; the function returns a frozen copy	a snapshot (a deferred instantiation would see the error type for a forward reference); cells for every list	checker/c36_properties_apparent_types.rs fill_missing_type_arguments; mapper.rs; test fill_missing_type_arguments_mappers_read_the_list_while_it_is_filled	core top-down model (TypeMapper::Array targets), node table contract (alloc_type_cells)
[]string in a record	TextList<'a>: the bytes of all texts and their ends	List<'a, Text<'a>> (a typed pool cannot hold its own lifetime)	tscore/gomore.rs TextList; types.rs TemplateLiteralType; keys.rs get_template_type_key	core top-down model
cache keys	CacheHashKey {hi, lo}: Wyhash11 and Wyhash of upstream's byte stream, 16 bytes, Copy; the five signature keys and the flow key are functions	interned exact bytes (a second table of every key; upstream itself keeps 128 bits); a port of XXH3-128 (the value is never printed, ordered or ranged)	checker/keys.rs whole c30 section; test cache_keys_hash_upstream_bytes	conventions chapter (shim hashes become bun_wyhash)
maps	Map (nil-able) when nothing ranges over it, OrderedMap (insertion order) when something does, Set; symbol tables are the node table's	hash order	tscore/golang.rs, gomore.rs Set; program.rs	none
Go int	isize (len, counters, indexes, sort results); int32 stays i32, uint32 stays u32	i32 or i64 for int	keys.rs write_int; utilities.rs compare_*	none
symbols	one record ast::open::Symbol<'a> by value through Ast; transient symbols in the open store; ast.GetSymbolId lazily, in request order, from the counter of IdAllocator	ids by handle order (the tie-break of compareSymbols would follow creation, not first link access)	links.rs value_symbol_links_get; utilities.rs compare_symbols_worker; test symbol_ids_are_given_in_request_order	conventions chapter (Overlay and symbol_ids vector go away)
faults	one sink: tscore::internal::Faults of the open store, 12 kinds, the first 64 kept; Checker::fault, fail, assert, bad_cast, index_out_of_range, stack_limit, loop_limit; internal_diagnostics() for a driver	a log of the checker beside the one of the node table	tscore/internal.rs; checker.rs; test faults_and_stand_ins_have_one_sink_each	node table contract (its tscore/internal.rs is replaced), conventions chapter (InternalLog)
stand-ins	self.stand_in::<T>("upstreamName") records the name and answers Fallback::fallback: error type, unknown signature, nil id, nil list, false, 0, empty text, Ternary False	per-function fallbacks	checker.rs Fallback; tests	none
stack limit	a recursion hub tests bun_core::StackCheck first, records StackLimit and answers the fallback; the relater answers Maybe as upstream's own backstop at 100 levels does	False in the relater (a spurious error beside the internal one)	relater.rs is_related_to_ex; mapper.rs map; keys.rs	relations block
loops without a bound	a budget and a LoopLimit fault, then the loop is left as by break	port as is (the process would hang)	checker/c27_resolve_alias.rs; test a_loop_that_upstream_cannot_leave_ends_with_a_fault	core block
Checker struct	every field from the data model commit, pub, upstream order, one list through checker_fields! that makes the struct and Checker::zero	fields added per layer	checker.rs checker_fields! with 83 fields; data/checker-fields-census.txt	core block (fields.tsv column 4 is the list)
layout	checker.go as c01..c52 of split.tsv, flat under checker/; every other upstream file is one module; PORT_STATUS rows keyed by upstream path and line range with the layer in the group column	one file per layer; relater.rs and flow.rs cut	crate/src/checker/c21..c43 named this way	none: the five blocks already write rows this way
layers	layermap.py with six overrides (py/settled.py): 12 functions change layer	-	data/layer-claims.tsv, data/layer-settled.tsv	layermap.py of drivers-k4-k5, tables.py of relations, layers.py of types and of expressions
