checker/checker.go:1922	(*Checker).checkResolvedBlockScopedVariable	diagcmp-nil	diagnostic != nil
checker/checker.go:3683	(*Checker).checkFunctionOrConstructorSymbolWorker	cmp-nil	diagnostic != nil
checker/checker.go:6221	(*Checker).getIteratedTypeOrElementType	cmp-nil	diagnostic != nil
checker/checker.go:9039	(*Checker).resolveCall	cmp-nil	headMessage == nil
checker/checker.go:9334	(*Checker).checkTypeArguments	cmp-nil	headMessage != nil
checker/checker.go:9750	(*Checker).reportCallResolutionErrors	cmp-nil	headMessage != nil
checker/checker.go:9856	(*Checker).getArgumentArityError	cmp-nil	headMessage != nil
checker/checker.go:9863	(*Checker).getArgumentArityError	cmp-nil	headMessage != nil
checker/checker.go:9890	(*Checker).getArgumentArityError	cmp-nil	headMessage != nil
checker/checker.go:9906	(*Checker).getArgumentArityError	cmp-nil	headMessage != nil
checker/checker.go:9978	(*Checker).getTypeArgumentArityError	cmp-nil	headMessage != nil
checker/checker.go:10046	(*Checker).invocationErrorDetails	diagcmp-nil	diagnostic != nil
checker/checker.go:10052	(*Checker).invocationErrorDetails	diagcmp-nil	diagnostic == nil
checker/checker.go:10065	(*Checker).invocationErrorDetails	diagcmp-nil	diagnostic == nil
checker/checker.go:10088	(*Checker).invocationError	diagcmp-nil	relatedInformation != nil
checker/checker.go:11817	(*Checker).checkPropertyNotUsedBeforeDeclaration	diagcmp-nil	diagnostic != nil
checker/checker.go:15197	(*Checker).resolveExternalModuleName	cmp-nil	errorMessage == nil
checker/checker.go:15309	(*Checker).resolveExternalModule	cmp-nil	resolutionDiagnostic == nil
checker/checker.go:15309	(*Checker).resolveExternalModule	cmp-ptr	resolutionDiagnostic == diagnostics.Module_0_was_resolved_to_1_but_jsx_is_not_set
checker/checker.go:15315	(*Checker).resolveExternalModule	cmp-nil	resolutionDiagnostic != nil
checker/checker.go:15452	(*Checker).resolveExternalModule	cmp-nil	moduleNotFoundError != nil
checker/checker.go:15473	(*Checker).resolveExternalModule	cmp-nil	resolutionDiagnostic == nil
checker/checker.go:15473	(*Checker).resolveExternalModule	cmp-ptr	resolutionDiagnostic == diagnostics.Could_not_find_a_declaration_file_for_module_0_1_implicitly_has_an_any_type
checker/checker.go:15482	(*Checker).resolveExternalModule	cmp-nil	moduleNotFoundError != nil
checker/checker.go:15487	(*Checker).resolveExternalModule	cmp-nil	moduleNotFoundError != nil
checker/checker.go:15502	(*Checker).resolveExternalModule	cmp-nil	resolutionDiagnostic != nil
checker/checker.go:15894	(*Checker).resolveEntityName	cmp-nil	message != nil
checker/flow.go:2189	(*Checker).getExplicitTypeOfSymbol	diagcmp-nil	diagnostic != nil
checker/grammarchecks.go:79	(*Checker).checkGrammarRegularExpressionLiteral	diagcmp-nil	lastError != nil
checker/grammarchecks.go:83	(*Checker).checkGrammarRegularExpressionLiteral	diagcmp-nil	lastError == nil
checker/grammarchecks.go:95	(*Checker).checkGrammarRegularExpressionLiteral	diagcmp-nil	lastError != nil
checker/jsx.go:333	(*Checker).elaborateJsxComponents	cmp-nil	invalidTextDiagnostic == nil
checker/relater.go:384	(*Checker).checkTypeRelatedToEx	cmp-nil	headMessage != nil
checker/relater.go:408	createDiagnosticChainFromErrorChain	diagcmp-nil	next == nil
checker/relater.go:415	(*Checker).reportDiagnostic	diagcmp-nil	diagnostic != nil
checker/relater.go:4812	(*Relater).reportRelationError	cmp-nil	message == nil
checker/relater.go:4830	(*Relater).reportRelationError	cmp-ptr	message == diagnostics.Argument_of_type_0_is_not_assignable_to_parameter_of_type_1
checker/relater.go:4833	(*Relater).reportRelationError	switch	r.getChainMessage(0)	cases=7	diagnostics.Object_literal_may_only_specify_known_properties_and_0_does_not_exist_in_type_1,diagnostics.Object_literal_may_only_specify_known_properties_but_0_does_not_exist_in_type_1_Did_you_mean_to_write_2,diagnostics.Excessive_complexity_comparing_types_0_and_1,diagnostics.The_type_0_is_readonly_and_cannot_be_assigned_to_the_mutable_type_1,diagnostics.Property_0_is_missing_in_type_1_but_required_in_type_2,diagnostics.Type_0_is_missing_the_following_properties_from_type_1_Colon_2_and_3_more,diagnostics.Type_0_is_missing_the_following_properties_from_type_1_Colon_2
checker/relater.go:4863	(*Relater).reportError	cmp-ptr	message == diagnostics.Types_of_property_0_are_incompatible
checker/relater.go:4865	(*Relater).reportError	switch	r.getChainMessage(0)	cases=2	diagnostics.Object_literal_may_only_specify_known_properties_and_0_does_not_exist_in_type_1,diagnostics.Object_literal_may_only_specify_known_properties_but_0_does_not_exist_in_type_1_Did_you_mean_to_write_2
checker/relater.go:4874	(*Relater).reportError	switch	r.getChainMessage(1)	cases=4	diagnostics.Call_signatures_with_no_arguments_have_incompatible_return_types_0_and_1,diagnostics.Construct_signatures_with_no_arguments_have_incompatible_return_types_0_and_1,diagnostics.Call_signature_return_types_0_and_1_are_incompatible,diagnostics.Construct_signature_return_types_0_and_1_are_incompatible
checker/relater.go:4892	(*Relater).reportError	switch	r.getChainMessage(1)	cases=3	diagnostics.Types_of_property_0_are_incompatible,diagnostics.The_types_of_0_are_incompatible_between_these_types,diagnostics.The_types_returned_by_0_are_incompatible_between_these_types
checker/relater.go:4900	(*Relater).reportError	cmp-ptr	message == diagnostics.Types_of_property_0_are_incompatible
checker/relater.go:4966	isConversionOrInterfaceImplementationMessage	cmp-ptr	message == diagnostics.Class_0_incorrectly_implements_interface_1
checker/relater.go:4967	isConversionOrInterfaceImplementationMessage	cmp-ptr	message == diagnostics.Class_0_incorrectly_implements_class_1_Did_you_mean_to_extend_1_and_inherit_its_members_as_a_subclass
checker/relater.go:4968	isConversionOrInterfaceImplementationMessage	cmp-ptr	message == diagnostics.Conversion_of_type_0_to_type_1_may_be_a_mistake_because_neither_type_sufficiently_overlaps_with_the_other_If_this_was_intentional_convert_the_expression_to_unknown_first
checker/relater.go:4969	isConversionOrInterfaceImplementationMessage	cmp-ptr	message == diagnostics.Its_instance_type_0_is_not_a_valid_JSX_element
checker/relater.go:4970	isConversionOrInterfaceImplementationMessage	cmp-ptr	message == diagnostics.Its_return_type_0_is_not_a_valid_JSX_element
checker/relater.go:4971	isConversionOrInterfaceImplementationMessage	cmp-ptr	message == diagnostics.Its_element_type_0_is_not_a_valid_JSX_element
checker/utilities.go:33	NewDiagnosticChainForNode	diagcmp-nil	chain != nil
binder/nameresolver.go:153	(*NameResolver).Resolve	cmp-nil	nameNotFoundMessage != nil
binder/nameresolver.go:182	(*NameResolver).Resolve	cmp-nil	nameNotFoundMessage != nil
binder/nameresolver.go:202	(*NameResolver).Resolve	cmp-nil	nameNotFoundMessage != nil
binder/nameresolver.go:222	(*NameResolver).Resolve	cmp-nil	nameNotFoundMessage != nil
binder/nameresolver.go:329	(*NameResolver).Resolve	cmp-nil	nameNotFoundMessage != nil
ast/diagnostic.go:94	(*Diagnostic).AddMessageChain	diagcmp-nil	messageChain != nil
ast/diagnostic.go:106	(*Diagnostic).AddRelatedInfo	diagcmp-nil	relatedInformation != nil
ast/diagnostic.go:118	(*Diagnostic).Localize	cmp-nil	d.message == nil
ast/diagnostic.go:126	(*Diagnostic).String	cmp-nil	d.message == nil
ast/diagnostic.go:209	NewDiagnosticChain	diagcmp-nil	chain != nil
ast/diagnostic.go:250	(*DiagnosticsCollection).Add	diagcmp-nil	existing != nil
ast/diagnostic.go:263	(*DiagnosticsCollection).Add	diagcmp-nil	c.diagnosticIndex[key] == nil
ast/diagnostic.go:374	EqualDiagnostics	diagcmp-ptr	d1 == d2
ast/diagnostic.go:382	EqualDiagnosticsNoRelatedInfo	diagcmp-ptr	d1 == d2
ast/diagnostic.go:399	getDiagnosticMessageIdentity	cmp-nil	diagnostic.message != nil
ast/diagnostic.go:406	equalMessageChain	diagcmp-ptr	c1 == c2
ast/diagnostic.go:459	CompareDiagnostics	diagcmp-ptr	d1 == d2
parser/jsdoc.go:1049	(*Parser).parseTypedefTag	diagcmp-nil	lastError != nil
parser/jsdoc.go:1342	(*Parser).parseJSDocIdentifierName	cmp-nil	diagnosticMessage != nil
parser/parser.go:983	(*Parser).parseExpectedMatchingBrackets	diagcmp-nil	lastError != nil
parser/parser.go:1013	(*Parser).parseExpectedWithDiagnostic	cmp-nil	message != nil
parser/parser.go:5907	(*Parser).createIdentifierWithDiagnostic	cmp-nil	privateIdentifierDiagnosticMessage != nil
parser/parser.go:5916	(*Parser).createIdentifierWithDiagnostic	cmp-nil	diagnosticMessage != nil
