id	file	start	lines	class
checker.newEmitResolver	checker/emitresolver.go	45	7	D
checker.EmitResolver.GetJsxFactoryEntity	checker/emitresolver.go	53	5	O
checker.EmitResolver.GetJsxFragmentFactoryEntity	checker/emitresolver.go	59	5	O
checker.EmitResolver.IsOptionalParameter	checker/emitresolver.go	65	5	O
checker.EmitResolver.IsLateBound	checker/emitresolver.go	71	17	O
checker.EmitResolver.GetEnumMemberValue	checker/emitresolver.go	89	14	O
checker.EmitResolver.IsDeclarationVisible	checker/emitresolver.go	104	6	O
checker.EmitResolver.isDeclarationVisible	checker/emitresolver.go	111	19	D
checker.EmitResolver.determineIfDeclarationIsVisible	checker/emitresolver.go	131	104	D
checker.EmitResolver.PrecalculateDeclarationEmitVisibility	checker/emitresolver.go	236	12	O
checker.isCommonJSModuleExports	checker/emitresolver.go	249	10	O
checker.EmitResolver.aliasMarkingVisitorWorker	checker/emitresolver.go	260	15	S
checker.EmitResolver.markLinkedAliases	checker/emitresolver.go	278	32	O
checker.getMeaningOfEntityNameReference	checker/emitresolver.go	311	22	D
checker.EmitResolver.IsEntityNameVisible	checker/emitresolver.go	334	5	O
checker.EmitResolver.isEntityNameVisible	checker/emitresolver.go	340	41	D
checker.noopAddVisibleAlias	checker/emitresolver.go	382	1	P
checker.EmitResolver.hasVisibleDeclarations	checker/emitresolver.go	384	82	D
checker.EmitResolver.IsImplementationOfOverload	checker/emitresolver.go	467	40	O
checker.EmitResolver.IsImportRequiredByAugmentation	checker/emitresolver.go	508	35	O
checker.EmitResolver.IsDefinitelyReferenceToGlobalSymbolObject	checker/emitresolver.go	544	23	O
checker.EmitResolver.RequiresAddingImplicitUndefined	checker/emitresolver.go	568	8	O
checker.EmitResolver.RequiresAddingImplicitUndefinedUnsafe	checker/emitresolver.go	577	7	O
checker.EmitResolver.requiresAddingImplicitUndefined	checker/emitresolver.go	585	19	D
checker.EmitResolver.requiresAddingImplicitUndefinedWorker	checker/emitresolver.go	605	3	D
checker.EmitResolver.declaredParameterTypeContainsUndefined	checker/emitresolver.go	609	12	P
checker.EmitResolver.isOptionalUninitializedParameterProperty	checker/emitresolver.go	622	6	D
checker.EmitResolver.isRequiredInitializedParameter	checker/emitresolver.go	629	9	D
checker.EmitResolver.isOptionalParameter	checker/emitresolver.go	639	3	D
checker.EmitResolver.IsLiteralConstDeclaration	checker/emitresolver.go	643	16	O
checker.EmitResolver.IsExpandoFunctionDeclarationUnsafe	checker/emitresolver.go	660	14	O
checker.EmitResolver.IsExpandoFunctionDeclaration	checker/emitresolver.go	675	5	O
checker.EmitResolver.isSymbolAccessible	checker/emitresolver.go	681	3	P
checker.EmitResolver.IsSymbolAccessible	checker/emitresolver.go	685	7	O
checker.isConstEnumOrConstEnumOnlyModule	checker/emitresolver.go	693	3	D
checker.EmitResolver.IsReferencedAliasDeclaration	checker/emitresolver.go	697	25	O
checker.EmitResolver.IsValueAliasDeclaration	checker/emitresolver.go	723	11	O
checker.EmitResolver.isValueAliasDeclarationWorker	checker/emitresolver.go	735	28	S
checker.EmitResolver.isAliasResolvedToValue	checker/emitresolver.go	764	24	O
checker.EmitResolver.IsTopLevelValueImportEqualsWithEntityName	checker/emitresolver.go	789	18	O
checker.EmitResolver.MarkLinkedReferencesRecursively	checker/emitresolver.go	808	23	O
checker.EmitResolver.GetExternalModuleFileFromDeclaration	checker/emitresolver.go	832	9	O
checker.EmitResolver.getReferenceResolver	checker/emitresolver.go	842	15	O
checker.EmitResolver.GetReferencedExportContainer	checker/emitresolver.go	858	10	O
checker.EmitResolver.SetReferencedImportDeclaration	checker/emitresolver.go	869	5	O
checker.EmitResolver.GetReferencedImportDeclaration	checker/emitresolver.go	875	13	O
checker.EmitResolver.GetReferencedValueDeclaration	checker/emitresolver.go	889	10	O
checker.EmitResolver.GetReferencedValueDeclarationUnsafe	checker/emitresolver.go	900	3	O
checker.EmitResolver.GetReferencedValueDeclarations	checker/emitresolver.go	904	10	O
checker.EmitResolver.IsNameResolvable	checker/emitresolver.go	916	7	O
checker.EmitResolver.GetElementAccessExpressionName	checker/emitresolver.go	924	10	O
checker.EmitResolver.GetReferencedMemberValueDeclaration	checker/emitresolver.go	935	10	O
checker.EmitResolver.CreateReturnTypeOfSignatureDeclaration	checker/emitresolver.go	950	11	O
checker.EmitResolver.CreateTypeParametersOfSignatureDeclaration	checker/emitresolver.go	962	11	O
checker.EmitResolver.CreateTypeOfDeclaration	checker/emitresolver.go	974	13	O
checker.EmitResolver.CreateLiteralConstValue	checker/emitresolver.go	988	60	O
checker.EmitResolver.CreateTypeOfExpression	checker/emitresolver.go	1049	11	O
checker.EmitResolver.CreateLateBoundIndexSignatures	checker/emitresolver.go	1061	89	O
checker.EmitResolver.GetEffectiveDeclarationFlags	checker/emitresolver.go	1151	6	O
checker.EmitResolver.GetResolutionModeOverride	checker/emitresolver.go	1158	6	O
checker.EmitResolver.GetConstantValue	checker/emitresolver.go	1165	6	O
checker.EmitResolver.GetTypeReferenceSerializationKind	checker/emitresolver.go	1172	91	O
checker.EmitResolver.GetPropertiesOfContainerFunction	checker/emitresolver.go	1264	14	O
checker.EmitResolver.TryJSTypeNodeToTypeNode	checker/emitresolver.go	1279	8	O
checker.EmitResolver.IsThisPropertyAssignmentDeclarationRedundant	checker/emitresolver.go	1299	32	O
checker.NodeBuilder.EmitContext	checker/nodebuilder.go	29	3	K
checker.NodeBuilder.enterContext	checker/nodebuilder.go	33	27	K
checker.NodeBuilder.propagateVerbosityOut	checker/nodebuilder.go	62	11	K
checker.NodeBuilder.popContext	checker/nodebuilder.go	74	9	K
checker.NodeBuilder.exitContext	checker/nodebuilder.go	84	9	K
checker.NodeBuilder.exitContextSlice	checker/nodebuilder.go	94	9	O
checker.NodeBuilder.exitContextCheck	checker/nodebuilder.go	104	5	K
checker.NodeBuilder.IndexInfoToIndexSignatureDeclaration	checker/nodebuilder.go	111	4	O
checker.NodeBuilder.SerializeReturnTypeForSignature	checker/nodebuilder.go	117	8	O
checker.NodeBuilder.SerializeTypeParametersForSignature	checker/nodebuilder.go	126	6	O
checker.NodeBuilder.SerializeTypeForDeclaration	checker/nodebuilder.go	134	4	O
checker.NodeBuilder.SerializeTypeForExpression	checker/nodebuilder.go	140	4	O
checker.NodeBuilder.SignatureToSignatureDeclaration	checker/nodebuilder.go	146	4	D
checker.NodeBuilder.ExpandSymbolForHover	checker/nodebuilder.go	152	35	O
checker.simplifyClassDeclaration	checker/nodebuilder.go	188	23	O
checker.simplifyModifiers	checker/nodebuilder.go	212	11	O
checker.NodeBuilder.SymbolToEntityName	checker/nodebuilder.go	225	4	P
checker.NodeBuilder.SymbolToExpression	checker/nodebuilder.go	231	4	O
checker.NodeBuilder.SymbolToNode	checker/nodebuilder.go	237	4	D
checker.NodeBuilder.SymbolToParameterDeclaration	checker/nodebuilder.go	243	4	O
checker.NodeBuilder.SymbolToTypeParameterDeclarations	checker/nodebuilder.go	249	4	O
checker.NodeBuilder.TypeParameterToDeclaration	checker/nodebuilder.go	255	4	O
checker.NodeBuilder.TypePredicateToTypePredicateNode	checker/nodebuilder.go	261	4	D
checker.NodeBuilder.TypeToTypeNode	checker/nodebuilder.go	267	4	K
checker.NodeBuilder.TryJSTypeNodeToTypeNode	checker/nodebuilder.go	272	4	O
checker.NewNodeBuilder	checker/nodebuilder.go	279	3	O
checker.NewNodeBuilderEx	checker/nodebuilder.go	283	4	K
checker.Checker.getNodeBuilder	checker/nodebuilder.go	288	10	K
checker.Checker.getNodeBuilderEx	checker/nodebuilder.go	299	4	K
checker.isExpanding	checker/nodebuilder_hover.go	15	3	D
checker.NodeBuilderImpl.expandSymbolForHover	checker/nodebuilder_hover.go	24	25	O
checker.NodeBuilderImpl.expandEnumDecl	checker/nodebuilder_hover.go	51	39	O
checker.NodeBuilderImpl.enumMemberInitializer	checker/nodebuilder_hover.go	91	17	O
checker.NodeBuilderImpl.expandClassDecl	checker/nodebuilder_hover.go	110	73	O
checker.NodeBuilderImpl.addClassModifiers	checker/nodebuilder_hover.go	186	26	O
checker.typeElementsToClassElements	checker/nodebuilder_hover.go	216	13	O
checker.NodeBuilderImpl.expandInterfaceDecl	checker/nodebuilder_hover.go	233	40	O
checker.NodeBuilderImpl.hoverHeritageClauses	checker/nodebuilder_hover.go	274	21	O
checker.NodeBuilderImpl.serializePropertiesWithTruncation	checker/nodebuilder_hover.go	298	16	O
checker.NodeBuilderImpl.serializeConstructors	checker/nodebuilder_hover.go	316	50	O
checker.NodeBuilderImpl.serializeIndexSignaturesOfType	checker/nodebuilder_hover.go	368	13	O
checker.NodeBuilderImpl.serializeNamespaceMember	checker/nodebuilder_hover.go	384	26	O
checker.NodeBuilderImpl.expandModuleDecl	checker/nodebuilder_hover.go	412	136	O
checker.NodeBuilderImpl.serializeTypeAliasForNamespace	checker/nodebuilder_hover.go	550	11	O
checker.NodeBuilderImpl.filterInheritedProperties	checker/nodebuilder_hover.go	563	26	O
checker.NodeBuilderImpl.isNamespaceMember	checker/nodebuilder_hover.go	590	4	O
checker.isHashPrivate	checker/nodebuilder_hover.go	595	3	O
checker.newNodeBuilderImpl	checker/nodebuilderimpl.go	119	8	K
checker.NodeBuilderImpl.saveRestoreFlags	checker/nodebuilderimpl.go	128	11	D
checker.NodeBuilderImpl.checkTruncationLength	checker/nodebuilderimpl.go	140	15	D
checker.NodeBuilderImpl.checkTruncationLengthIfExpanding	checker/nodebuilderimpl.go	158	7	O
checker.NodeBuilderImpl.isExpandableType	checker/nodebuilderimpl.go	169	19	S
checker.NodeBuilderImpl.isTypeOnStack	checker/nodebuilderimpl.go	191	8	P
checker.NodeBuilderImpl.shouldExpandType	checker/nodebuilderimpl.go	206	16	D
checker.NodeBuilderImpl.isActivelyExpanding	checker/nodebuilderimpl.go	225	3	D
checker.NodeBuilderImpl.checkTypeExpandability	checker/nodebuilderimpl.go	233	32	D
checker.NodeBuilderImpl.appendReferenceToType	checker/nodebuilderimpl.go	266	52	D
checker.getAccessStack	checker/nodebuilderimpl.go	319	11	D
checker.isClassInstanceSide	checker/nodebuilderimpl.go	331	3	D
checker.NodeBuilderImpl.createElidedInformationPlaceholder	checker/nodebuilderimpl.go	335	7	D
checker.NodeBuilderImpl.mapToTypeNodes	checker/nodebuilderimpl.go	343	92	D
checker.NodeBuilderImpl.serializeTypeName	checker/nodebuilderimpl.go	436	20	D
checker.isIdentifierTypeReference	checker/nodebuilderimpl.go	457	3	D
checker.arrayIsHomogeneous	checker/nodebuilderimpl.go	461	13	D
checker.typesAreSameReference	checker/nodebuilderimpl.go	475	3	D
checker.NodeBuilderImpl.setCommentRange	checker/nodebuilderimpl.go	479	6	D
checker.NodeBuilderImpl.typeNodeIsEquivalentToType	checker/nodebuilderimpl.go	486	14	D
checker.NodeBuilderImpl.canReuseExistingJSTypeNode	checker/nodebuilderimpl.go	501	3	D
checker.NodeBuilderImpl.tryGetResolvedSymbolFromTypeNode	checker/nodebuilderimpl.go	505	12	D
checker.NodeBuilderImpl.existingTypeNodeIsNotReferenceOrIsReferenceWithCompatibleTypeArgumentCount	checker/nodebuilderimpl.go	518	23	D
checker.NodeBuilderImpl.tryReuseExistingNonParameterTypeNode	checker/nodebuilderimpl.go	542	15	D
checker.NodeBuilderImpl.getResolvedTypeWithoutAbstractConstructSignatures	checker/nodebuilderimpl.go	558	19	P
checker.NodeBuilderImpl.symbolToNode	checker/nodebuilderimpl.go	578	21	D
checker.NodeBuilderImpl.symbolToName	checker/nodebuilderimpl.go	600	7	D
checker.NodeBuilderImpl.createEntityNameFromSymbolChain	checker/nodebuilderimpl.go	608	26	D
checker.NodeBuilderImpl.symbolToEntityNameNode	checker/nodebuilderimpl.go	636	7	D
checker.NodeBuilderImpl.symbolToTypeNode	checker/nodebuilderimpl.go	644	105	D
checker.getTopmostIndexedAccessType	checker/nodebuilderimpl.go	750	6	P
checker.NodeBuilderImpl.createAccessFromSymbolChain	checker/nodebuilderimpl.go	757	95	D
checker.NodeBuilderImpl.symbolToExpression	checker/nodebuilderimpl.go	853	4	D
checker.NodeBuilderImpl.createExpressionFromSymbolChain	checker/nodebuilderimpl.go	858	53	D
checker.canUsePropertyAccess	checker/nodebuilderimpl.go	912	11	D
checker.startsWithSingleOrDoubleQuote	checker/nodebuilderimpl.go	924	3	D
checker.startsWithSquareBracket	checker/nodebuilderimpl.go	928	3	P
checker.isDefaultBindingContext	checker/nodebuilderimpl.go	932	3	P
checker.NodeBuilderImpl.getNameOfSymbolFromNameType	checker/nodebuilderimpl.go	936	29	D
checker.NodeBuilderImpl.getNameOfSymbolAsWritten	checker/nodebuilderimpl.go	973	53	D
checker.NodeBuilderImpl.getTypeParametersOfClassOrInterface	checker/nodebuilderimpl.go	1029	6	P
checker.NodeBuilderImpl.lookupTypeParameterNodes	checker/nodebuilderimpl.go	1036	23	D
checker.NodeBuilderImpl.lookupSymbolChain	checker/nodebuilderimpl.go	1061	4	D
checker.NodeBuilderImpl.lookupSymbolChainWorker	checker/nodebuilderimpl.go	1066	14	D
checker.NodeBuilderImpl.getSymbolChain	checker/nodebuilderimpl.go	1087	65	D
checker.NodeBuilderImpl.sortByBestName	checker/nodebuilderimpl.go	1153	18	D
checker.canHaveModuleSpecifier	checker/nodebuilderimpl.go	1172	20	D
checker.TryGetModuleSpecifierFromDeclaration	checker/nodebuilderimpl.go	1193	7	D
checker.tryGetModuleSpecifierFromDeclarationWorker	checker/nodebuilderimpl.go	1201	47	D
checker.NodeBuilderImpl.getSpecifierForModuleSymbol	checker/nodebuilderimpl.go	1249	79	D
checker.NodeBuilderImpl.typeParameterToDeclarationWithConstraint	checker/nodebuilderimpl.go	1329	23	D
checker.NodeBuilderImpl.setTextRange	checker/nodebuilderimpl.go	1362	33	D
checker.NodeBuilderImpl.typeParameterShadowsOtherTypeParameterInScope	checker/nodebuilderimpl.go	1396	7	P
checker.NodeBuilderImpl.typeParameterToName	checker/nodebuilderimpl.go	1404	45	D
checker.NodeBuilderImpl.isMappedTypeHomomorphic	checker/nodebuilderimpl.go	1450	3	P
checker.NodeBuilderImpl.isHomomorphicMappedTypeWithNonHomomorphicInstantiation	checker/nodebuilderimpl.go	1454	3	P
checker.NodeBuilderImpl.createMappedTypeNodeFromType	checker/nodebuilderimpl.go	1458	115	D
checker.NodeBuilderImpl.typePredicateToTypePredicateNode	checker/nodebuilderimpl.go	1574	22	D
checker.NodeBuilderImpl.typeToTypeNodeHelperWithPossibleReusableTypeNode	checker/nodebuilderimpl.go	1597	13	D
checker.NodeBuilderImpl.typeParameterToDeclaration	checker/nodebuilderimpl.go	1611	8	D
checker.NodeBuilderImpl.symbolToTypeParameterDeclarations	checker/nodebuilderimpl.go	1620	3	O
checker.NodeBuilderImpl.typeParametersToTypeParameterDeclarations	checker/nodebuilderimpl.go	1624	18	P
checker.getEffectiveParameterDeclaration	checker/nodebuilderimpl.go	1643	10	D
checker.NodeBuilderImpl.symbolToParameterDeclaration	checker/nodebuilderimpl.go	1654	36	D
checker.NodeBuilderImpl.parameterToParameterDeclarationName	checker/nodebuilderimpl.go	1691	21	D
checker.NodeBuilderImpl.cloneBindingName	checker/nodebuilderimpl.go	1713	25	D
checker.NodeBuilderImpl.serializeTypeForExpression	checker/nodebuilderimpl.go	1739	5	O
checker.NodeBuilderImpl.serializeInferredReturnTypeForSignature	checker/nodebuilderimpl.go	1745	19	D
checker.NodeBuilderImpl.typePredicateToTypePredicateNodeHelper	checker/nodebuilderimpl.go	1765	20	D
checker.NodeBuilderImpl.signatureToSignatureDeclarationHelper	checker/nodebuilderimpl.go	1792	119	D
checker.Checker.getExpandedParameters	checker/nodebuilderimpl.go	1912	87	D
checker.NodeBuilderImpl.tryGetThisParameterDeclaration	checker/nodebuilderimpl.go	2000	19	D
checker.NodeBuilderImpl.serializeReturnTypeForSignature	checker/nodebuilderimpl.go	2023	54	D
checker.NodeBuilderImpl.isTriviallySerializableComputedName	checker/nodebuilderimpl.go	2078	8	D
checker.NodeBuilderImpl.indexInfoToObjectComputedNamesOrSignatureDeclaration	checker/nodebuilderimpl.go	2087	50	D
checker.NodeBuilderImpl.indexInfoToIndexSignatureDeclarationHelper	checker/nodebuilderimpl.go	2138	23	D
checker.hasTypeAnnotation	checker/nodebuilderimpl.go	2162	11	P
checker.NodeBuilderImpl.serializeTypeForDeclaration	checker/nodebuilderimpl.go	2181	118	D
checker.NodeBuilderImpl.shouldUsePlaceholderForProperty	checker/nodebuilderimpl.go	2302	58	D
checker.NodeBuilderImpl.trackComputedName	checker/nodebuilderimpl.go	2361	14	D
checker.classifyPropertyName	checker/nodebuilderimpl.go	2384	9	D
checker.NodeBuilderImpl.createPropertyNameNodeForIdentifierOrLiteral	checker/nodebuilderimpl.go	2394	10	D
checker.NodeBuilderImpl.isStringNamed	checker/nodebuilderimpl.go	2405	15	D
checker.NodeBuilderImpl.isSingleQuotedStringNamed	checker/nodebuilderimpl.go	2421	4	D
checker.NodeBuilderImpl.getPropertyNameNodeForSymbol	checker/nodebuilderimpl.go	2426	27	D
checker.NodeBuilderImpl.getPropertyNameNodeForSymbolFromNameType	checker/nodebuilderimpl.go	2455	48	D
checker.NodeBuilderImpl.addPropertyToElementList	checker/nodebuilderimpl.go	2504	140	D
checker.NodeBuilderImpl.createTypeNodesFromResolvedType	checker/nodebuilderimpl.go	2645	62	D
checker.NodeBuilderImpl.createTypeNodeFromObjectType	checker/nodebuilderimpl.go	2708	59	D
checker.getTypeAliasForTypeLiteral	checker/nodebuilderimpl.go	2768	9	D
checker.NodeBuilderImpl.shouldWriteTypeOfFunctionSymbol	checker/nodebuilderimpl.go	2778	36	D
checker.NodeBuilderImpl.createAnonymousTypeNode	checker/nodebuilderimpl.go	2815	3	D
checker.NodeBuilderImpl.shouldEmitTypeOfSymbol	checker/nodebuilderimpl.go	2819	10	D
checker.NodeBuilderImpl.createAnonymousTypeNodeEx	checker/nodebuilderimpl.go	2830	72	D
checker.NodeBuilderImpl.getTypeFromTypeNode	checker/nodebuilderimpl.go	2903	16	D
checker.NodeBuilderImpl.typeToTypeNodeOrCircularityElision	checker/nodebuilderimpl.go	2920	13	D
checker.NodeBuilderImpl.conditionalTypeToTypeNode	checker/nodebuilderimpl.go	2934	45	D
checker.NodeBuilderImpl.getParentSymbolOfTypeParameter	checker/nodebuilderimpl.go	2980	14	D
checker.NodeBuilderImpl.typeReferenceToTypeNode	checker/nodebuilderimpl.go	2995	141	D
checker.NodeBuilderImpl.visitAndTransformType	checker/nodebuilderimpl.go	3137	86	D
checker.NodeBuilderImpl.typeToTypeNode	checker/nodebuilderimpl.go	3224	318	K
checker.NodeBuilderImpl.newStringLiteral	checker/nodebuilderimpl.go	3543	3	K
checker.NodeBuilderImpl.newStringLiteralEx	checker/nodebuilderimpl.go	3547	8	K
checker.TypeAlias.ToTypeReferenceNode	checker/nodebuilderimpl.go	3558	3	D
checker.NodeBuilderImpl.newIdentifier	checker/nodebuilderimpl.go	3562	7	D
checker.NodeBuilderImpl.createAccessExpression	checker/nodebuilderimpl.go	3570	10	P
checker.NodeBuilderImpl.createExpressionWithTypeArguments	checker/nodebuilderimpl.go	3581	6	D
checker.NodeBuilderImpl.lookupInstantiatedTypeArgumentNodes	checker/nodebuilderimpl.go	3588	26	P
checker.NodeBuilderImpl.lookupExpressionChainTypeArgumentNodes	checker/nodebuilderimpl.go	3615	19	D
checker.NodeBuilderImpl.shouldWriteTypeParametersInQualifiedName	checker/nodebuilderimpl.go	3635	3	D
checker.cloneNodeBuilderContext	checker/nodebuilderscopes.go	10	24	D
checker.NodeBuilderImpl.addSymbolTypeToContext	checker/nodebuilderscopes.go	40	12	D
checker.NodeBuilderImpl.enterSignatureScope	checker/nodebuilderscopes.go	53	5	D
checker.NodeBuilderImpl.enterNewScope	checker/nodebuilderscopes.go	59	193	D
checker.NodeBuilderImpl.reuseNode	checker/nodecopy.go	12	7	D
checker.NodeBuilderImpl.tryJSTypeNodeToTypeNode	checker/nodecopy.go	20	3	O
checker.NodeBuilderImpl.reuseName	checker/nodecopy.go	24	31	D
checker.NodeBuilderImpl.reuseTypeNode	checker/nodecopy.go	56	18	D
checker.NodeBuilderImpl.walkNodeForExpandability	checker/nodecopy.go	78	19	S
checker.recoveryBoundary.markError	checker/nodecopy.go	109	6	D
checker.recoveryBoundary.startRecoveryScope	checker/nodecopy.go	122	5	D
checker.recoveryBoundary.endRecoveryScope	checker/nodecopy.go	128	5	D
checker.wrappingTracker.PopErrorFallbackNode	checker/nodecopy.go	139	3	O
checker.wrappingTracker.PushErrorFallbackNode	checker/nodecopy.go	143	3	O
checker.wrappingTracker.ReportCyclicStructureError	checker/nodecopy.go	147	3	P
checker.wrappingTracker.ReportInaccessibleThisError	checker/nodecopy.go	151	3	P
checker.wrappingTracker.ReportInaccessibleUniqueSymbolError	checker/nodecopy.go	155	3	P
checker.wrappingTracker.ReportInferenceFallback	checker/nodecopy.go	159	3	D
checker.wrappingTracker.ReportLikelyUnsafeImportRequiredError	checker/nodecopy.go	163	3	P
checker.wrappingTracker.ReportNonSerializableProperty	checker/nodecopy.go	167	3	P
checker.wrappingTracker.ReportNonlocalAugmentation	checker/nodecopy.go	171	3	O
checker.wrappingTracker.ReportPrivateInBaseOfClassExpression	checker/nodecopy.go	175	3	P
checker.wrappingTracker.ReportTruncationError	checker/nodecopy.go	179	3	P
checker.wrappingTracker.TrackSymbol	checker/nodecopy.go	183	4	D
checker.newWrappingTracker	checker/nodecopy.go	188	6	D
checker.NodeBuilderImpl.createRecoveryBoundary	checker/nodecopy.go	195	8	D
checker.NodeBuilderImpl.finalizeBoundary	checker/nodecopy.go	204	17	D
checker.NodeBuilderImpl.tryReuseExistingNodeHelper	checker/nodecopy.go	222	11	D
checker.NodeBuilderImpl.getModuleSpecifierOverride	checker/nodecopy.go	234	35	P
checker.NodeBuilderImpl.rewriteModuleSpecifier	checker/nodecopy.go	270	9	P
checker.NodeBuilderImpl.getEnclosingDeclarationIgnoringFakeScope	checker/nodecopy.go	280	7	P
checker.getExistingNodeTreeVisitor	checker/nodecopy.go	288	613	D
checker.createPrinterWithDefaults	checker/printer.go	13	3	P
checker.createPrinterWithRemoveComments	checker/printer.go	17	3	K
checker.createPrinterWithRemoveCommentsOmitTrailingSemicolon	checker/printer.go	21	6	D
checker.createPrinterWithRemoveCommentsOmitTrailingSemicolonNeverAsciiEscape	checker/printer.go	28	7	D
checker.createPrinterWithRemoveCommentsNeverAsciiEscape	checker/printer.go	36	6	O
checker.Checker.TypeToString	checker/printer.go	43	3	K
checker.Checker.typeToString	checker/printer.go	47	3	K
checker.toNodeBuilderFlags	checker/printer.go	51	3	K
checker.Checker.TypeToStringEx	checker/printer.go	55	3	D
checker.Checker.typeToStringEx	checker/printer.go	59	60	K
checker.Checker.SymbolToString	checker/printer.go	120	3	D
checker.Checker.symbolToString	checker/printer.go	124	3	D
checker.Checker.SymbolToStringEx	checker/printer.go	128	3	O
checker.Checker.symbolToStringEx	checker/printer.go	132	46	D
checker.Checker.signatureToString	checker/printer.go	179	3	D
checker.Checker.SignatureToStringEx	checker/printer.go	183	3	O
checker.Checker.signatureToStringEx	checker/printer.go	187	41	D
checker.Checker.typePredicateToString	checker/printer.go	229	3	D
checker.Checker.typePredicateToStringEx	checker/printer.go	233	15	D
checker.Checker.valueToString	checker/printer.go	249	3	D
checker.Checker.formatUnionTypes	checker/printer.go	253	34	D
checker.Checker.TypeToTypeNode	checker/printer.go	288	4	O
checker.Checker.SignatureToSignatureDeclaration	checker/printer.go	293	5	O
checker.Checker.ExpandSymbolForHover	checker/printer.go	300	26	O
checker.Checker.TypeParameterToStringEx	checker/printer.go	328	19	O
checker.Checker.TypeToTypeNodeEx	checker/printer.go	348	4	O
checker.Checker.TypePredicateToTypePredicateNode	checker/printer.go	353	4	O
checker.NodeBuilderImpl.pseudoTypeToNodeWithCheckerFallback	checker/pseudotypenodebuilder.go	15	31	D
checker.NodeBuilderImpl.pseudoTypeToNode	checker/pseudotypenodebuilder.go	48	278	D
checker.NodeBuilderImpl.pseudoParametersToNodeList	checker/pseudotypenodebuilder.go	327	7	D
checker.NodeBuilderImpl.pseudoParameterToNode	checker/pseudotypenodebuilder.go	335	23	D
checker.NodeBuilderImpl.pseudoTypeEquivalentToType	checker/pseudotypenodebuilder.go	362	222	D
checker.NodeBuilderImpl.pseudoParametersEquivalentToParameters	checker/pseudotypenodebuilder.go	585	46	D
checker.isStructuralPseudoType	checker/pseudotypenodebuilder.go	632	10	P
checker.NodeBuilderImpl.pseudoReturnTypeMatchesPredicate	checker/pseudotypenodebuilder.go	645	43	P
checker.NodeBuilderImpl.pseudoTypeToType	checker/pseudotypenodebuilder.go	689	77	D
checker.Checker.IsTypeSymbolAccessible	checker/symbolaccessibility.go	11	4	D
checker.Checker.IsValueSymbolAccessible	checker/symbolaccessibility.go	16	4	D
checker.Checker.IsSymbolAccessibleByFlags	checker/symbolaccessibility.go	21	4	P
checker.Checker.IsAnySymbolAccessible	checker/symbolaccessibility.go	26	78	D
checker.hasNonGlobalAugmentationExternalModuleSymbol	checker/symbolaccessibility.go	105	3	D
checker.getQualifiedLeftMeaning	checker/symbolaccessibility.go	109	7	D
checker.Checker.getWithAlternativeContainers	checker/symbolaccessibility.go	117	50	D
checker.Checker.getAlternativeContainingModules	checker/symbolaccessibility.go	168	57	D
checker.Checker.getVariableDeclarationOfObjectLiteral	checker/symbolaccessibility.go	226	22	D
checker.hasExternalModuleSymbol	checker/symbolaccessibility.go	249	3	D
checker.Checker.getExternalModuleContainer	checker/symbolaccessibility.go	253	7	D
checker.Checker.getFileSymbolIfFileSymbolExportEqualsContainer	checker/symbolaccessibility.go	261	14	D
checker.Checker.getContainersOfSymbol	checker/symbolaccessibility.go	280	61	D
checker.Checker.getAliasForSymbolInContainer	checker/symbolaccessibility.go	342	30	D
checker.Checker.getAccessibleSymbolChain	checker/symbolaccessibility.go	373	8	D
checker.Checker.GetAccessibleSymbolChain	checker/symbolaccessibility.go	382	8	O
checker.symbolTableIDFromLocals	checker/symbolaccessibility.go	417	3	D
checker.symbolTableIDFromExports	checker/symbolaccessibility.go	421	3	D
checker.symbolTableIDFromResolvedExports	checker/symbolaccessibility.go	429	3	D
checker.symbolTableIDFromMembers	checker/symbolaccessibility.go	433	3	D
checker.symbolTableIDFromGlobals	checker/symbolaccessibility.go	437	3	D
checker.Checker.getAccessibleSymbolChainEx	checker/symbolaccessibility.go	441	36	D
checker.Checker.getAccessibleSymbolChainFromSymbolTable	checker/symbolaccessibility.go	481	19	D
checker.Checker.getSymbolTableAliases	checker/symbolaccessibility.go	505	29	D
checker.Checker.trySymbolTable	checker/symbolaccessibility.go	535	59	D
checker.Checker.compareSymbolChainsWorker	checker/symbolaccessibility.go	595	16	P
checker.isUMDExportSymbol	checker/symbolaccessibility.go	612	3	P
checker.isNamespaceReexportDeclaration	checker/symbolaccessibility.go	616	3	P
checker.Checker.getCandidateListForSymbol	checker/symbolaccessibility.go	620	26	D
checker.Checker.isAccessible	checker/symbolaccessibility.go	647	29	D
checker.Checker.canQualifySymbol	checker/symbolaccessibility.go	677	10	D
checker.Checker.needsQualification	checker/symbolaccessibility.go	688	39	D
checker.isPropertyOrMethodDeclarationSymbol	checker/symbolaccessibility.go	728	17	D
checker.Checker.someSymbolTableInScope	checker/symbolaccessibility.go	746	59	D
checker.Checker.getClassExpressionNameTable	checker/symbolaccessibility.go	810	19	D
checker.Checker.IsSymbolAccessible	checker/symbolaccessibility.go	839	3	D
checker.Checker.isSymbolAccessibleWorker	checker/symbolaccessibility.go	843	34	D
checker.NewSymbolTrackerImpl	checker/symboltracker.go	14	13	K
checker.SymbolTrackerImpl.TrackSymbol	checker/symboltracker.go	28	13	D
checker.SymbolTrackerImpl.ReportInaccessibleThisError	checker/symboltracker.go	42	7	D
checker.SymbolTrackerImpl.ReportPrivateInBaseOfClassExpression	checker/symboltracker.go	50	7	P
checker.SymbolTrackerImpl.ReportInaccessibleUniqueSymbolError	checker/symboltracker.go	58	7	P
checker.SymbolTrackerImpl.ReportCyclicStructureError	checker/symboltracker.go	66	7	P
checker.SymbolTrackerImpl.ReportLikelyUnsafeImportRequiredError	checker/symboltracker.go	74	7	P
checker.SymbolTrackerImpl.ReportTruncationError	checker/symboltracker.go	82	7	P
checker.SymbolTrackerImpl.ReportNonlocalAugmentation	checker/symboltracker.go	90	7	O
checker.SymbolTrackerImpl.ReportNonSerializableProperty	checker/symboltracker.go	98	7	P
checker.SymbolTrackerImpl.onDiagnosticReported	checker/symboltracker.go	106	3	D
checker.SymbolTrackerImpl.ReportInferenceFallback	checker/symboltracker.go	110	6	D
checker.SymbolTrackerImpl.PushErrorFallbackNode	checker/symboltracker.go	117	6	O
checker.SymbolTrackerImpl.PopErrorFallbackNode	checker/symboltracker.go	124	6	O
modulespecifiers.CountPathComponents	modulespecifiers/compare.go	7	7	P
modulespecifiers.shouldAllowImportingTsExtension	modulespecifiers/preferences.go	14	3	O
modulespecifiers.usesExtensionsOnImports	modulespecifiers/preferences.go	18	9	O
modulespecifiers.inferPreference	modulespecifiers/preferences.go	28	40	O
modulespecifiers.getModuleSpecifierEndingPreference	modulespecifiers/preferences.go	69	44	O
modulespecifiers.getPreferredEnding	modulespecifiers/preferences.go	114	26	O
modulespecifiers.GetAllowedEndingsInPreferredOrder	modulespecifiers/preferences.go	147	65	S
modulespecifiers.getModuleSpecifierPreferences	modulespecifiers/preferences.go	213	44	D
modulespecifiers.GetModuleSpecifiers	modulespecifiers/specifiers.go	19	22	D
modulespecifiers.GetModuleSpecifiersWithInfo	modulespecifiers/specifiers.go	42	36	D
modulespecifiers.GetModuleSpecifiersForFileWithInfo	modulespecifiers/specifiers.go	79	27	D
modulespecifiers.tryGetModuleNameFromAmbientModule	modulespecifiers/specifiers.go	107	49	D
modulespecifiers.getInfo	modulespecifiers/specifiers.go	163	11	D
modulespecifiers.getAllModulePaths	modulespecifiers/specifiers.go	175	22	O
modulespecifiers.getAllModulePathsWorker	modulespecifiers/specifiers.go	198	46	D
modulespecifiers.containsIgnoredPath	modulespecifiers/specifiers.go	247	5	D
modulespecifiers.ContainsNodeModules	modulespecifiers/specifiers.go	254	3	D
modulespecifiers.GetEachFileNameOfModule	modulespecifiers/specifiers.go	260	98	D
modulespecifiers.computeModuleSpecifiers	modulespecifiers/specifiers.go	359	125	D
modulespecifiers.getLocalModuleSpecifier	modulespecifiers/specifiers.go	485	150	S
modulespecifiers.processEnding	modulespecifiers/specifiers.go	636	70	O
modulespecifiers.tryGetModuleNameFromRootDirs	modulespecifiers/specifiers.go	707	35	O
modulespecifiers.tryGetModuleNameAsNodeModule	modulespecifiers/specifiers.go	743	81	S
modulespecifiers.tryDirectoryWithPackageJson	modulespecifiers/specifiers.go	832	143	O
modulespecifiers.tryGetModuleNameFromExports	modulespecifiers/specifiers.go	976	42	O
modulespecifiers.tryGetModuleNameFromPackageJsonImports	modulespecifiers/specifiers.go	1019	64	O
modulespecifiers.tryGetModuleNameFromPaths	modulespecifiers/specifiers.go	1089	98	O
modulespecifiers.validateEnding	modulespecifiers/specifiers.go	1188	10	O
modulespecifiers.tryGetModuleNameFromExportsOrImports	modulespecifiers/specifiers.go	1199	122	O
modulespecifiers.GetModuleSpecifier	modulespecifiers/specifiers.go	1328	20	O
modulespecifiers.UpdateModuleSpecifier	modulespecifiers/specifiers.go	1349	21	O
modulespecifiers.getModuleSpecifierWithPreferences	modulespecifiers/specifiers.go	1371	27	O
modulespecifiers.comparePathsByRedirect	modulespecifiers/util.go	29	12	P
modulespecifiers.PathIsBareSpecifier	modulespecifiers/util.go	42	3	P
modulespecifiers.IsExcludedByRegex	modulespecifiers/util.go	46	12	S
modulespecifiers.stringToRegex	modulespecifiers/util.go	59	64	O
modulespecifiers.ensurePathIsNonModuleName	modulespecifiers/util.go	136	6	O
modulespecifiers.GetJSExtensionForDeclarationFileExtension	modulespecifiers/util.go	143	13	O
modulespecifiers.TryGetRealFileNameForNonJSDeclarationFileName	modulespecifiers/util.go	159	14	O
modulespecifiers.getJSExtensionForFile	modulespecifiers/util.go	174	7	O
modulespecifiers.extensionFromPath	modulespecifiers/util.go	186	7	O
modulespecifiers.tryGetAnyFileFromPath	modulespecifiers/util.go	194	19	O
modulespecifiers.getPathsRelativeToRootDirs	modulespecifiers/util.go	214	10	O
modulespecifiers.isPathRelativeToParent	modulespecifiers/util.go	225	3	O
modulespecifiers.getRelativePathIfInSameVolume	modulespecifiers/util.go	229	10	O
modulespecifiers.packageJsonPathsAreEqual	modulespecifiers/util.go	240	9	O
modulespecifiers.prefersTsExtension	modulespecifiers/util.go	250	8	O
modulespecifiers.replaceFirstStar	modulespecifiers/util.go	259	3	O
modulespecifiers.GetNodeModulePathParts	modulespecifiers/util.go	279	52	O
modulespecifiers.GetNodeModulesPackageName	modulespecifiers/util.go	332	17	O
modulespecifiers.allKeysStartWithDot	modulespecifiers/util.go	350	8	O
modulespecifiers.GetPackageNameFromDirectory	modulespecifiers/util.go	359	27	O
modulespecifiers.ProcessEntrypointEnding	modulespecifiers/util.go	389	103	O
printer.NewChangeTrackerWriter	printer/changetrackerwriter.go	24	14	O
printer.ChangeTrackerWriter.GetPrintHandlers	printer/changetrackerwriter.go	39	34	O
printer.ChangeTrackerWriter.setPos	printer/changetrackerwriter.go	74	3	O
printer.ChangeTrackerWriter.setEnd	printer/changetrackerwriter.go	78	3	O
printer.ChangeTrackerWriter.getPos	printer/changetrackerwriter.go	82	3	O
printer.ChangeTrackerWriter.getEnd	printer/changetrackerwriter.go	86	3	O
printer.ChangeTrackerWriter.setLastNonTriviaPosition	printer/changetrackerwriter.go	90	16	O
printer.ChangeTrackerWriter.AssignPositionsToNode	printer/changetrackerwriter.go	107	22	O
printer.ChangeTrackerWriter.assignPositionsToNodeWorker	printer/changetrackerwriter.go	130	20	O
printer.ChangeTrackerWriter.assignPositionsToNodeArray	printer/changetrackerwriter.go	151	21	O
printer.ChangeTrackerWriter.Write	printer/changetrackerwriter.go	173	4	O
printer.ChangeTrackerWriter.WriteTrailingSemicolon	printer/changetrackerwriter.go	178	4	O
printer.ChangeTrackerWriter.WriteComment	printer/changetrackerwriter.go	182	1	O
printer.ChangeTrackerWriter.WriteKeyword	printer/changetrackerwriter.go	183	4	O
printer.ChangeTrackerWriter.WriteOperator	printer/changetrackerwriter.go	188	4	O
printer.ChangeTrackerWriter.WritePunctuation	printer/changetrackerwriter.go	193	4	O
printer.ChangeTrackerWriter.WriteSpace	printer/changetrackerwriter.go	198	4	O
printer.ChangeTrackerWriter.WriteStringLiteral	printer/changetrackerwriter.go	203	4	O
printer.ChangeTrackerWriter.WriteParameter	printer/changetrackerwriter.go	208	4	O
printer.ChangeTrackerWriter.WriteProperty	printer/changetrackerwriter.go	213	4	O
printer.ChangeTrackerWriter.WriteSymbol	printer/changetrackerwriter.go	218	4	O
printer.ChangeTrackerWriter.WriteLine	printer/changetrackerwriter.go	222	1	O
printer.ChangeTrackerWriter.WriteLineForce	printer/changetrackerwriter.go	223	1	O
printer.ChangeTrackerWriter.IncreaseIndent	printer/changetrackerwriter.go	224	1	O
printer.ChangeTrackerWriter.DecreaseIndent	printer/changetrackerwriter.go	225	1	O
printer.ChangeTrackerWriter.Clear	printer/changetrackerwriter.go	226	1	O
printer.ChangeTrackerWriter.String	printer/changetrackerwriter.go	227	1	O
printer.ChangeTrackerWriter.RawWrite	printer/changetrackerwriter.go	228	4	O
printer.ChangeTrackerWriter.WriteLiteral	printer/changetrackerwriter.go	233	4	O
printer.ChangeTrackerWriter.GetTextPos	printer/changetrackerwriter.go	237	1	O
printer.ChangeTrackerWriter.GetLine	printer/changetrackerwriter.go	238	1	O
printer.ChangeTrackerWriter.GetColumn	printer/changetrackerwriter.go	239	1	O
printer.ChangeTrackerWriter.GetIndent	printer/changetrackerwriter.go	240	1	O
printer.ChangeTrackerWriter.IsAtStartOfLine	printer/changetrackerwriter.go	241	1	O
printer.ChangeTrackerWriter.HasTrailingComment	printer/changetrackerwriter.go	243	1	O
printer.ChangeTrackerWriter.HasTrailingWhitespace	printer/changetrackerwriter.go	245	3	O
printer.NewEmitContext	printer/emitcontext.go	45	5	K
printer.GetEmitContext	printer/emitcontext.go	57	7	O
printer.EmitContext.Reset	printer/emitcontext.go	65	5	O
printer.EmitContext.onCreate	printer/emitcontext.go	71	3	K
printer.EmitContext.onUpdate	printer/emitcontext.go	75	3	D
printer.EmitContext.onClone	printer/emitcontext.go	79	9	D
printer.EmitContext.NewNodeVisitor	printer/emitcontext.go	90	9	O
printer.EmitContext.StartVariableEnvironment	printer/emitcontext.go	109	4	O
printer.EmitContext.EndVariableEnvironment	printer/emitcontext.go	117	17	O
printer.EmitContext.EndAndMergeVariableEnvironmentList	printer/emitcontext.go	136	14	O
printer.EmitContext.EndAndMergeVariableEnvironment	printer/emitcontext.go	152	4	O
printer.EmitContext.endAndMergeVariableEnvironment	printer/emitcontext.go	157	3	O
printer.EmitContext.AddVariableDeclaration	printer/emitcontext.go	164	9	O
printer.EmitContext.AddHoistedFunctionDeclaration	printer/emitcontext.go	177	5	O
printer.EmitContext.StartLexicalEnvironment	printer/emitcontext.go	189	3	O
printer.EmitContext.EndLexicalEnvironment	printer/emitcontext.go	197	11	O
printer.EmitContext.EndAndMergeLexicalEnvironmentList	printer/emitcontext.go	210	14	O
printer.EmitContext.EndAndMergeLexicalEnvironment	printer/emitcontext.go	226	4	O
printer.EmitContext.endAndMergeLexicalEnvironment	printer/emitcontext.go	232	3	O
printer.EmitContext.AddLexicalDeclaration	printer/emitcontext.go	237	6	O
printer.EmitContext.MergeEnvironmentList	printer/emitcontext.go	245	8	O
printer.EmitContext.MergeEnvironment	printer/emitcontext.go	255	4	O
printer.EmitContext.mergeEnvironment	printer/emitcontext.go	260	93	O
printer.EmitContext.isCustomPrologue	printer/emitcontext.go	354	3	O
printer.EmitContext.isHoistedFunction	printer/emitcontext.go	358	3	O
printer.isHoistedVariable	printer/emitcontext.go	362	3	O
printer.EmitContext.isHoistedVariableStatement	printer/emitcontext.go	366	5	O
printer.EmitContext.HasAutoGenerateInfo	printer/emitcontext.go	377	7	O
printer.EmitContext.GetAutoGenerateInfo	printer/emitcontext.go	386	6	O
printer.EmitContext.GetNodeForGeneratedName	printer/emitcontext.go	394	6	S
printer.EmitContext.getNodeForGeneratedNameWorker	printer/emitcontext.go	401	19	O
printer.EmitContext.SetOriginal	printer/emitcontext.go	446	3	D
printer.EmitContext.UnsetOriginal	printer/emitcontext.go	450	3	O
printer.EmitContext.SetOriginalEx	printer/emitcontext.go	454	21	D
printer.EmitContext.Original	printer/emitcontext.go	479	3	D
printer.EmitContext.MostOriginal	printer/emitcontext.go	487	10	D
printer.EmitContext.ParseNode	printer/emitcontext.go	501	7	D
printer.EmitContext.IsFileLevelUniqueName	printer/emitcontext.go	509	7	O
printer.emitNode.copyFrom	printer/emitcontext.go	562	13	D
printer.EmitContext.EmitFlags	printer/emitcontext.go	576	6	K
printer.EmitContext.SetEmitFlags	printer/emitcontext.go	583	3	D
printer.EmitContext.AddEmitFlags	printer/emitcontext.go	587	3	K
printer.EmitContext.SnippetElement	printer/emitcontext.go	591	6	O
printer.EmitContext.SetSnippetElement	printer/emitcontext.go	598	3	O
printer.EmitContext.CommentRange	printer/emitcontext.go	603	6	D
printer.EmitContext.SetCommentRange	printer/emitcontext.go	611	5	D
printer.EmitContext.AssignCommentRange	printer/emitcontext.go	618	3	D
printer.EmitContext.SourceMapRange	printer/emitcontext.go	623	6	S
printer.EmitContext.SetSourceMapRange	printer/emitcontext.go	631	5	O
printer.EmitContext.AssignSourceMapRange	printer/emitcontext.go	638	3	O
printer.EmitContext.AssignCommentAndSourceMapRanges	printer/emitcontext.go	643	8	S
printer.EmitContext.TokenSourceMapRange	printer/emitcontext.go	653	8	S
printer.EmitContext.SetTokenSourceMapRange	printer/emitcontext.go	663	7	O
printer.EmitContext.AssignedName	printer/emitcontext.go	671	3	O
printer.EmitContext.TextSource	printer/emitcontext.go	675	3	O
printer.EmitContext.SetAssignedName	printer/emitcontext.go	679	6	O
printer.EmitContext.ClassThis	printer/emitcontext.go	686	3	O
printer.EmitContext.SetClassThis	printer/emitcontext.go	690	6	O
printer.EmitContext.RequestEmitHelper	printer/emitcontext.go	697	9	O
printer.EmitContext.ReadEmitHelpers	printer/emitcontext.go	707	5	O
printer.EmitContext.AddEmitHelper	printer/emitcontext.go	713	6	O
printer.EmitContext.MoveEmitHelpers	printer/emitcontext.go	720	27	O
printer.EmitContext.GetEmitHelpers	printer/emitcontext.go	748	7	O
printer.EmitContext.GetExternalHelpersModuleName	printer/emitcontext.go	756	8	D
printer.EmitContext.SetExternalHelpersModuleName	printer/emitcontext.go	765	9	O
printer.EmitContext.HasRecordedExternalHelpers	printer/emitcontext.go	775	7	O
printer.EmitContext.IsCallToHelper	printer/emitcontext.go	783	6	O
printer.EmitContext.VisitVariableEnvironment	printer/emitcontext.go	794	4	O
printer.EmitContext.VisitParameters	printer/emitcontext.go	799	20	O
printer.EmitContext.addDefaultValueAssignmentsIfNeeded	printer/emitcontext.go	820	22	O
printer.EmitContext.addDefaultValueAssignmentIfNeeded	printer/emitcontext.go	843	12	O
printer.EmitContext.addDefaultValueAssignmentForBindingPattern	printer/emitcontext.go	856	35	O
printer.EmitContext.addDefaultValueAssignmentForInitializer	printer/emitcontext.go	892	28	O
printer.EmitContext.AddInitializationStatement	printer/emitcontext.go	921	8	O
printer.EmitContext.ConvertToFunctionBlock	printer/emitcontext.go	930	12	O
printer.EmitContext.VisitFunctionBody	printer/emitcontext.go	943	28	O
printer.EmitContext.VisitIterationBody	printer/emitcontext.go	972	25	O
printer.EmitContext.VisitEmbeddedStatement	printer/emitcontext.go	998	14	O
printer.EmitContext.SetSyntheticLeadingComments	printer/emitcontext.go	1013	4	O
printer.EmitContext.AddSyntheticLeadingComment	printer/emitcontext.go	1018	4	D
printer.EmitContext.GetSyntheticLeadingComments	printer/emitcontext.go	1023	6	O
printer.EmitContext.SetSyntheticTrailingComments	printer/emitcontext.go	1030	4	O
printer.EmitContext.AddSyntheticTrailingComment	printer/emitcontext.go	1035	4	P
printer.EmitContext.GetSyntheticTrailingComments	printer/emitcontext.go	1040	6	O
printer.EmitContext.SetTypeNode	printer/emitcontext.go	1049	3	O
printer.EmitContext.GetTypeNode	printer/emitcontext.go	1054	6	S
printer.EmitContext.NewNotEmittedStatement	printer/emitcontext.go	1061	7	O
printer.NewNodeFactory	printer/factory.go	18	10	K
printer.NodeFactory.newGeneratedIdentifier	printer/factory.go	29	29	O
printer.NodeFactory.NewTempVariable	printer/factory.go	62	3	O
printer.NodeFactory.NewTempVariableEx	printer/factory.go	69	3	O
printer.NodeFactory.NewLoopVariable	printer/factory.go	74	3	O
printer.NodeFactory.NewLoopVariableEx	printer/factory.go	79	3	O
printer.NodeFactory.NewUniqueName	printer/factory.go	84	3	O
printer.NodeFactory.NewUniqueNameEx	printer/factory.go	89	3	O
printer.NodeFactory.NewGeneratedNameForNode	printer/factory.go	94	3	O
printer.NodeFactory.NewGeneratedNameForNodeEx	printer/factory.go	99	7	O
printer.NodeFactory.newGeneratedPrivateIdentifier	printer/factory.go	107	31	O
printer.NodeFactory.NewUniquePrivateName	printer/factory.go	140	3	O
printer.NodeFactory.NewUniquePrivateNameEx	printer/factory.go	145	3	O
printer.NodeFactory.NewGeneratedPrivateNameForNode	printer/factory.go	150	3	O
printer.NodeFactory.NewGeneratedPrivateNameForNodeEx	printer/factory.go	155	7	O
printer.NodeFactory.NewStringLiteralFromNode	printer/factory.go	165	23	O
printer.NodeFactory.NewThisExpression	printer/factory.go	193	3	O
printer.NodeFactory.NewTrueExpression	printer/factory.go	197	3	O
printer.NodeFactory.NewFalseExpression	printer/factory.go	201	3	O
printer.NodeFactory.NewCommaExpression	printer/factory.go	209	3	O
printer.NodeFactory.NewAssignmentExpression	printer/factory.go	213	3	O
printer.NodeFactory.NewLogicalORExpression	printer/factory.go	217	3	O
printer.NodeFactory.NewLogicalANDExpression	printer/factory.go	221	3	O
printer.NodeFactory.NewStrictEqualityExpression	printer/factory.go	229	3	O
printer.NodeFactory.NewStrictInequalityExpression	printer/factory.go	233	3	O
printer.NodeFactory.NewVoidZeroExpression	printer/factory.go	241	3	O
printer.flattenCommaElement	printer/factory.go	245	9	O
printer.flattenCommaElements	printer/factory.go	255	7	O
printer.NodeFactory.InlineExpressions	printer/factory.go	264	14	O
printer.NodeFactory.CreateExpressionFromEntityName	printer/factory.go	283	17	O
printer.NodeFactory.RestoreEnclosingLabel	printer/factory.go	301	14	O
printer.NodeFactory.CreateForOfBindingStatement	printer/factory.go	317	27	O
printer.NodeFactory.NewTypeCheck	printer/factory.go	345	9	O
printer.NodeFactory.NewMethodCall	printer/factory.go	355	19	O
printer.NodeFactory.NewGlobalMethodCall	printer/factory.go	375	3	O
printer.NodeFactory.NewFunctionCallCall	printer/factory.go	379	7	O
printer.NodeFactory.NewArraySliceCall	printer/factory.go	387	7	O
printer.NodeFactory.isIgnorableParen	printer/factory.go	407	8	O
printer.NodeFactory.updateOuterExpression	printer/factory.go	416	20	O
printer.NodeFactory.RestoreOuterExpressions	printer/factory.go	437	9	O
printer.NodeFactory.EnsureUseStrict	printer/factory.go	448	12	O
printer.NodeFactory.SplitStandardPrologue	printer/factory.go	462	8	O
printer.NodeFactory.SplitCustomPrologue	printer/factory.go	472	8	O
printer.NodeFactory.getName	printer/factory.go	496	24	O
printer.NodeFactory.GetLocalName	printer/factory.go	524	3	O
printer.NodeFactory.GetLocalNameEx	printer/factory.go	531	3	O
printer.NodeFactory.GetExportName	printer/factory.go	539	3	O
printer.NodeFactory.GetExportNameEx	printer/factory.go	547	3	O
printer.NodeFactory.GetDeclarationName	printer/factory.go	552	3	O
printer.NodeFactory.GetDeclarationNameEx	printer/factory.go	557	3	O
printer.NodeFactory.GetNamespaceMemberName	printer/factory.go	561	14	O
printer.NodeFactory.GetExternalModuleOrNamespaceExportName	printer/factory.go	580	7	O
printer.NodeFactory.NewUnscopedHelperName	printer/factory.go	593	5	O
printer.NodeFactory.NewDecorateHelper	printer/factory.go	601	21	O
printer.NodeFactory.NewMetadataHelper	printer/factory.go	623	14	O
printer.NodeFactory.NewParamHelper	printer/factory.go	638	12	O
printer.NodeFactory.NewAddDisposableResourceHelper	printer/factory.go	653	10	O
printer.NodeFactory.NewDisposeResourcesHelper	printer/factory.go	664	10	O
printer.NodeFactory.NewClassPrivateFieldGetHelper	printer/factory.go	686	16	O
printer.NodeFactory.NewClassPrivateFieldSetHelper	printer/factory.go	703	16	O
printer.NodeFactory.NewClassPrivateFieldInHelper	printer/factory.go	720	10	O
printer.NodeFactory.NewObjectDefinePropertyCall	printer/factory.go	732	14	O
printer.NodeFactory.NewReflectGetCall	printer/factory.go	748	14	O
printer.NodeFactory.NewReflectSetCall	printer/factory.go	764	14	O
printer.NodeFactory.NewFunctionBindCall	printer/factory.go	780	6	O
printer.NodeFactory.NewImmediatelyInvokedArrowFunction	printer/factory.go	788	18	O
printer.NodeFactory.NewExportDefault	printer/factory.go	808	3	O
printer.NodeFactory.NewExternalModuleExport	printer/factory.go	813	5	O
printer.NodeFactory.NewAssignHelper	printer/factory.go	821	3	O
printer.NodeFactory.NewRestHelper	printer/factory.go	827	40	O
printer.NodeFactory.NewAwaitHelper	printer/factory.go	871	10	O
printer.NodeFactory.NewAsyncGeneratorHelper	printer/factory.go	883	29	O
printer.NodeFactory.NewAsyncDelegatorHelper	printer/factory.go	914	11	O
printer.NodeFactory.NewAsyncValuesHelper	printer/factory.go	927	10	O
printer.NodeFactory.NewAwaiterHelper	printer/factory.go	941	56	O
printer.NodeFactory.NewESDecorateClassContextObject	printer/factory.go	1000	8	O
printer.NodeFactory.NewESDecorateClassElementAccessGetMethod	printer/factory.go	1009	23	O
printer.NodeFactory.NewESDecorateClassElementAccessSetMethod	printer/factory.go	1033	28	O
printer.NodeFactory.NewESDecorateClassElementAccessHasMethod	printer/factory.go	1062	25	O
printer.NodeFactory.NewESDecorateClassElementAccessObject	printer/factory.go	1098	23	O
printer.NodeFactory.NewESDecorateClassElementContextObject	printer/factory.go	1122	45	O
printer.NodeFactory.NewESDecorateHelper	printer/factory.go	1168	10	O
printer.NodeFactory.NewRunInitializersHelper	printer/factory.go	1179	16	O
printer.NodeFactory.NewTemplateObjectHelper	printer/factory.go	1198	10	O
printer.NodeFactory.NewPropKeyHelper	printer/factory.go	1209	10	O
printer.NodeFactory.NewSetFunctionNameHelper	printer/factory.go	1220	16	O
printer.NodeFactory.NewImportDefaultHelper	printer/factory.go	1240	10	O
printer.NodeFactory.NewImportStarHelper	printer/factory.go	1252	10	O
printer.NodeFactory.NewExportStarHelper	printer/factory.go	1264	10	O
printer.NodeFactory.NewAssignmentTargetWrapper	printer/factory.go	1275	23	O
printer.NodeFactory.NewRewriteRelativeImportExtensionsHelper	printer/factory.go	1300	16	O
printer.GeneratedIdentifierFlags.Kind	printer/generatedidentifierflags.go	23	3	O
printer.GeneratedIdentifierFlags.IsAuto	printer/generatedidentifierflags.go	27	3	O
printer.GeneratedIdentifierFlags.IsLoop	printer/generatedidentifierflags.go	31	3	O
printer.GeneratedIdentifierFlags.IsUnique	printer/generatedidentifierflags.go	35	3	O
printer.GeneratedIdentifierFlags.IsNode	printer/generatedidentifierflags.go	39	3	S
printer.GeneratedIdentifierFlags.IsReservedInNestedScopes	printer/generatedidentifierflags.go	43	3	O
printer.GeneratedIdentifierFlags.IsOptimistic	printer/generatedidentifierflags.go	47	3	O
printer.GeneratedIdentifierFlags.IsFileLevel	printer/generatedidentifierflags.go	51	3	O
printer.GeneratedIdentifierFlags.HasAllowNameSubstitution	printer/generatedidentifierflags.go	55	3	O
printer.compareEmitHelpers	printer/helpers.go	17	15	O
printer.NameGenerator.PushScope	printer/namegenerator.go	41	6	D
printer.NameGenerator.PopScope	printer/namegenerator.go	48	8	D
printer.NameGenerator.getScope	printer/namegenerator.go	57	3	O
printer.NameGenerator.getTempFlags	printer/namegenerator.go	61	7	O
printer.NameGenerator.setTempFlags	printer/namegenerator.go	69	7	O
printer.NameGenerator.getTempFlagsForFormattedName	printer/namegenerator.go	78	9	O
printer.NameGenerator.setTempFlagsForFormattedName	printer/namegenerator.go	89	10	O
printer.NameGenerator.reserveName	printer/namegenerator.go	100	12	O
printer.NameGenerator.GenerateName	printer/namegenerator.go	114	23	D
printer.NameGenerator.generateNameForNodeCached	printer/namegenerator.go	138	15	S
printer.NameGenerator.generateNameForNode	printer/namegenerator.go	154	41	O
printer.NameGenerator.generateNameForModuleOrEnum	printer/namegenerator.go	196	9	O
printer.NameGenerator.generateNameForImportOrExportDeclaration	printer/namegenerator.go	206	8	O
printer.NameGenerator.generateNameForExportDefault	printer/namegenerator.go	215	3	O
printer.NameGenerator.generateNameForClassExpression	printer/namegenerator.go	219	3	O
printer.NameGenerator.generateNameForMethodOrAccessor	printer/namegenerator.go	223	6	O
printer.NameGenerator.makeName	printer/namegenerator.go	230	24	S
printer.NameGenerator.makeTempVariableName	printer/namegenerator.go	258	53	O
printer.NameGenerator.makeUniqueName	printer/namegenerator.go	317	25	O
printer.NameGenerator.MakeFileLevelOptimisticUniqueName	printer/namegenerator.go	343	3	S
printer.NameGenerator.checkUniqueName	printer/namegenerator.go	347	7	O
printer.nextContainer	printer/namegenerator.go	355	7	O
printer.isUniqueLocalName	printer/namegenerator.go	363	14	O
printer.NameGenerator.isUniqueName	printer/namegenerator.go	378	4	O
printer.NameGenerator.isReservedName	printer/namegenerator.go	383	23	O
printer.NewPrinter	printer/printer.go	170	22	K
printer.Printer.getLiteralTextOfNode	printer/printer.go	193	32	K
printer.Printer.getTextOfNode	printer/printer.go	227	33	D
printer.Printer.writeAs	printer/printer.go	279	24	K
printer.Printer.write	printer/printer.go	304	3	D
printer.Printer.setWriteKind	printer/printer.go	308	5	O
printer.Printer.writeSymbol	printer/printer.go	314	7	P
printer.Printer.writeLiteral	printer/printer.go	322	3	P
printer.Printer.writePunctuation	printer/printer.go	326	3	D
printer.Printer.writeOperator	printer/printer.go	330	3	D
printer.Printer.writeKeyword	printer/printer.go	334	3	K
printer.Printer.writeProperty	printer/printer.go	338	3	D
printer.Printer.writeParameter	printer/printer.go	342	3	D
printer.Printer.writeComment	printer/printer.go	346	3	P
printer.Printer.writeSpace	printer/printer.go	350	3	D
printer.Printer.writeLine	printer/printer.go	354	3	P
printer.Printer.writeLineRepeat	printer/printer.go	358	5	D
printer.Printer.writeLines	printer/printer.go	364	13	O
printer.Printer.writeTrailingSemicolon	printer/printer.go	378	3	D
printer.Printer.increaseIndent	printer/printer.go	382	3	D
printer.Printer.decreaseIndent	printer/printer.go	386	3	D
printer.Printer.increaseIndentIf	printer/printer.go	390	5	D
printer.Printer.decreaseIndentIf	printer/printer.go	396	5	D
printer.Printer.writeLineOrSpace	printer/printer.go	402	14	O
printer.Printer.writeLinesAndIndent	printer/printer.go	417	8	O
printer.Printer.writeLineSeparatorsAndIndentBefore	printer/printer.go	426	10	O
printer.Printer.writeLineSeparatorsAfter	printer/printer.go	437	8	O
printer.Printer.getLinesBetweenNodes	printer/printer.go	446	32	D
printer.Printer.getEffectiveLines	printer/printer.go	479	25	S
printer.Printer.getLeadingLineTerminatorCount	printer/printer.go	505	55	D
printer.Printer.getSeparatingLineTerminatorCount	printer/printer.go	561	39	D
printer.Printer.getClosingLineTerminatorCount	printer/printer.go	601	33	D
printer.Printer.writeCommentRange	printer/printer.go	635	9	O
printer.Printer.writeCommentRangeWorker	printer/printer.go	645	89	O
printer.Printer.shouldEmitComments	printer/printer.go	739	5	K
printer.Printer.shouldWriteComment	printer/printer.go	745	5	S
printer.Printer.shouldEmitIndented	printer/printer.go	751	3	D
printer.Printer.shouldElideIndentation	printer/printer.go	755	3	D
printer.Printer.shouldEmitOnSingleLine	printer/printer.go	759	3	D
printer.Printer.shouldEmitOnMultipleLines	printer/printer.go	763	3	D
printer.Printer.shouldEmitBlockFunctionBodyOnSingleLine	printer/printer.go	767	37	O
printer.Printer.shouldEmitOnNewLine	printer/printer.go	805	6	D
printer.Printer.shouldEmitSourceMaps	printer/printer.go	812	6	K
printer.Printer.shouldEmitTokenSourceMaps	printer/printer.go	819	9	D
printer.Printer.shouldEmitLeadingComments	printer/printer.go	829	3	D
printer.Printer.shouldEmitTrailingComments	printer/printer.go	833	3	P
printer.Printer.shouldEmitNestedComments	printer/printer.go	837	3	O
printer.Printer.shouldEmitDetachedComments	printer/printer.go	841	13	O
printer.Printer.hasCommentsAtPosition	printer/printer.go	855	13	O
printer.Printer.shouldEmitIndirectCall	printer/printer.go	869	3	O
printer.Printer.shouldAllowTrailingComma	printer/printer.go	873	42	O
printer.Printer.writeTokenText	printer/printer.go	920	11	K
printer.Printer.emitToken	printer/printer.go	932	3	D
printer.Printer.emitTokenEx	printer/printer.go	936	6	D
printer.Printer.emitKeywordNode	printer/printer.go	943	3	K
printer.Printer.emitKeywordNodeEx	printer/printer.go	947	9	K
printer.Printer.emitPunctuationNode	printer/printer.go	957	3	D
printer.Printer.emitPunctuationNodeEx	printer/printer.go	961	9	D
printer.Printer.emitTokenNode	printer/printer.go	971	3	D
printer.Printer.emitTokenNodeEx	printer/printer.go	975	14	D
printer.Printer.emitLiteral	printer/printer.go	1004	27	K
printer.Printer.emitNumericLiteral	printer/printer.go	1032	5	D
printer.Printer.emitBigIntLiteral	printer/printer.go	1038	5	D
printer.Printer.emitStringLiteral	printer/printer.go	1044	5	K
printer.Printer.emitNoSubstitutionTemplateLiteral	printer/printer.go	1050	5	P
printer.Printer.emitRegularExpressionLiteral	printer/printer.go	1056	5	S
printer.Printer.emitTemplateHead	printer/printer.go	1066	5	D
printer.Printer.emitTemplateMiddle	printer/printer.go	1072	5	D
printer.Printer.emitTemplateTail	printer/printer.go	1078	5	D
printer.Printer.emitTemplateMiddleTail	printer/printer.go	1084	8	D
printer.Printer.emitSnippetNode	printer/printer.go	1097	8	O
printer.Printer.emitTabStop	printer/printer.go	1106	4	O
printer.Printer.emitIdentifierText	printer/printer.go	1115	13	D
printer.Printer.emitIdentifierName	printer/printer.go	1129	5	D
printer.Printer.emitIdentifierNameNode	printer/printer.go	1135	6	O
printer.Printer.getUniqueHelperName	printer/printer.go	1142	10	S
printer.Printer.emitIdentifierReference	printer/printer.go	1153	27	D
printer.Printer.emitBindingIdentifier	printer/printer.go	1181	13	D
printer.Printer.emitLabelIdentifier	printer/printer.go	1195	5	O
printer.Printer.emitPrivateIdentifier	printer/printer.go	1201	5	P
printer.Printer.emitQualifiedName	printer/printer.go	1207	7	D
printer.Printer.emitComputedPropertyName	printer/printer.go	1215	7	D
printer.Printer.emitEntityName	printer/printer.go	1223	14	D
printer.Printer.emitBindingName	printer/printer.go	1238	16	D
printer.Printer.emitPropertyName	printer/printer.go	1255	29	D
printer.Printer.emitMemberName	printer/printer.go	1285	14	D
printer.Printer.emitModuleName	printer/printer.go	1300	14	O
printer.Printer.emitModuleExportName	printer/printer.go	1315	14	O
printer.Printer.emitImportAttributeName	printer/printer.go	1330	10	P
printer.Printer.emitNestedModuleName	printer/printer.go	1341	14	O
printer.Printer.emitModifierList	printer/printer.go	1360	80	D
printer.Printer.emitTypeParameter	printer/printer.go	1441	18	D
printer.Printer.emitTypeParameterDeclarationNode	printer/printer.go	1460	9	D
printer.Printer.emitParameterName	printer/printer.go	1470	6	D
printer.Printer.emitParameter	printer/printer.go	1477	14	D
printer.Printer.emitParameterDeclarationNode	printer/printer.go	1492	3	D
printer.Printer.emitDecorator	printer/printer.go	1496	6	S
printer.Printer.emitModifierLike	printer/printer.go	1503	10	P
printer.Printer.emitTypeParameters	printer/printer.go	1514	6	D
printer.Printer.emitTypeAnnotation	printer/printer.go	1521	9	D
printer.Printer.emitInitializer	printer/printer.go	1531	10	D
printer.Printer.emitParameters	printer/printer.go	1542	4	D
printer.canEmitSimpleArrowHead	printer/printer.go	1547	21	O
printer.Printer.emitParametersForArrow	printer/printer.go	1569	8	O
printer.Printer.emitParametersForIndexSignature	printer/printer.go	1578	4	D
printer.Printer.emitSignature	printer/printer.go	1583	13	D
printer.Printer.emitFunctionBody	printer/printer.go	1597	42	S
printer.Printer.emitFunctionBodyNode	printer/printer.go	1640	9	P
printer.Printer.emitPropertySignature	printer/printer.go	1654	9	D
printer.Printer.emitPropertyDeclaration	printer/printer.go	1664	10	S
printer.Printer.emitMethodSignature	printer/printer.go	1675	14	D
printer.Printer.emitMethodDeclaration	printer/printer.go	1690	15	S
printer.Printer.emitClassStaticBlockDeclaration	printer/printer.go	1706	8	S
printer.Printer.emitConstructor	printer/printer.go	1715	13	S
printer.Printer.emitAccessorDeclaration	printer/printer.go	1729	15	P
printer.Printer.emitGetAccessorDeclaration	printer/printer.go	1745	3	P
printer.Printer.emitSetAccessorDeclaration	printer/printer.go	1749	3	P
printer.Printer.emitCallSignature	printer/printer.go	1753	11	D
printer.Printer.emitConstructSignature	printer/printer.go	1765	13	D
printer.Printer.emitIndexSignature	printer/printer.go	1779	13	D
printer.Printer.emitClassElement	printer/printer.go	1793	26	O
printer.Printer.emitTypeElement	printer/printer.go	1820	22	D
printer.Printer.emitObjectLiteralElement	printer/printer.go	1843	18	O
printer.Printer.emitKeywordTypeNode	printer/printer.go	1866	3	K
printer.Printer.emitTypePredicateParameterName	printer/printer.go	1870	10	D
printer.Printer.emitTypePredicate	printer/printer.go	1881	15	D
printer.Printer.emitTypeArgument	printer/printer.go	1897	3	D
printer.Printer.emitTypeArguments	printer/printer.go	1901	6	D
printer.Printer.emitTypeReference	printer/printer.go	1908	6	D
printer.Printer.emitReturnType	printer/printer.go	1916	17	D
printer.Printer.emitFunctionType	printer/printer.go	1934	14	D
printer.Printer.emitConstructorType	printer/printer.go	1949	17	D
printer.Printer.emitTypeQuery	printer/printer.go	1967	8	D
printer.Printer.emitTypeLiteral	printer/printer.go	1976	11	D
printer.Printer.emitArrayType	printer/printer.go	1988	7	D
printer.Printer.emitPostfixTypeOperand	printer/printer.go	2003	7	D
printer.Printer.emitTupleElementType	printer/printer.go	2011	3	D
printer.Printer.emitTupleType	printer/printer.go	2015	8	D
printer.Printer.emitRestType	printer/printer.go	2024	6	D
printer.Printer.emitOptionalType	printer/printer.go	2031	7	D
printer.Printer.emitNamedTupleMember	printer/printer.go	2039	10	D
printer.Printer.emitUnionTypeConstituent	printer/printer.go	2050	3	D
printer.Printer.emitUnionType	printer/printer.go	2054	5	D
printer.Printer.emitIntersectionTypeConstituent	printer/printer.go	2060	3	D
printer.Printer.emitIntersectionType	printer/printer.go	2064	5	D
printer.Printer.emitConditionalType	printer/printer.go	2070	17	D
printer.Printer.emitInferTypeParameter	printer/printer.go	2088	11	D
printer.Printer.emitInferType	printer/printer.go	2100	7	D
printer.Printer.emitParenthesizedType	printer/printer.go	2108	7	P
printer.Printer.emitThisType	printer/printer.go	2116	5	D
printer.Printer.emitTypeOperator	printer/printer.go	2122	7	D
printer.Printer.emitIndexedAccessType	printer/printer.go	2130	8	D
printer.Printer.emitMappedTypeParameter	printer/printer.go	2139	9	D
printer.Printer.emitMappedType	printer/printer.go	2149	55	D
printer.Printer.emitLiteralType	printer/printer.go	2205	5	K
printer.Printer.emitTemplateTypeSpan	printer/printer.go	2211	6	D
printer.Printer.emitTemplateTypeSpanNode	printer/printer.go	2218	3	D
printer.Printer.emitTemplateType	printer/printer.go	2222	6	D
printer.Printer.emitImportTypeNodeAttributes	printer/printer.go	2229	12	P
printer.Printer.emitImportTypeNode	printer/printer.go	2242	22	D
printer.Printer.emitTypeNodeInExtends	printer/printer.go	2266	6	D
printer.Printer.emitTypeNodeOutsideExtends	printer/printer.go	2274	6	K
printer.Printer.emitTypeNodePreservingExtends	printer/printer.go	2282	3	K
printer.Printer.emitTypeNode	printer/printer.go	2286	107	K
printer.Printer.emitObjectBindingPattern	printer/printer.go	2398	7	D
printer.Printer.emitArrayBindingPattern	printer/printer.go	2406	7	D
printer.Printer.emitBindingElement	printer/printer.go	2414	15	D
printer.Printer.emitBindingElementNode	printer/printer.go	2430	3	D
printer.Printer.emitJSDocAllType	printer/printer.go	2434	3	S
printer.Printer.emitJSDocNonNullableType	printer/printer.go	2438	6	S
printer.Printer.emitJSDocNullableType	printer/printer.go	2445	6	S
printer.Printer.emitJSDocOptionalType	printer/printer.go	2452	6	S
printer.Printer.emitJSDocVariadicType	printer/printer.go	2459	6	S
printer.Printer.emitKeywordExpression	printer/printer.go	2470	3	P
printer.Printer.emitArrayLiteralExpressionElement	printer/printer.go	2474	3	O
printer.Printer.emitArrayLiteralExpression	printer/printer.go	2478	5	S
printer.Printer.emitObjectLiteralExpression	printer/printer.go	2484	13	S
printer.Printer.mayNeedDotDotForPropertyAccess	printer/printer.go	2500	14	D
printer.Printer.emitPropertyAccessExpression	printer/printer.go	2515	32	D
printer.Printer.emitElementAccessExpression	printer/printer.go	2548	9	P
printer.Printer.emitArgument	printer/printer.go	2558	3	O
printer.Printer.emitCallee	printer/printer.go	2562	15	O
printer.Printer.emitCallExpression	printer/printer.go	2578	8	S
printer.Printer.emitNewExpression	printer/printer.go	2587	14	S
printer.Printer.emitTemplateLiteral	printer/printer.go	2602	10	O
printer.Printer.emitTaggedTemplateExpression	printer/printer.go	2613	8	S
printer.Printer.emitTypeAssertionExpression	printer/printer.go	2622	8	S
printer.Printer.emitParenthesizedExpression	printer/printer.go	2631	14	S
printer.Printer.emitFunctionExpression	printer/printer.go	2646	17	S
printer.Printer.emitConciseBody	printer/printer.go	2664	17	O
printer.Printer.emitArrowFunction	printer/printer.go	2682	17	S
printer.Printer.emitDeleteExpression	printer/printer.go	2700	7	S
printer.Printer.emitTypeOfExpression	printer/printer.go	2708	7	S
printer.Printer.emitVoidExpression	printer/printer.go	2716	7	S
printer.Printer.emitAwaitExpression	printer/printer.go	2724	7	S
printer.Printer.emitPrefixUnaryExpression	printer/printer.go	2732	29	D
printer.Printer.emitPostfixUnaryExpression	printer/printer.go	2762	6	S
printer.Printer.getLiteralKindOfBinaryPlusOperand	printer/printer.go	2773	27	O
printer.Printer.getBinaryExpressionPrecedence	printer/printer.go	2801	69	O
printer.Printer.emitBinaryExpression	printer/printer.go	2871	20	S
printer.Printer.emitShortCircuitExpression	printer/printer.go	2892	7	O
printer.Printer.emitConditionalExpression	printer/printer.go	2900	21	S
printer.Printer.emitTemplateExpression	printer/printer.go	2922	6	S
printer.Printer.emitYieldExpression	printer/printer.go	2929	10	S
printer.Printer.emitSpreadElement	printer/printer.go	2940	6	S
printer.Printer.emitClassExpression	printer/printer.go	2947	28	S
printer.Printer.emitOmittedExpression	printer/printer.go	2976	3	P
printer.Printer.emitExpressionWithTypeArguments	printer/printer.go	2980	6	P
printer.Printer.emitAsExpression	printer/printer.go	2987	9	S
printer.Printer.emitSatisfiesExpression	printer/printer.go	2997	9	S
printer.Printer.emitNonNullExpression	printer/printer.go	3007	6	S
printer.Printer.emitMetaProperty	printer/printer.go	3014	7	S
printer.Printer.emitPartiallyEmittedExpression	printer/printer.go	3022	33	S
printer.Printer.commentWillEmitNewLine	printer/printer.go	3056	3	O
printer.Printer.syntheticCommentWillEmitNewLine	printer/printer.go	3060	3	O
printer.Printer.willEmitLeadingNewLine	printer/printer.go	3064	37	O
printer.Printer.parenthesizeExpressionForNoAsi	printer/printer.go	3104	111	O
printer.Printer.emitExpressionNoASI	printer/printer.go	3216	4	O
printer.Printer.emitExpression	printer/printer.go	3221	123	K
printer.Printer.emitTemplateSpan	printer/printer.go	3349	6	S
printer.Printer.emitTemplateSpanNode	printer/printer.go	3356	3	O
printer.Printer.emitSemicolonClassElement	printer/printer.go	3360	5	S
printer.Printer.isEmptyBlock	printer/printer.go	3370	4	O
printer.Printer.emitBlock	printer/printer.go	3375	13	O
printer.Printer.emitVariableStatement	printer/printer.go	3389	7	O
printer.Printer.emitEmptyStatement	printer/printer.go	3397	12	O
printer.Printer.emitExpressionStatement	printer/printer.go	3410	30	O
printer.Printer.emitIIFEWithParenthesizedCallee	printer/printer.go	3450	13	O
printer.Printer.emitIfStatement	printer/printer.go	3464	20	O
printer.Printer.emitWhileClause	printer/printer.go	3485	7	O
printer.Printer.emitDoStatement	printer/printer.go	3493	14	O
printer.Printer.emitWhileStatement	printer/printer.go	3508	6	O
printer.Printer.emitForInitializer	printer/printer.go	3515	7	O
printer.Printer.emitForStatement	printer/printer.go	3523	25	O
printer.Printer.emitForInStatement	printer/printer.go	3549	14	O
printer.Printer.emitForOfStatement	printer/printer.go	3564	18	O
printer.Printer.emitContinueStatement	printer/printer.go	3583	10	O
printer.Printer.emitBreakStatement	printer/printer.go	3594	10	O
printer.Printer.emitReturnStatement	printer/printer.go	3605	10	O
printer.Printer.emitWithStatement	printer/printer.go	3616	10	O
printer.Printer.emitSwitchStatement	printer/printer.go	3627	11	O
printer.Printer.emitLabeledStatement	printer/printer.go	3639	15	O
printer.Printer.emitThrowStatement	printer/printer.go	3655	8	O
printer.Printer.emitTryStatement	printer/printer.go	3664	17	O
printer.Printer.emitDebuggerStatement	printer/printer.go	3682	6	O
printer.Printer.emitNotEmittedStatement	printer/printer.go	3689	3	O
printer.Printer.emitNotEmittedTypeElement	printer/printer.go	3693	3	P
printer.Printer.emitVariableDeclaration	printer/printer.go	3701	8	S
printer.Printer.emitVariableDeclarationNode	printer/printer.go	3710	3	O
printer.Printer.emitVariableDeclarationList	printer/printer.go	3714	20	S
printer.Printer.emitFunctionDeclaration	printer/printer.go	3735	19	O
printer.Printer.emitClassDeclaration	printer/printer.go	3755	23	O
printer.Printer.emitInterfaceDeclaration	printer/printer.go	3779	17	O
printer.Printer.emitTypeAliasDeclaration	printer/printer.go	3797	14	O
printer.Printer.emitEnumDeclaration	printer/printer.go	3812	12	O
printer.Printer.emitModuleDeclaration	printer/printer.go	3825	23	O
printer.Printer.emitModuleBlock	printer/printer.go	3849	11	S
printer.Printer.emitCaseBlock	printer/printer.go	3861	7	S
printer.Printer.emitImportEqualsDeclaration	printer/printer.go	3869	17	O
printer.Printer.emitModuleReference	printer/printer.go	3887	12	O
printer.Printer.emitImportDeclaration	printer/printer.go	3900	19	O
printer.Printer.emitImportClause	printer/printer.go	3920	16	S
printer.Printer.emitNamespaceImport	printer/printer.go	3937	9	S
printer.Printer.emitNamedImports	printer/printer.go	3947	7	S
printer.Printer.emitNamedImportBindings	printer/printer.go	3955	13	O
printer.Printer.emitImportSpecifier	printer/printer.go	3969	15	S
printer.Printer.emitImportSpecifierNode	printer/printer.go	3985	3	O
printer.Printer.emitExportAssignment	printer/printer.go	3989	24	O
printer.Printer.emitExportDeclaration	printer/printer.go	4014	27	O
printer.Printer.emitImportAttributes	printer/printer.go	4042	7	P
printer.Printer.emitImportAttribute	printer/printer.go	4050	13	P
printer.Printer.emitImportAttributeNode	printer/printer.go	4064	3	P
printer.Printer.emitNamespaceExportDeclaration	printer/printer.go	4068	12	O
printer.Printer.emitNamespaceExport	printer/printer.go	4081	9	S
printer.Printer.emitNamedExports	printer/printer.go	4091	7	S
printer.Printer.emitNamedExportBindings	printer/printer.go	4099	10	O
printer.Printer.emitExportSpecifier	printer/printer.go	4110	15	S
printer.Printer.emitExportSpecifierNode	printer/printer.go	4126	3	O
printer.Printer.emitEmbeddedStatement	printer/printer.go	4130	17	O
printer.Printer.emitStatement	printer/printer.go	4148	81	S
printer.Printer.emitExternalModuleReference	printer/printer.go	4234	8	S
printer.Printer.emitJsxElement	printer/printer.go	4247	7	S
printer.Printer.emitJsxSelfClosingElement	printer/printer.go	4255	10	S
printer.Printer.emitJsxFragment	printer/printer.go	4266	7	S
printer.Printer.emitJsxOpeningElement	printer/printer.go	4274	15	S
printer.Printer.emitJsxClosingElement	printer/printer.go	4290	7	S
printer.Printer.emitJsxOpeningFragment	printer/printer.go	4298	6	S
printer.Printer.emitJsxClosingFragment	printer/printer.go	4305	6	S
printer.Printer.emitJsxText	printer/printer.go	4312	6	S
printer.Printer.emitJsxAttributes	printer/printer.go	4319	5	S
printer.Printer.emitJsxAttribute	printer/printer.go	4325	9	S
printer.Printer.emitJsxSpreadAttribute	printer/printer.go	4335	7	S
printer.Printer.emitJsxAttributeLike	printer/printer.go	4343	10	O
printer.Printer.emitJsxExpression	printer/printer.go	4354	15	S
printer.Printer.emitJsxNamespacedName	printer/printer.go	4370	7	S
printer.Printer.emitJsxChild	printer/printer.go	4378	16	O
printer.Printer.emitJsxTagName	printer/printer.go	4395	14	O
printer.Printer.emitJsxAttributeName	printer/printer.go	4410	10	O
printer.Printer.emitJsxAttributeValue	printer/printer.go	4421	16	O
printer.Printer.emitCaseOrDefaultClauseStatements	printer/printer.go	4442	21	O
printer.Printer.emitCaseClause	printer/printer.go	4464	8	S
printer.Printer.emitDefaultClause	printer/printer.go	4473	6	S
printer.Printer.emitCaseOrDefaultClauseNode	printer/printer.go	4480	10	O
printer.Printer.emitHeritageClause	printer/printer.go	4491	8	S
printer.Printer.emitHeritageClauseElement	printer/printer.go	4500	10	O
printer.Printer.emitHeritageClauseNode	printer/printer.go	4511	3	O
printer.Printer.emitCatchClause	printer/printer.go	4515	15	S
printer.Printer.emitPropertyAssignment	printer/printer.go	4535	20	S
printer.Printer.emitShorthandPropertyAssignment	printer/printer.go	4556	11	S
printer.Printer.emitSpreadAssignment	printer/printer.go	4568	8	S
printer.Printer.emitEnumMember	printer/printer.go	4581	6	S
printer.Printer.emitEnumMemberNode	printer/printer.go	4588	3	O
printer.Printer.emitJSDocNode	printer/printer.go	4596	4	S
printer.Printer.emitShebangIfNeeded	printer/printer.go	4605	10	O
printer.Printer.emitPrologueDirectives	printer/printer.go	4616	11	O
printer.Printer.emitHelpers	printer/printer.go	4628	27	O
printer.Printer.emitSourceFile	printer/printer.go	4656	41	S
printer.Printer.emitTripleSlashDirectives	printer/printer.go	4698	5	O
printer.Printer.emitDirective	printer/printer.go	4704	10	O
printer.Printer.emitList	printer/printer.go	4719	7	D
printer.Printer.emitListRange	printer/printer.go	4727	66	D
printer.Printer.hasTrailingComma	printer/printer.go	4794	73	D
printer.Printer.writeDelimiter	printer/printer.go	4868	18	D
printer.Printer.emitListItems	printer/printer.go	4890	142	D
printer.Printer.Emit	printer/printer.go	5037	12	O
printer.Printer.EmitSourceFile	printer/printer.go	5050	3	O
printer.Printer.setSourceFile	printer/printer.go	5054	14	K
printer.Printer.Write	printer/printer.go	5069	210	K
printer.Printer.emitCommentsBeforeNode	printer/printer.go	5284	22	K
printer.Printer.emitCommentsAfterNode	printer/printer.go	5307	24	K
printer.Printer.emitCommentsBeforeToken	printer/printer.go	5332	31	D
printer.Printer.emitCommentsAfterToken	printer/printer.go	5364	10	D
printer.Printer.emitDetachedCommentsBeforeStatementList	printer/printer.go	5375	21	O
printer.Printer.emitDetachedCommentsAfterStatementList	printer/printer.go	5397	15	O
printer.Printer.emitLeadingCommentsOfNode	printer/printer.go	5413	34	S
printer.Printer.emitTrailingCommentsOfNode	printer/printer.go	5448	17	S
printer.Printer.emitLeadingSyntheticCommentsOfNode	printer/printer.go	5466	9	S
printer.Printer.emitLeadingSynthesizedComment	printer/printer.go	5476	11	O
printer.Printer.emitTrailingSyntheticCommentsOfNode	printer/printer.go	5488	9	S
printer.Printer.emitTrailingSynthesizedComment	printer/printer.go	5498	9	O
printer.formatSynthesizedComment	printer/printer.go	5508	6	O
printer.Printer.writeSynthesizedComment	printer/printer.go	5515	8	O
printer.Printer.emitLeadingComments	printer/printer.go	5524	46	D
printer.Printer.shouldEmitCommentIfTripleSlash	printer/printer.go	5571	10	S
printer.Printer.shouldEmitNewLineBeforeLeadingCommentOfPosition	printer/printer.go	5582	6	S
printer.Printer.emitLeadingCommentsOfPosition	printer/printer.go	5589	7	O
printer.Printer.emitTrailingComments	printer/printer.go	5597	19	D
printer.Printer.emitTrailingCommentsOfPosition	printer/printer.go	5617	44	D
printer.Printer.emitDetachedCommentsAndUpdateCommentsInfo	printer/printer.go	5662	8	O
printer.Printer.emitDetachedComments	printer/printer.go	5671	78	O
printer.Printer.emitComments	printer/printer.go	5758	31	S
printer.Printer.emitComment	printer/printer.go	5790	5	S
printer.Printer.isTripleSlashComment	printer/printer.go	5796	4	O
printer.Printer.setSourceMapSource	printer/printer.go	5805	27	D
printer.Printer.emitPos	printer/printer.go	5833	16	O
printer.Printer.emitSourcePos	printer/printer.go	5870	14	S
printer.Printer.emitSourceMapsBeforeNode	printer/printer.go	5899	23	K
printer.Printer.emitSourceMapsAfterNode	printer/printer.go	5923	18	K
printer.Printer.emitSourceMapsBeforeToken	printer/printer.go	5942	21	D
printer.Printer.emitSourceMapsAfterToken	printer/printer.go	5964	17	D
printer.Printer.shouldReuseTempVariableScope	printer/printer.go	5986	3	D
printer.Printer.pushNameGenerationScope	printer/printer.go	5990	3	D
printer.Printer.popNameGenerationScope	printer/printer.go	5994	3	D
printer.Printer.generateAllNames	printer/printer.go	5998	8	D
printer.Printer.generateNames	printer/printer.go	6007	59	D
printer.Printer.generateAllMemberNames	printer/printer.go	6067	8	D
printer.Printer.generateMemberNames	printer/printer.go	6076	16	D
printer.Printer.generateNameIfNeeded	printer/printer.go	6093	9	D
printer.Printer.generateName	printer/printer.go	6104	3	D
printer.Printer.isFileLevelUniqueNameInCurrentFile	printer/printer.go	6109	7	S
printer.Printer.enterNode	printer/printer.go	6121	11	K
printer.Printer.exitNode	printer/printer.go	6133	8	K
printer.Printer.enterTokenNode	printer/printer.go	6142	15	K
printer.Printer.exitTokenNode	printer/printer.go	6158	8	K
printer.Printer.enterToken	printer/printer.go	6177	6	D
printer.Printer.exitToken	printer/printer.go	6184	4	D
printer.getOpeningBracket	printer/printer.go	6279	14	D
printer.getClosingBracket	printer/printer.go	6294	14	D
printer.getTrailingSemicolonDeferringWriter	printer/semicolon_writer.go	13	3	D
printer.trailingSemicolonDeferringWriter.commitSemicolon	printer/semicolon_writer.go	17	6	D
printer.trailingSemicolonDeferringWriter.Write	printer/semicolon_writer.go	24	4	D
printer.trailingSemicolonDeferringWriter.WriteTrailingSemicolon	printer/semicolon_writer.go	29	3	D
printer.trailingSemicolonDeferringWriter.WriteComment	printer/semicolon_writer.go	33	4	P
printer.trailingSemicolonDeferringWriter.WriteKeyword	printer/semicolon_writer.go	38	4	D
printer.trailingSemicolonDeferringWriter.WriteOperator	printer/semicolon_writer.go	43	4	P
printer.trailingSemicolonDeferringWriter.WritePunctuation	printer/semicolon_writer.go	48	4	D
printer.trailingSemicolonDeferringWriter.WriteSpace	printer/semicolon_writer.go	53	4	D
printer.trailingSemicolonDeferringWriter.WriteStringLiteral	printer/semicolon_writer.go	58	4	D
printer.trailingSemicolonDeferringWriter.WriteParameter	printer/semicolon_writer.go	63	4	D
printer.trailingSemicolonDeferringWriter.WriteProperty	printer/semicolon_writer.go	68	4	D
printer.trailingSemicolonDeferringWriter.WriteSymbol	printer/semicolon_writer.go	73	4	P
printer.trailingSemicolonDeferringWriter.WriteLine	printer/semicolon_writer.go	78	4	P
printer.trailingSemicolonDeferringWriter.WriteLineForce	printer/semicolon_writer.go	83	4	P
printer.trailingSemicolonDeferringWriter.IncreaseIndent	printer/semicolon_writer.go	88	4	P
printer.trailingSemicolonDeferringWriter.DecreaseIndent	printer/semicolon_writer.go	93	4	P
printer.trailingSemicolonDeferringWriter.Clear	printer/semicolon_writer.go	98	4	D
printer.trailingSemicolonDeferringWriter.String	printer/semicolon_writer.go	103	3	P
printer.trailingSemicolonDeferringWriter.RawWrite	printer/semicolon_writer.go	107	4	P
printer.trailingSemicolonDeferringWriter.WriteLiteral	printer/semicolon_writer.go	112	4	P
printer.trailingSemicolonDeferringWriter.GetTextPos	printer/semicolon_writer.go	117	3	P
printer.trailingSemicolonDeferringWriter.GetLine	printer/semicolon_writer.go	121	3	P
printer.trailingSemicolonDeferringWriter.GetColumn	printer/semicolon_writer.go	125	3	P
printer.trailingSemicolonDeferringWriter.GetIndent	printer/semicolon_writer.go	129	3	P
printer.trailingSemicolonDeferringWriter.IsAtStartOfLine	printer/semicolon_writer.go	133	3	P
printer.trailingSemicolonDeferringWriter.HasTrailingComment	printer/semicolon_writer.go	137	3	P
printer.trailingSemicolonDeferringWriter.HasTrailingWhitespace	printer/semicolon_writer.go	141	3	P
printer.GetSingleLineStringWriter	printer/singlelinestringwriter.go	21	7	D
printer.singleLineStringWriter.Clear	printer/singlelinestringwriter.go	34	4	D
printer.singleLineStringWriter.DecreaseIndent	printer/singlelinestringwriter.go	39	3	P
printer.singleLineStringWriter.GetColumn	printer/singlelinestringwriter.go	43	3	P
printer.singleLineStringWriter.GetIndent	printer/singlelinestringwriter.go	47	3	P
printer.singleLineStringWriter.GetLine	printer/singlelinestringwriter.go	51	3	P
printer.singleLineStringWriter.String	printer/singlelinestringwriter.go	55	3	D
printer.singleLineStringWriter.GetTextPos	printer/singlelinestringwriter.go	59	3	P
printer.singleLineStringWriter.HasTrailingComment	printer/singlelinestringwriter.go	63	3	P
printer.singleLineStringWriter.HasTrailingWhitespace	printer/singlelinestringwriter.go	67	10	P
printer.singleLineStringWriter.IncreaseIndent	printer/singlelinestringwriter.go	78	3	P
printer.singleLineStringWriter.IsAtStartOfLine	printer/singlelinestringwriter.go	82	3	P
printer.singleLineStringWriter.RawWrite	printer/singlelinestringwriter.go	86	4	P
printer.singleLineStringWriter.Write	printer/singlelinestringwriter.go	91	4	D
printer.singleLineStringWriter.WriteComment	printer/singlelinestringwriter.go	96	4	P
printer.singleLineStringWriter.WriteKeyword	printer/singlelinestringwriter.go	101	4	D
printer.singleLineStringWriter.WriteLine	printer/singlelinestringwriter.go	106	4	P
printer.singleLineStringWriter.WriteLineForce	printer/singlelinestringwriter.go	111	4	P
printer.singleLineStringWriter.WriteLiteral	printer/singlelinestringwriter.go	116	4	P
printer.singleLineStringWriter.WriteOperator	printer/singlelinestringwriter.go	121	4	P
printer.singleLineStringWriter.WriteParameter	printer/singlelinestringwriter.go	126	4	D
printer.singleLineStringWriter.WriteProperty	printer/singlelinestringwriter.go	131	4	D
printer.singleLineStringWriter.WritePunctuation	printer/singlelinestringwriter.go	136	4	D
printer.singleLineStringWriter.WriteSpace	printer/singlelinestringwriter.go	141	4	D
printer.singleLineStringWriter.WriteStringLiteral	printer/singlelinestringwriter.go	146	4	D
printer.singleLineStringWriter.WriteSymbol	printer/singlelinestringwriter.go	151	4	P
printer.singleLineStringWriter.WriteTrailingSemicolon	printer/singlelinestringwriter.go	156	4	D
printer.PrintAndPositionNode	printer/syntheticfile.go	17	18	O
printer.CreateSyntheticSourceFile	printer/syntheticfile.go	39	15	O
printer.textWriter.Clear	printer/textwriter.go	26	3	K
printer.textWriter.Grow	printer/textwriter.go	30	3	D
printer.textWriter.DecreaseIndent	printer/textwriter.go	34	3	D
printer.textWriter.GetColumn	printer/textwriter.go	40	8	P
printer.textWriter.GetIndent	printer/textwriter.go	49	3	P
printer.textWriter.GetLine	printer/textwriter.go	53	3	P
printer.textWriter.String	printer/textwriter.go	57	3	K
printer.textWriter.GetTextPos	printer/textwriter.go	61	3	P
printer.textWriter.HasTrailingComment	printer/textwriter.go	65	3	P
printer.textWriter.HasTrailingWhitespace	printer/textwriter.go	69	10	P
printer.textWriter.IncreaseIndent	printer/textwriter.go	80	3	D
printer.textWriter.IsAtStartOfLine	printer/textwriter.go	84	3	P
printer.textWriter.RawWrite	printer/textwriter.go	88	8	P
printer.textWriter.updateLineCountAndPosFor	printer/textwriter.go	97	18	K
printer.GetDefaultIndentSize	printer/textwriter.go	119	3	O
printer.getIndentString	printer/textwriter.go	123	7	K
printer.textWriter.writeText	printer/textwriter.go	131	11	K
printer.textWriter.Write	printer/textwriter.go	143	6	K
printer.textWriter.WriteComment	printer/textwriter.go	150	6	P
printer.textWriter.WriteKeyword	printer/textwriter.go	157	3	K
printer.textWriter.writeLineRaw	printer/textwriter.go	161	8	P
printer.textWriter.WriteLine	printer/textwriter.go	170	5	P
printer.textWriter.WriteLineForce	printer/textwriter.go	176	5	P
printer.textWriter.WriteLiteral	printer/textwriter.go	182	3	P
printer.textWriter.WriteOperator	printer/textwriter.go	186	3	D
printer.textWriter.WriteParameter	printer/textwriter.go	190	3	D
printer.textWriter.WriteProperty	printer/textwriter.go	194	3	D
printer.textWriter.WritePunctuation	printer/textwriter.go	198	3	D
printer.textWriter.WriteSpace	printer/textwriter.go	202	3	D
printer.textWriter.WriteStringLiteral	printer/textwriter.go	206	3	K
printer.textWriter.WriteSymbol	printer/textwriter.go	210	3	P
printer.textWriter.WriteTrailingSemicolon	printer/textwriter.go	214	3	D
printer.NewTextWriter	printer/textwriter.go	218	10	K
printer.encodeJsxCharacterEntity	printer/utilities.go	58	6	S
printer.encodeUtf16EscapeSequence	printer/utilities.go	65	8	D
printer.escapeStringWorker	printer/utilities.go	77	100	K
printer.EscapeString	printer/utilities.go	178	6	D
printer.escapeNonAsciiString	printer/utilities.go	185	6	P
printer.escapeJsxAttributeString	printer/utilities.go	192	6	S
printer.canUseOriginalText	printer/utilities.go	199	27	D
printer.getLiteralText	printer/utilities.go	227	113	K
printer.isNotPrologueDirective	printer/utilities.go	341	3	O
printer.RangeIsOnSingleLine	printer/utilities.go	345	3	P
printer.RangeStartPositionsAreOnSameLine	printer/utilities.go	349	7	P
printer.rangeEndPositionsAreOnSameLine	printer/utilities.go	357	3	P
printer.rangeStartIsOnSameLineAsRangeEnd	printer/utilities.go	361	3	P
printer.rangeEndIsOnSameLineAsRangeStart	printer/utilities.go	365	3	P
printer.getStartPositionOfRange	printer/utilities.go	369	6	P
printer.PositionsAreOnSameLine	printer/utilities.go	376	3	P
printer.GetLinesBetweenPositions	printer/utilities.go	380	16	P
printer.getLinesBetweenRangeEndAndRangeStart	printer/utilities.go	397	4	S
printer.getLinesBetweenPositionAndPrecedingNonWhitespaceCharacter	printer/utilities.go	402	5	S
printer.getLinesBetweenPositionAndNextNonWhitespaceCharacter	printer/utilities.go	408	4	S
printer.getPreviousNonWhitespacePosition	printer/utilities.go	413	8	O
printer.siblingNodePositionsAreComparable	printer/utilities.go	422	20	S
printer.getContainingNodeArray	printer/utilities.go	443	109	O
printer.canHaveDecorators	printer/utilities.go	553	13	O
printer.originalNodesHaveSameParent	printer/utilities.go	567	10	P
printer.tryGetEnd	printer/utilities.go	578	26	D
printer.greatestEnd	printer/utilities.go	605	9	D
printer.skipSynthesizedParentheses	printer/utilities.go	615	6	D
printer.isNewExpressionWithoutArguments	printer/utilities.go	622	3	O
printer.isBinaryOperation	printer/utilities.go	626	5	O
printer.mixingBinaryOperatorsRequiresParentheses	printer/utilities.go	632	9	O
printer.isImmediatelyInvokedFunctionExpressionOrArrowFunction	printer/utilities.go	642	8	O
printer.hasLeadingHash	printer/utilities.go	651	3	O
printer.removeLeadingHash	printer/utilities.go	655	7	O
printer.ensureLeadingHash	printer/utilities.go	663	7	O
printer.FormatGeneratedName	printer/utilities.go	671	7	O
printer.isASCIIWordCharacter	printer/utilities.go	679	3	O
printer.makeIdentifierFromModuleName	printer/utilities.go	683	23	O
printer.findSpanEndWithEmitContext	printer/utilities.go	707	7	O
printer.findSpanEnd	printer/utilities.go	715	7	O
printer.skipWhiteSpaceSingleLine	printer/utilities.go	723	9	O
printer.matchWhiteSpaceSingleLine	printer/utilities.go	733	5	O
printer.matchRune	printer/utilities.go	739	8	O
printer.matchString	printer/utilities.go	748	19	O
printer.matchQuotedString	printer/utilities.go	768	21	O
printer.IsRecognizedTripleSlashComment	printer/utilities.go	796	56	O
printer.isJSDocLikeText	printer/utilities.go	853	6	O
printer.IsPinnedComment	printer/utilities.go	860	5	O
printer.calculateIndent	printer/utilities.go	866	20	O
printer.newLineCharacterCache	printer/utilities.go	904	6	S
printer.lineCharacterCache.getLineAndCharacter	printer/utilities.go	913	24	O
pseudochecker.NewPseudoChecker	pseudochecker/checker.go	19	3	K
pseudochecker.PseudoChecker.GetReturnTypeOfSignature	pseudochecker/lookup.go	11	14	D
pseudochecker.PseudoChecker.GetTypeOfAccessor	pseudochecker/lookup.go	26	3	P
pseudochecker.PseudoChecker.GetTypeOfExpression	pseudochecker/lookup.go	30	3	P
pseudochecker.PseudoChecker.GetTypeOfDeclaration	pseudochecker/lookup.go	34	34	D
pseudochecker.PseudoChecker.typeFromPropertyAssignment	pseudochecker/lookup.go	69	17	D
pseudochecker.PseudoChecker.typeFromExpandoProperty	pseudochecker/lookup.go	88	9	D
pseudochecker.PseudoChecker.typeFromProperty	pseudochecker/lookup.go	98	25	D
pseudochecker.PseudoChecker.typeFromVariable	pseudochecker/lookup.go	124	21	P
pseudochecker.PseudoChecker.typeFromAccessor	pseudochecker/lookup.go	146	19	P
pseudochecker.PseudoChecker.getTypeAnnotationFromAllAccessorDeclarations	pseudochecker/lookup.go	166	10	P
pseudochecker.PseudoChecker.getTypeAnnotationFromAccessor	pseudochecker/lookup.go	177	18	P
pseudochecker.isValueSignatureDeclaration	pseudochecker/lookup.go	196	3	D
pseudochecker.PseudoChecker.createReturnFromSignature	pseudochecker/lookup.go	201	14	D
pseudochecker.PseudoChecker.typeFromSingleReturnExpression	pseudochecker/lookup.go	216	44	D
pseudochecker.PseudoChecker.typeFromExpression	pseudochecker/lookup.go	262	52	D
pseudochecker.PseudoChecker.typeFromObjectLiteral	pseudochecker/lookup.go	315	46	D
pseudochecker.PseudoChecker.getAccessorMember	pseudochecker/lookup.go	363	39	P
pseudochecker.PseudoChecker.canGetTypeFromObjectLiteral	pseudochecker/lookup.go	406	31	D
pseudochecker.PseudoChecker.typeFromArrayLiteral	pseudochecker/lookup.go	438	14	D
pseudochecker.PseudoChecker.canGetTypeFromArrayLiteral	pseudochecker/lookup.go	457	11	D
pseudochecker.isConstContextPropagatingKind	pseudochecker/lookup.go	470	9	D
pseudochecker.IsInConstContext	pseudochecker/lookup.go	482	11	D
pseudochecker.PseudoChecker.typeFromPrimitiveLiteralPrefix	pseudochecker/lookup.go	494	15	P
pseudochecker.PseudoChecker.typeFromTypeAssertion	pseudochecker/lookup.go	510	6	D
pseudochecker.PseudoChecker.typeFromFunctionLikeExpression	pseudochecker/lookup.go	517	14	D
pseudochecker.PseudoChecker.cloneTypeParameters	pseudochecker/lookup.go	532	13	D
pseudochecker.isUndefinedPseudoType	pseudochecker/lookup.go	546	3	P
pseudochecker.typeNodeCouldReferToUndefined	pseudochecker/lookup.go	550	26	P
pseudochecker.CouldAlreadyReferToUndefinedType	pseudochecker/lookup.go	578	18	P
pseudochecker.isOptionalInitializedOrRestParameter	pseudochecker/lookup.go	597	7	D
pseudochecker.lastRequiredParamIndex	pseudochecker/lookup.go	610	8	D
pseudochecker.addUndefinedIfDefinitelyRequired	pseudochecker/lookup.go	619	11	P
pseudochecker.PseudoChecker.typeFromParameter	pseudochecker/lookup.go	631	17	D
pseudochecker.PseudoChecker.typeFromParameterWorker	pseudochecker/lookup.go	649	37	D
pseudochecker.PseudoChecker.cloneParameters	pseudochecker/lookup.go	687	27	D
pseudochecker.isContextuallyTyped	pseudochecker/lookup.go	715	15	D
pseudochecker.newPseudoType	pseudochecker/type.go	49	6	K
pseudochecker.PseudoTypeDefault.AsPseudoType	pseudochecker/type.go	64	1	K
pseudochecker.NewPseudoTypeDirect	pseudochecker/type.go	88	3	D
pseudochecker.PseudoType.AsPseudoTypeDirect	pseudochecker/type.go	92	1	D
pseudochecker.NewPseudoTypeInferred	pseudochecker/type.go	106	3	D
pseudochecker.NewPseudoTypeInferredWithErrors	pseudochecker/type.go	110	3	D
pseudochecker.PseudoType.AsPseudoTypeInferred	pseudochecker/type.go	114	1	D
pseudochecker.NewPseudoTypeNoResult	pseudochecker/type.go	124	3	D
pseudochecker.PseudoType.AsPseudoTypeNoResult	pseudochecker/type.go	128	1	D
pseudochecker.NewPseudoTypeMaybeConstLocation	pseudochecker/type.go	147	3	D
pseudochecker.PseudoType.AsPseudoTypeMaybeConstLocation	pseudochecker/type.go	151	3	D
pseudochecker.NewPseudoTypeUnion	pseudochecker/type.go	161	3	P
pseudochecker.PseudoType.AsPseudoTypeUnion	pseudochecker/type.go	165	3	P
pseudochecker.NewPseudoParameter	pseudochecker/type.go	176	3	D
pseudochecker.NewPseudoTypeSingleCallSignature	pseudochecker/type.go	189	8	D
pseudochecker.PseudoType.AsPseudoTypeSingleCallSignature	pseudochecker/type.go	198	3	D
pseudochecker.NewPseudoTypeTuple	pseudochecker/type.go	208	5	P
pseudochecker.PseudoType.AsPseudoTypeTuple	pseudochecker/type.go	214	3	P
pseudochecker.PseudoObjectElement.AsPseudoObjectElement	pseudochecker/type.go	225	1	D
pseudochecker.PseudoObjectElement.Signature	pseudochecker/type.go	227	12	D
pseudochecker.newPseudoObjectElement	pseudochecker/type.go	253	8	D
pseudochecker.NewPseudoObjectMethod	pseudochecker/type.go	270	8	D
pseudochecker.PseudoObjectElement.AsPseudoObjectMethod	pseudochecker/type.go	279	3	D
pseudochecker.NewPseudoPropertyAssignment	pseudochecker/type.go	289	6	D
pseudochecker.PseudoObjectElement.AsPseudoPropertyAssignment	pseudochecker/type.go	296	3	D
pseudochecker.NewPseudoSetAccessor	pseudochecker/type.go	306	6	P
pseudochecker.PseudoObjectElement.AsPseudoSetAccessor	pseudochecker/type.go	313	3	P
pseudochecker.NewPseudoGetAccessor	pseudochecker/type.go	323	6	P
pseudochecker.PseudoObjectElement.AsPseudoGetAccessor	pseudochecker/type.go	330	3	P
pseudochecker.NewPseudoTypeObjectLiteral	pseudochecker/type.go	340	5	D
pseudochecker.PseudoType.AsPseudoTypeObjectLiteral	pseudochecker/type.go	346	3	D
pseudochecker.NewPseudoTypeStringLiteral	pseudochecker/type.go	356	5	D
pseudochecker.NewPseudoTypeNumericLiteral	pseudochecker/type.go	362	5	D
pseudochecker.NewPseudoTypeBigIntLiteral	pseudochecker/type.go	368	5	P
pseudochecker.PseudoType.AsPseudoTypeLiteral	pseudochecker/type.go	374	3	D
