layer	where	function	kind	expression
D-DRIVER	checker.go:2438	c.checkSourceElementUnreachable	index	statements[i]
D-TYPENODE	checker.go:3035	c.checkTypeArgumentConstraints	index	c.checkTypeAssignableTo(typeArguments[i]
D-TYPENODE	checker.go:3087	c.checkTypePredicate	index	c.addDiagnostic(ast.NewDiagnosticChain(diags[0]
D-TYPENODE	checker.go:3347	c.getResolutionModeOverride	index	node.Attributes.Nodes[0]
D-TYPENODE	checker.go:7104	c.checkTypeParameters	index	typeParameterDeclarations[j]
D-TYPENODE	checker.go:7119	c.checkTypeParametersNotReferenced	index	c.getSymbolOfDeclaration(typeParameters[i]
D-FUNC	checker.go:3499	c.checkFunctionOrConstructorSymbolWorker	index	overloads[0]
D-FUNC	checker.go:3503	c.checkFunctionOrConstructorSymbolWorker	index	overloads[0]
D-STMT	checker.go:4004	c.checkForInStatement	index	ast.IsBindingPattern(declarations[0]
D-STMT	checker.go:4005	c.checkForInStatement	index	c.error(declarations[0]
D-CLASS	checker.go:4327	c.checkClassLikeDeclaration	index	baseTypes[0]
D-CLASS	checker.go:4491	c.areTypeParametersIdentical	index	targetParameters[i]
D-CLASS	checker.go:4521	c.checkBaseTypeAccessibility	index	signatures[0]
D-CLASS	checker.go:4544	c.issueMemberSpecificError	index	c.addDiagnostic(ast.NewDiagnosticChain(diags[0]
D-CLASS	checker.go:4704	c.checkKindsOfPropertyMemberOverrides	index	memberInfo.missedProperties[0]
D-CLASS	checker.go:4711	c.checkKindsOfPropertyMemberOverrides	slice	[:4]
D-CLASS	checker.go:4793	c.getMemberOverrideModifierStatus	index	c.getTypeWithThisArgument(baseTypes[0]
D-CLASS	checker.go:4992	c.checkTypeForDuplicateIndexSignatures	index	parameters[0]
D-CLASS	checker.go:4993	c.checkTypeForDuplicateIndexSignatures	index	c.getTypeFromTypeNode(parameters[0]
D-ENUMNS	checker.go:5187	c.checkEnumDeclaration	index	members[0]
D-IMPEXP	checker.go:5654	c.checkExportSpecifier	index	ast.IsGlobalSourceFile(ast.GetDeclarationContainer(symbol.Declarations[0]
U-ALIASMARK	checker.go:28356	c.markLinkedReferences	index	res[0]
U-ALIASMARK	checker.go:28357	c.markLinkedReferences	index	res[1]
U-ALIASMARK	checker.go:28358	c.markLinkedReferences	index	res[2]
U-ALIASMARK	checker.go:28359	c.markLinkedReferences	index	res[3]
U-ALIASMARK	checker.go:28684	c.markExportSpecifierAliasReferenced	index	ast.IsGlobalSourceFile(ast.GetDeclarationContainer(symbol.Declarations[0]
D-UNUSED	checker.go:7358	isIdentifierThatStartsWithUnderscore	index	node.Text()[0]
D-ITER	checker.go:6459	c.getIterationTypesOfIterableFast	index	r.getResolvedIterationTypes(typeArguments[0]
D-ITER	checker.go:6459	c.getIterationTypesOfIterableFast	index	typeArguments[1]
D-ITER	checker.go:6459	c.getIterationTypesOfIterableFast	index	typeArguments[2]
D-ITER	checker.go:6469	c.getIterationTypesOfIterableFast	index	r.getResolvedIterationTypes(c.getTypeArguments(t)[0]
D-ITER	checker.go:6608	c.getIterationTypesOfIteratorFast	index	r.getResolvedIterationTypes(typeArguments[0]
D-ITER	checker.go:6608	c.getIterationTypesOfIteratorFast	index	typeArguments[1]
D-ITER	checker.go:6608	c.getIterationTypesOfIteratorFast	index	typeArguments[2]
D-ITER	checker.go:6618	c.getIterationTypesOfIteratorFast	index	r.getResolvedIterationTypes(c.getTypeArguments(t)[0]
D-ITER	checker.go:6677	c.getIterationTypesOfMethod	index	mapper.Map(typeParameters[2]
D-ITER	checker.go:6679	c.getIterationTypesOfMethod	index	mapper.Map(typeParameters[0]
D-ITER	checker.go:6679	c.getIterationTypesOfMethod	index	mapper.Map(typeParameters[1]
D-ITER	checker.go:6746	c.getIterationTypesOfIteratorResult	index	c.getTypeArguments(t)[0]
D-ITER	checker.go:6749	c.getIterationTypesOfIteratorResult	index	c.getTypeArguments(t)[0]
E-AWAIT	checker.go:29065	c.getPromisedTypeOfPromiseEx	index	c.getTypeArguments(t)[0]
E-AWAIT	checker.go:31416	c.getAwaitedTypeNoAliasEx	slice	[:len(c.awaitedTypeStack)-1]
E-AWAIT	checker.go:31471	c.getAwaitedTypeNoAliasEx	slice	[:len(c.awaitedTypeStack)-1]
E-AWAIT	checker.go:31567	c.unwrapAwaitedType	index	t.alias.typeArguments[0]
E-DECOR	checker.go:30271	c.getEffectiveDecoratorArguments	index	args[i]
G-GRAMMAR	grammarchecks.go:122	c.checkGrammarMappedType	index	c.grammarErrorOnNode(node.Members.Nodes[0]
G-GRAMMAR	grammarchecks.go:673	c.checkGrammarForDisallowedTrailingComma	index	c.grammarErrorAtPos(list.Nodes[0]
G-GRAMMAR	grammarchecks.go:692	c.checkGrammarParameterList	index	parameters.Nodes[i]
G-GRAMMAR	grammarchecks.go:781	c.checkGrammarArrowFunction	index	typeParamNodes[0]
G-GRAMMAR	grammarchecks.go:785	c.checkGrammarArrowFunction	index	c.grammarErrorOnNode(typeParameters.Nodes[0]
G-GRAMMAR	grammarchecks.go:791	c.checkGrammarArrowFunction	slice	[equalsGreaterThanToken.Pos():equalsGreaterThanToken.End()]
G-GRAMMAR	grammarchecks.go:803	c.checkGrammarIndexSignatureParameters	index	paramNodes[0]
G-GRAMMAR	grammarchecks.go:912	c.checkGrammarClassDeclarationHeritageClauses	index	c.grammarErrorOnFirstToken(typeNodes[1]
G-GRAMMAR	grammarchecks.go:1261	c.checkGrammarForInOrForOfStatement	index	c.grammarErrorOnFirstToken(declarations.Nodes[1]
G-GRAMMAR	grammarchecks.go:1264	c.checkGrammarForInOrForOfStatement	index	declarations.Nodes[0]
G-GRAMMAR	grammarchecks.go:1422	c.checkGrammarMethod	index	modifiers.Nodes[0]
G-GRAMMAR	grammarchecks.go:1867	c.checkGrammarProperty	index	c.grammarErrorOnNode(node.Parent.Members()[0]
G-GRAMMAR	grammarchecks.go:2169	c.checkGrammarImportCallExpression	index	argumentNodes[1]
X-JSX	jsx.go:152	c.checkJsxOpeningLikeElementOrOpeningFragment	index	c.addDiagnostic(ast.NewDiagnosticChain(diags[0]
X-JSX	jsx.go:194	c.checkJsxReturnAssignableToAppropriateBound	index	c.addDiagnostic(ast.NewDiagnosticChain(diags[0]
X-JSX	jsx.go:236	c.getContextualJsxElementAttributesType	index	c.contextualInfos[index]
X-JSX	jsx.go:353	c.elaborateJsxComponents	index	validChildren[0]
X-JSX	jsx.go:839	c.createJsxAttributesTypeFromAttributesProperty	index	childTypes[0]
X-JSX	jsx.go:1103	c.getNameFromJsxElementAttributesContainer	index	propertiesOfJsxElementAttribPropInterface[0]
X-JSX	jsx.go:1107	c.getNameFromJsxElementAttributesContainer	index	c.error(jsxElementAttribPropInterfaceSym.Declarations[0]
D-JSDOC	jsdoc.go:41	c.checkUnmatchedJSDocParameters	index	jsdocParameters[lastJSDocParamIndex]
D-JSDOC	jsdoc.go:93	getAllJSDocTags	index	jsdocs[len(jsdocs)-1]
T-JSDECL	checker.go:18247	c.getAssignmentDeclarationInitializerType	index	c.getTypeFromPropertyDescriptor(node.Arguments()[2]
