cause	records	inputs	tsc_codes	examples	bun_site	reference_production	what
type-parameter-modifier	A1=0 A2=486 B=0	A1=0 A2=503 B=0	TS1029 TS1030 TS1273 TS1274 TS1277	interface I<const T> {}  ##  interface I<public T> {}  ##  type X<const T> = T;  ##  type X<public T> = T;	PST:953-1053 skip_type_script_type_parameters (flags ALLOW_IN_OUT_VARIANCE_ANNOTATIONS / ALLOW_CONST_MODIFIER decide at parse time; other modifiers are not read at all)	3277-3307 parseTypeParameter, 3908-3946 parseModifiersEx(allowDecorators=false, permitConstAsModifier=true)	a modifier on a type parameter that the owner does not allow (in/out on a function, const on an interface or alias, public T, in in T, out in T): tsc parses every modifier, the checker reports TS1273, TS1274, TS1277, TS1029 or TS1030
jsdoc-type	A1=0 A2=156 B=0	A1=0 A2=480 B=0	(TS7014) TS1108 TS17019 TS17020 TS8020	type X = !A;  ##  type X = !A[];  ##  type X = A?;  ##  type X = ?A;	PST:259-671 (no arm for ?, ??, !, *, *=), PST:674-809 (no arm for a postfix ?), PST:730-734 ('.' must be followed by a name)	2812-2825 parseNonArrayType (*, ??, ?, !), 2771-2777 parsePostfixTypeOrHigher (postfix ?), 2959-2963 parseEntityName ('.<'), 2888-2922; function(A): B is parseJSDocFunctionType of tsc 6.0.2 and is NOT in parser.go	JSDoc type syntax (?T, T?, !T, *, A.<B>, function(A): B): tsc parses it and the checker reports TS17019, TS17020 or TS8020
type-missing-accepted	A1=0 A2=0 B=112	A1=0 A2=0 B=349	TS1005 TS1110	let f = (x: any): A<,> => x;  ##  type X = unique;  ##  type X = unique.A;  ##  type X = unique<A>;	PST:668 lexer.unexpected() logs and returns Ok (lexer.rs:303-326: it also returns Ok without a log when is_log_disabled, i.e. inside every backtracking attempt: PST:225, PST:1344-1355, PST:1331-1342, PST:1302-1320) (H3); PST:322-326 takes any run of leading | and &; PST:405-458 keyof / readonly / infer without an operand before ':', '?' or 'in'	2947 parseEntityNameOfTypeReference (diagnostics.Type_expected), 652-709 parseDelimitedList (isListElement 824), 6233-6254 isStartOfType	a place where a type must stand and nothing (or an operator) stands: (a: ) => void, (a): => a, f<A | >(x), A |, keyof, | | A, [A,,B]
function-or-constructor-type-as-operand	A1=0 A2=0 B=29	A1=0 A2=0 B=246	TS1385 TS1386 TS1387 TS1388	type X = A | () => void;  ##  type X = A & () => void;  ##  type X = | () => void;  ##  type X = & () => void;	PST:676-717 (the operand is read by the same function, which takes '(' , '<' and new), PST:322-326 (leading operator)	3796-3816 parseFunctionOrConstructorTypeToError	a function or constructor type as an operand of | or & without parentheses: tsc parses it and reports TS1385-TS1388 as a PARSE diagnostic
signature-parameter-initializer	A1=59 A2=46 B=0	A1=153 A2=69 B=0	(TS2369) (TS2371) (TS2524) (TS2842) TS1015 TS1048 TS1186 TS1212 TS1213 TS1308	type X = { a(b = 1): void };  ##  type X = (...a = []) => R;  ##  type X = (...a: A[] = []) => R;  ##  type X = (a = 1) => R;	PST:164-198 skip_typescript_fn_args (no '='), PST:67-162 skip_type_script_binding (no default in a pattern) (H4)	3364-3403 parseParameterEx (parseInitializer 1701), 1659-1700 parseArrayBindingElement / parseObjectBindingElement	an initializer on a parameter of a signature, function type or overload ((a = 1) => void, { a(b = 1): void }, ({ a = 1 }) => R): tsc parses it (TS2371, or TS1015 / TS1048 with ? or ...)
asserts-outside-return-type	A1=0 A2=46 B=0	A1=0 A2=196 B=0	TS1228	type X = [asserts a];  ##  type X = asserts x;  ##  type X = asserts x is A;  ##  type X = asserts x is A | B;	PST:476-488 (asserts is a predicate only with SkipTypeOptions::IsReturnType)	2858-2862 parseNonArrayType, 3718-3732 parseAssertsTypePredicate	asserts x / asserts x is T where no return type stands: tsc parses a predicate and the checker reports TS1228
reserved-word-as-type-name	A1=94 A2=0 B=0	A1=165 A2=0 B=0	(TS2499) (TS2500) (TS2660)	type X = if;  ##  type X = if.A;  ##  type X = if<A>;  ##  type X = class;	PST:651-669 (the last arm takes only function, and only as a tuple label), PST:284-295 (const is consumed and nothing is read after it)	2865-2866 parseNonArrayType default, 2941-2967 parseTypeReference / parseEntityName(allowReservedWords=true); the name after '...' in a tuple: 3671-3672	a reserved word as the name of a type reference (type X = if, if.A, if<A>, const<A>, <if>x, [...if: A[]], [function]): tsc takes any identifier name
parameter-modifier-outside-constructor	A1=45 A2=50 B=0	A1=72 A2=67 B=0	(TS2369) TS1028 TS1029 TS1030 TS1090 TS1187 TS1206 TS1242 TS1274 TS1275 TS1317	type X = { a(public b: B): void };  ##  type X = (public a: A) => R;  ##  type X = (private a: A) => R;  ##  type X = (protected a: A) => R;	PST:164-198 (signatures), parse_fn.rs:250-278 (only when opts.is_constructor), parse/mod.rs:418-660 parse_paren_expr (arrow parameters are expressions) (H13, H1)	3364-3403 parseParameterEx: 3372 parseModifiersEx(allowDecorators=true)	a modifier on a parameter that is not a parameter of a constructor implementation ((public a: A) => R, function f(public a) {}, (public a) => 1): tsc parses it (TS2369, or TS1090 and others)
pred: tsc TS1005 '…' expected.	A1=0 A2=0 B=12	A1=0 A2=0 B=134	TS1005	type X = x is A;  ##  type X = x is A | B;  ##  type X = x is A extends B ? C : D;  ##  type X = x is () => void;	PST:297-308, 476-488, 549-554	3452-3464 parseTypeOrTypePredicate, 3718-3732, 2883-2886	
import-type-attributes	A1=0 A2=0 B=10	A1=0 A2=0 B=100	TS1005 TS1109 TS1478	type X = import("m", { with: { "resolution-mode": "import" } },);  ##  type X = import("m", {});  ##  type X = import("m", { other: { a: "1" } });  ##  type X = import("m", { with: { 1: "a" } });	PST:344-353 (skip_type_script_object_type)	3083-3107 parseImportType, 3117-3158 parseImportAttribute / parseImportAttributes	the second argument of an import type: Bun reads an object TYPE, tsc reads { with: { name: value } } (TS1478, TS1005 'with' expected, TS2880 for assert)
early-error-at-parse-time	A1=15 A2=76 B=0	A1=15 A2=76 B=0	(TS2331) (TS2332) (TS4112) (TS7032) TS1049 TS1054 TS1089 TS1155 TS1163 TS1183 TS1200 TS1206 TS1213 TS1221 TS1245 TS1275 TS1308 TS1341 TS1368 TS1497 TS18006 TS18037 TS18041	const a: A;  ##  const a;  ##  var v = <T>(a: T)\n=> a;  ##  var v = async <T>(a)\n=> a;	the function that logs the message (parse_property.rs, parse_fn.rs, parse/mod.rs, parse_typescript.rs:77-203 for the decorator messages)	no parse diagnostic in parser.go for the same input; the checker (internal/checker grammarchecks) reports the code in column tsc_checker_grammar	an early error that Bun reports while it parses and that tsc leaves to the checker or to a later check (or does not report): the parse of tsc is clean
modifier-before-declaration	A1=0 A2=81 B=0	A1=0 A2=81 B=0	(TS4112) TS1024 TS1030 TS1031 TS1040 TS1042 TS1044 TS1183 TS1242 TS1245	abstract interface I {}  ##  async interface I {}  ##  static interface I {}  ##  public interface I {}	parse_stmt.rs:1706-1768 parse_stmt_fallthrough, 1830-1842 (abstract only before class), 825-1393 t_export	1124-1149 parseDeclaration (parseModifiersEx then parseDeclarationWorker), 6123-6196 scanStartOfDeclaration	a modifier that the declaration does not allow (abstract interface I {}, async enum E {}, static type X = A, export export const a): tsc parses modifiers before any declaration, the checker reports TS1042, TS1044, TS1242, TS1024 or TS1030
private-name-in-type	A1=14 A2=18 B=0	A1=50 A2=21 B=0	(TS2499) (TS2500) (TS7061) TS1110 TS1183 TS1206 TS1451 TS1497 TS18012 TS18016 TS18024	type X = typeof #p;  ##  type X = import("m").#a;  ##  type X = #a;  ##  type X = { #a: A };	PST:579-595 (typeof), PST:730-742 ('.' member), PST:826-832 (object type key), PST:651-669; parse_typescript.rs:576-781 (enum member)	3029-3034 parsePrivateIdentifier, 2996-3003 parseRightSideOfDot, 3503-3514 parsePropertyNameWorker	a private name where a type or a member name stands (typeof #p, import("m").#a, { #a: A }, { get #a(): A }, A.#b, enum E { #a }): tsc parses it (TS18016, TS18024 or a type error)
unique-operand	A1=0 A2=5 B=0	A1=0 A2=69 B=0	TS1005 TS1335	type X = unique A;  ##  type X = unique string;  ##  type X = unique unique symbol;  ##  type X = unique keyof A;	PST:459-467 (unique is consumed only before symbol, the operand is then left over)	2721-2736 parseTypeOperatorOrHigher / parseTypeOperator	unique with an operand other than symbol: tsc builds TypeOperator(unique, operand), the checker reports TS1005 'symbol' expected
parameter-decorator-outside-class-method	A1=0 A2=60 B=0	A1=0 A2=60 B=0	TS1206 TS1213	function f(@d a) {}  ##  function f(@d a: A) {}  ##  function f(@d() a: A) {}  ##  function f(@d @e a: A) {}	parse_fn.rs:229-235 (opts.allow_ts_decorators), PST:169-176, PST:1322-1329 (Error::Backtrack reaches the log)	3364-3373 parseParameterEx (decorators are modifiers of every parameter)	a decorator on a parameter of a function, arrow, signature or function type: tsc parses it, the checker reports TS1206. For a signature Bun prints the internal error name 'Backtrack'
tuple: tsc TS1005 '…' expected.	A1=0 A2=0 B=4	A1=0 A2=0 B=56	TS1005	type X = ["a": A];  ##  type X = [1: A];  ##  type X = [[a]: A];  ##  type X = [a.b: A];	PST:602-631	3662-3708 parseTupleType	
declare-or-export-before-what-cannot-take-it	A1=0 A2=54 B=0	A1=0 A2=55 B=0	(TS2303) (TS2668) (TS2882) TS1035 TS1036 TS1046 TS1079 TS1105 TS1108 TS1120 TS1123 TS1147 TS1191 TS1193 TS1194 TS1211 TS1231 TS1254 TS1316 TS1319 TS1491 TS1495 TS18037	function f(x: any): class {} { return null as any }  ##  declare abstract class C extends B {\n  static { await a }\n}  ##  declare abstract class C extends B {\n  static { return }\n}  ##  class implements I {}	parse_stmt.rs:1855-1968 (declare: the statement after it must be S::TypeScript, S::Local or S::Empty), 825-1393 t_export, 1394-1673 t_import, parse_typescript.rs:205-481	1124-1191 parseDeclaration / parseDeclarationWorker, 2242-2252 parseModuleBlock (any statement), 2555-2626	declare / export in front of a statement that cannot take it, module statements inside a namespace or block, and statements of an ambient context: tsc parses them, the checker names the rule
type-argument-list-empty-or-trailing-comma	A1=0 A2=32 B=0	A1=0 A2=54 B=0	TS1009 TS1099	type X = A<B,>;  ##  type X = A<>;  ##  interface I extends A<> {}  ##  interface I extends A<B,> {}	PST:1200-1208 skip_type_script_type_arguments (a type is required after '<' and after each ',')	3063-3068 parseTypeArguments, 652-709 parseDelimitedList	A<> and A<B,>: tsc parses them, the checker reports TS1099 / TS1009
import-type-argument-not-a-string	A1=0 A2=4 B=0	A1=0 A2=52 B=0	TS1141	type X = import(`m`);  ##  type X = import(A);  ##  type X = import("m" | "n");  ##  type X = import(1);	PST:339-340 (expect(TOpenParen), expect(TStringLiteral))	3080-3081 parseImportType (parseType for the argument)	import(A), import(`m`), import("m" | "n"): tsc reads a type, the checker reports TS1141
heritage-clause-expression	A1=52 A2=0 B=0	A1=52 A2=0 B=0	(TS2499) (TS2500)	interface I extends (A)<B> {}  ##  interface I extends A?.B {}  ##  interface I extends A() {}  ##  interface I extends A()<B> {}	PST:1156-1177 (interface: every entry is read as a TYPE), parse/mod.rs:164-170 (implements: the same) (H8)	1835-1845 parseHeritageClause, 1852-1860 parseTypeHeritageClauseElement, 1884-1892 parseExpressionWithTypeArguments	an expression in 'interface extends' or 'implements' (A(), new A, A`t`, (A)<B>, A?.B, class {}): tsc parses a left-hand-side expression with type arguments (TS2499 / TS2422 in the checker)
type-name-is-out-or-in	A1=50 A2=0 B=0	A1=51 A2=0 B=0		type X = <out>() => A;  ##  function f<out>() {}  ##  function f<out, T>() {}  ##  function f<out = A>() {}	PST:980-1047 (in / out are always modifiers; the error at 1038-1047 goes to self.log(), not to the lexer)	3277-3280 parseTypeParameter, 3968-3989 tryParseModifier, 4009-4034 nextTokenCanFollowModifier (a modifier only when a name can follow on the same line)	a type parameter or a type NAMED out (function f<out>() {}, <out>x, <in>x): valid for tsc, Bun reads a variance modifier. The error is logged with self.log(), so it also leaks out of a backtracked attempt (H3)
op: tsc TS1005 '…' expected.	A1=0 A2=0 B=4	A1=0 A2=0 B=49	TS1005	let v = <keyof () => void>x;  ##  type X = keyof new () => A;  ##  type X = keyof abstract new () => A;  ##  type X = infer A[];	PST:393-467	2721-2761 parseTypeOperatorOrHigher, parseInferType, tryParseConstraintOfInferType	
ta: tsc TS1005 '…' expected.	A1=0 A2=0 B=43	A1=0 A2=0 B=43	TS1005	f<a is A>(x);  ##  f<A<<B>>(x);  ##  f<a is A>();  ##  new C<a is A>(x);	PST:1183-1230 skip_type_script_type_arguments; callers parse_suffix.rs:194, 881, 972, parse_prefix.rs:696, parse/mod.rs:159, parse_typescript.rs:193, PST:558, 598, 746; typescript.rs:10-40	3056-3068, 5295-5340 tryParseTypeArgumentsInExpression / canFollowTypeArgumentsInExpression, 1884-1892	
lexer-level	A1=0 A2=0 B=3	A1=0 A2=0 B=42	TS1121 TS1125 TS1260	type X = 017;  ##  type X = \\u0073tring;  ##  type X = `\\u${A}`;	lexer.rs (the tokens are accepted), PST:260-263, PST:386-388 (kind_for_identifier sees the decoded text), PST:636-649	scanner (internal/scanner), parser.go:5833-5855 parseLiteralExpression, 5890-5940 createIdentifierWithDiagnostic	a token that tsc's scanner rejects: a legacy octal literal as a type, a keyword written with an escape, an invalid escape in a template type
tuple-member-question-or-rest-after-label	A1=3 A2=0 B=0	A1=42 A2=0 B=0	(TS5086) (TS5087)	type X = [a?: A?];  ##  type X = [a: A?];  ##  type X = [a: ...A[]];	PST:618-624 (after the ':' of a label only a plain type is read)	3667-3681 parseTupleElementNameOrTupleElementType, 3694-3708 parseTupleElementType	[a: A?], [a?: A?], [a: ...A[]]: tsc parses them and reports TS5086 / TS5087 (outside the grammar code ranges)
expr: bun Expected identifier but found "…"; tsc checker TS1497	A1=0 A2=41 B=0	A1=0 A2=41 B=0	TS1497	@new D() class C {}  ##  @new D class C {}  ##  @new D.E() class C {}  ##  @new (D)() class C {}	parse_typescript.rs:35-203 (77-203 parse_standard_decorator without experimentalDecorators)	3948-3966 parseDecorator / parseDecoratorExpression (parseLeftHandSideExpressionOrHigher)	
cond: tsc TS1005 '…' expected.	A1=0 A2=0 B=2	A1=0 A2=0 B=36	TS1005	type X = A extends keyof B extends C ? D : E ? F : G;  ##  type X = A extends infer U[] ? U : never;	PST:764-804, 434-458, 1302-1320, 1441-1478	2655-2678 parseType, 2738-2761	
tp: tsc TS1359 Identifier expected. '…' is a reserved word that cannot be used here.	A1=0 A2=0 B=32	A1=0 A2=0 B=32	TS1359	function f<const\nT>() {}  ##  var v = function <const\nT>() {};  ##  function* f<const\nT>() {}  ##  async function f<const\nT>() {}	PST:933-1083 skip_type_script_type_parameters; callers parse_fn.rs:68, 457, parse/mod.rs:731, parse_prefix.rs:576, 639, 934, 965, parse_property.rs:626, PST:370, 377, 885, 1129, 1151	3270-3307 parseTypeParameters / parseTypeParameter, 3908-3989	
kw: tsc TS1005 '…' expected.	A1=0 A2=0 B=3	A1=0 A2=0 B=30	TS1005	type X = void.x;  ##  type X = null.x;  ##  type X = this.x;	PST:276-283, 297-308, 489-538 (keyword arms), 730-748 ('.' after a keyword)	2802-2811 parseNonArrayType (keyword followed by '.' is a type reference), 2870-2875	
heritage-clause-list	A1=0 A2=29 B=0	A1=0 A2=29 B=0	TS1009 TS1097 TS1172 TS1173 TS1174 TS1175 TS1176	interface I implements A extends B {}  ##  interface I extends A extends B {}  ##  interface I extends A, B extends C {}  ##  interface I extends {}	PST:1156-1177, parse/mod.rs:150-170 (one extends, then one implements, each with at least one entry)	1824-1845 parseHeritageClauses (a list of clauses), 6350-6356 isHeritageClause	order, repetition or an empty list of heritage clauses: tsc parses, the checker reports TS1097, TS1172-TS1176, TS1009
query: tsc TS1003 Identifier expected.	A1=0 A2=0 B=2	A1=0 A2=0 B=28	TS1003	type X = typeof x.#p;  ##  type X = typeof this.#p;	PST:561-601	2842-2846, 3160-3170 parseTypeQuery	
member: tsc TS1005 '…' expected.	A1=0 A2=0 B=18	A1=0 A2=0 B=28	TS1005	type X = { [k: string]?: A };  ##  type X = { [k: string](): A };  ##  type X = { [this: string]: A };  ##  type X = { [{ k }: string]: A };	PST:812-929 skip_type_script_object_type (H7); class members of group 06: parse_property.rs:241-802	3222-3268 parseTypeMember, 3558-3645; class members: 1894-2056 parseClassElement	
kw: tsc TS1109 Expression expected.	A1=0 A2=0 B=0	A1=0 A2=0 B=27	TS1109	let v = x as any<A>;	PST:276-283, 297-308, 489-538 (keyword arms), 730-748 ('.' after a keyword)	2802-2811 parseNonArrayType (keyword followed by '.' is a type reference), 2870-2875	
instantiation-expression-then-member	A1=0 A2=0 B=26	A1=0 A2=0 B=27	TS1477	f<A<B>.C>(x);  ##  interface I extends A<B>.C {}  ##  a<b>.c  ##  a<b>?.c	parse_suffix.rs:871-904 and 962-995 (type arguments are skipped, the loop goes on with '.'), PST:730-748	5395-5440 parseMemberExpressionRest (Instantiation_expression_cannot_be_followed_by_a_property_access)	a.b<c>.d and A<B>.C: tsc reports TS1477 as a parse diagnostic
decorator-before-non-class	A1=0 A2=27 B=0	A1=0 A2=27 B=0	(TS2882) TS1184 TS1203 TS1206 TS1314 TS1540	@d interface I {}  ##  @d type X = A;  ##  @d export = A;  ##  @d export as namespace A;	parse_stmt.rs:78-131 t_at	1111-1112 parseStatement (KindAtToken -> parseDeclaration), 1124-1191	a decorator before something that is not a class (@d interface I {}, @d enum E {}, @d export = A): tsc parses, the checker reports TS1206
rest-element-not-last	A1=14 A2=13 B=0	A1=14 A2=13 B=0	(TS2462) TS1013 TS1014	function f({ ...a, b }) {}  ##  function f([...a, b]: A) {}  ##  function f([...a,]: A) {}  ##  class C { m({ ...a, b }) {} }	parse/mod.rs:997-1276 parse_binding, parse_fn.rs:331-341, parse/mod.rs:418-660	1648-1671 parseArrayBindingPattern / parseArrayBindingElement, 3331-3358 parseParametersWorker	something after a rest element or rest parameter ([...a, b], (...a, b), (...a,), (...a = [])): tsc parses it (TS2462, TS1013, TS1014, TS1048)
import-type-arguments-without-qualifier	A1=2 A2=0 B=0	A1=22 A2=0 B=0		type X = typeof import("m")<A>;  ##  type X = import("m")<A>;	PST:327-356 (nothing is read after ')'; the suffix loop reads type arguments only after '.name', PST:730-748)	3109-3114 parseImportType (qualifier is optional, type arguments always)	import("m")<A>, typeof import("m")<A>: type arguments right after the ')'
type-parameter-list-empty	A1=0 A2=19 B=0	A1=0 A2=21 B=0	TS1098	type X = <>() => A;  ##  type X = new <>() => A;  ##  function f<>() {}  ##  var v = function <>() {};	PST:946-951 (an empty list only with ALLOW_EMPTY_TYPE_PARAMETERS: type alias and interface)	3270-3275 parseTypeParameters, 711 parseBracketedList	<> as a type parameter list: tsc parses it, the checker reports TS1098
this-parameter-of-arrow	A1=17 A2=0 B=0	A1=17 A2=0 B=0	(TS2680) (TS2730)	var v = <T>(this: A) => 1;  ##  var v = (this) => 1;  ##  var v = (this: A) => 1;  ##  var v = (this: A, b: B) => 1;	parse/mod.rs:418-660 parse_paren_expr (this is an expression, the conversion to a binding fails)	3374-3388 parseParameterEx (this parameter), 4390-4423	a this parameter of an arrow function: tsc parses it (TS2730)
mapped: tsc TS1005 '…' expected.	A1=0 A2=0 B=7	A1=0 A2=0 B=14	TS1005	type X = { [K in A]: B, };  ##  type X = { [K in A]+: B };  ##  type X = { [K in A]-: B };  ##  type X = { [K in A]!: B };	PST:812-929 (the same loop reads mapped types)	3172-3220 nextIsStartOfMappedType, parseMappedType	
tp: tsc TS1005 '…' expected.	A1=0 A2=0 B=14	A1=0 A2=0 B=14	TS1005	var v = <T.U>() => 1;  ##  class C<out\nT> {}  ##  class C<in out\nT> {}  ##  var v = class <out\nT> {};	PST:933-1083 skip_type_script_type_parameters; callers parse_fn.rs:68, 457, parse/mod.rs:731, parse_prefix.rs:576, 639, 934, 965, parse_property.rs:626, PST:370, 377, 885, 1129, 1151	3270-3307 parseTypeParameters / parseTypeParameter, 3908-3989	
enum-member-name	A1=9 A2=5 B=0	A1=9 A2=5 B=0	(TS2452) TS1164	enum E { 1 }  ##  enum E { 1 = 2 }  ##  enum E { 1.5 }  ##  enum E { 0x10 }	parse_typescript.rs:576-781 parse_typescript_enum_stmt (identifier, keyword or string only)	2171-2179 parseEnumMember -> 3496-3514 parsePropertyName	an enum member whose name is a number, a bigint, a template, a computed name or a private name: tsc parses a property name (TS2452, TS1164, TS18024 in the checker)
paren: tsc TS1005 '…' expected.	A1=0 A2=0 B=1	A1=0 A2=0 B=13	TS1005	f<()>(x);  ##  type X = (A).B;	PST:219-241, 1322-1329	3710-3716 parseParenthesizedType, 3818-3823, 3860-3902	
member: bun Expected "…" but found "…"; tsc checker TS1096	A1=0 A2=9 B=0	A1=0 A2=12 B=0	TS1096	type X = { [a, b]: A };  ##  type X = { [k: string, l: number]: A };  ##  type X = { [k, l]: A };  ##  abstract class C extends B {\n  [k: string, l: number]: A\n}	PST:812-929 skip_type_script_object_type (H7); class members of group 06: parse_property.rs:241-802	3222-3268 parseTypeMember, 3558-3645; class members: 1894-2056 parseClassElement	
tp: tsc TS1109 Expression expected.	A1=0 A2=0 B=12	A1=0 A2=0 B=12	TS1109	var v = <T extends>() => 1;  ##  var v = <T!>() => 1;  ##  var v = <T[]>() => 1;  ##  var v = <T<U>>() => 1;	PST:933-1083 skip_type_script_type_parameters; callers parse_fn.rs:68, 457, parse/mod.rs:731, parse_prefix.rs:576, 639, 934, 965, parse_property.rs:626, PST:370, 377, 885, 1129, 1151	3270-3307 parseTypeParameters / parseTypeParameter, 3908-3989	
modifier: bun Expected "…" but found "…"; tsc checker TS1029	A1=0 A2=12 B=0	A1=0 A2=12 B=0	(TS4112) TS1029	abstract class C extends B {\n  accessor public a\n}  ##  abstract class C extends B {\n  accessor private a\n}  ##  abstract class C extends B {\n  accessor protected a\n}  ##  abstract class C extends B {\n  accessor static a\n}	parse_property.rs:334-500 (H12)	1894-1947 parseClassElement, 3908-3989, 4009-4095	
ta: tsc TS1109 Expression expected.	A1=0 A2=0 B=11	A1=0 A2=0 B=11	TS1109	f<const>(x);  ##  f<const>();  ##  new C<const>(x);  ##  new C<const>;	PST:1183-1230 skip_type_script_type_arguments; callers parse_suffix.rs:194, 881, 972, parse_prefix.rs:696, parse/mod.rs:159, parse_typescript.rs:193, PST:558, 598, 746; typescript.rs:10-40	3056-3068, 5295-5340 tryParseTypeArgumentsInExpression / canFollowTypeArgumentsInExpression, 1884-1892	
ref: tsc TS1005 '…' expected.	A1=0 A2=0 B=1	A1=0 A2=0 B=10	TS1005	type X = A<B>.C;	PST:386-560 (TIdentifier arm), 730-748, 1183-1230	2941-3014 parseTypeReference, parseEntityName, parseRightSideOfDot, 3056-3068	
pred: tsc TS1442 Expected '…' for property initializer.	A1=0 A2=0 B=0	A1=0 A2=0 B=10	TS1442	class K { @d p: x is A; }	PST:297-308, 476-488, 549-554	3452-3464 parseTypeOrTypePredicate, 3718-3732, 2883-2886	
pred: tsc TS1144 '…' or '…' expected.	A1=0 A2=0 B=0	A1=0 A2=0 B=10	TS1144	function f(x: any): x is y is A { return null as any }	PST:297-308, 476-488, 549-554	3452-3464 parseTypeOrTypePredicate, 3718-3732, 2883-2886	
member: tsc TS1131 Property or signature expected.	A1=0 A2=0 B=5	A1=0 A2=0 B=10	TS1131	type X = { a!: A };  ##  type X = { a! };  ##  type X = { -1: A };  ##  type X = { new new (): A };	PST:812-929 skip_type_script_object_type (H7); class members of group 06: parse_property.rs:241-802	3222-3268 parseTypeMember, 3558-3645; class members: 1894-2056 parseClassElement	
decl: bun Expected "…" but found "…"; tsc checker TS1013	A1=0 A2=10 B=0	A1=0 A2=10 B=0	TS1013	function f(...a,) {}  ##  function f(...a: A[],) {}  ##  class C { m(...a,) {} }  ##  class C { m(...a: A[],) {} }	parse_fn.rs:213-345 (parameters), 371-400 (return type, missing body), parse/mod.rs:997-1276 parse_binding	3309-3428, 3430-3464, 1715-1737 parseFunctionDeclaration	
angle: tsc TS1005 '…' expected.	A1=0 A2=0 B=10	A1=0 A2=0 B=10	TS1005	var v = <A>x = 1;  ##  var v = <A>async () => 1;  ##  var v = <A>a => a;  ##  var v = <A, B>(x);	parse_prefix.rs:892-992 pfx_t_less_than	5185-5193 parseTypeAssertion, 5113-5141 parseSimpleUnaryExpression, 4244-4367	
declare: bun Unexpected …	A1=10 A2=0 B=0	A1=10 A2=0 B=0		declare namespace  ##  declare module  ##  declare module;  ##  declare a;	parse_stmt.rs:1855-1968 (TsStmtDeclare), 1794-1807, 1843-1854 (global) (H9, H18)	1124-1191 parseDeclaration, 2202-2240 parseModuleDeclaration / parseAmbientExternalModuleDeclaration	
expr: bun Expected "…" but found "…"; tsc checker TS1497	A1=0 A2=10 B=0	A1=0 A2=10 B=0	TS1497	@d()() class C {}  ##  @d`t` class C {}  ##  @d.e`t` class C {}  ##  @d<A>`t` class C {}	parse_typescript.rs:35-203 (77-203 parse_standard_decorator without experimentalDecorators)	3948-3966 parseDecorator / parseDecoratorExpression (parseLeftHandSideExpressionOrHigher)	
expr: bun Expected identifier but found "…"; tsc checker TS1238 TS1497	A1=0 A2=10 B=0	A1=0 A2=10 B=0	TS1238 TS1497	@class {} class C {}  ##  @this class C {}  ##  @1 class C {}  ##  @`t` class C {}	parse_typescript.rs:35-203 (77-203 parse_standard_decorator without experimentalDecorators)	3948-3966 parseDecorator / parseDecoratorExpression (parseLeftHandSideExpressionOrHigher)	
expr: bun Expected identifier but found "…"; tsc checker TS1241 TS1497	A1=0 A2=10 B=0	A1=0 A2=10 B=0	TS1241 TS1497	class C { @class {} m() {} }  ##  class C { @this m() {} }  ##  class C { @1 m() {} }  ##  class C { @`t` m() {} }	parse_typescript.rs:35-203 (77-203 parse_standard_decorator without experimentalDecorators)	3948-3966 parseDecorator / parseDecoratorExpression (parseLeftHandSideExpressionOrHigher)	
expr: bun Expected identifier but found "…"; tsc checker TS1240 TS1497	A1=0 A2=10 B=0	A1=0 A2=10 B=0	TS1240 TS1497	class C { @class {} a }  ##  class C { @this a }  ##  class C { @1 a }  ##  class C { @`t` a }	parse_typescript.rs:35-203 (77-203 parse_standard_decorator without experimentalDecorators)	3948-3966 parseDecorator / parseDecoratorExpression (parseLeftHandSideExpressionOrHigher)	
super-in-erased-position	A1=0 A2=8 B=0	A1=0 A2=9 B=0	(TS2660) TS1110 TS1206 TS1497	function f<U extends super.A, V = super.A>() {}  ##  @super.d class C {}  ##  @super.d() class C {}  ##  class C { @super.d m() {} }	parse_prefix.rs:22 pfx_t_super (error at parse time)	5268-5289 parseSuperExpression (no error in the parser for the place of super)	super.a as A, super.a!, <A>super.x, namespace N { super.a }, interface I extends super.A: Bun reports super outside a method while parsing
sig: tsc TS1005 '…' expected.	A1=0 A2=0 B=6	A1=0 A2=0 B=9	TS1005	type X = (this?: A) => R;  ##  type X = (this?) => R;  ##  type X = ([this]) => R;  ##  type X = (a: b is A) => R;	PST:164-198 skip_typescript_fn_args, 67-162 skip_type_script_binding, 219-241	3309-3428 parseParameters .. parseNameOfParameter, 3825-3843 parseFunctionOrConstructorType	
arrow: tsc TS1005 '…' expected.	A1=0 A2=0 B=9	A1=0 A2=0 B=9	TS1005	var v = ({ ...[a] }) => 1;  ##  var v = (a!) => 1;  ##  var v = (a!: A) => 1;  ##  var v = (a as A) => 1;	parse/mod.rs:418-660 parse_paren_expr (474 parameter type, 581-585 return type), parse_fn.rs:520-610 parse_arrow_body, PST:1344-1417 (H1, H5)	4244-4538, 4601-4622 parseConditionalExpressionRest	
namespace-in-statement-position	A1=0 A2=9 B=0	A1=0 A2=9 B=0	TS1235 TS1344	function f() { namespace N {} }  ##  { namespace N {} }  ##  if (a) namespace N {}  ##  label: namespace N {}	parse_stmt.rs:1794-1807 (opts.scope != StatementScope::Nested)	2202-2216 parseModuleDeclaration (no test of the place)	namespace or module inside a function or block: tsc parses, the checker reports TS1235
op: tsc TS1144 '…' or '…' expected.	A1=0 A2=0 B=0	A1=0 A2=0 B=8	TS1144	function f(x: any): keyof new () => A { return null as any }	PST:393-467	2721-2761 parseTypeOperatorOrHigher, parseInferType, tryParseConstraintOfInferType	
set: tsc TS1131 Property or signature expected.	A1=0 A2=0 B=0	A1=0 A2=0 B=8	TS1131	function f(x: any): A | { return null as any }	PST:322-326, 676-717	2680-2719 parseUnionOrIntersectionType, 3796-3816	
m: bun Expected "…" but found "…"	A1=0 A2=0 B=0	A1=8 A2=0 B=0		class K { @d p: asserts x; }	parse/type_sink.rs:163-348 and PST as for the type form	internal/transformers typeserializer (tsc: transformers/typeSerializer.ts)	
iface: tsc TS1005 '…' expected.	A1=0 A2=0 B=8	A1=0 A2=0 B=8	TS1005	interface I extends A | B {}  ##  interface I extends A & B {}  ##  interface I extends keyof A {}  ##  interface I extends A extends B ? C : D {}	PST:1140-1181 skip_type_script_interface_stmt, parse_stmt.rs:1808-1829	2130-2140 parseInterfaceDeclaration, 1824-1892	
modifier: bun Expected "…" but found "…"; tsc checker TS1275	A1=0 A2=8 B=0	A1=0 A2=8 B=0	(TS4112) TS1275	abstract class C extends B {\n  accessor public a() {}\n}  ##  abstract class C extends B {\n  accessor private a() {}\n}  ##  abstract class C extends B {\n  accessor protected a() {}\n}  ##  abstract class C extends B {\n  accessor static a() {}\n}	parse_property.rs:334-500 (H12)	1894-1947 parseClassElement, 3908-3989, 4009-4095	
nonnull: tsc TS1005 '…' expected.	A1=0 A2=0 B=7	A1=0 A2=0 B=7	TS1005	let [a]!: A;  ##  let { a }!: A;  ##  for (let a!: A of b) {}  ##  for (let a!: A in b) {}	parse_suffix.rs:485-540 sfx_t_exclamation, parse/mod.rs:1307-1316 (definite assignment), parse_stmt.rs:430-434 (catch binding type)	5395-5440 parseMemberExpressionRest, 1607-1632 parseVariableDeclarationWorker, 1496-1507 parseCatchClause	
extends: tsc TS1005 '…' expected.	A1=0 A2=0 B=7	A1=0 A2=0 B=7	TS1005	class C extends await A {}  ##  var v = class extends await A {};  ##  class C extends D implements A | B {}  ##  class C extends D implements A & B {}	parse/mod.rs:136-290 parse_class (159 type arguments after the extends expression, 164-170 implements), parse_prefix.rs:541-666	1747-1795 parseClassDeclarationOrExpression, 1824-1892	
kw: tsc TS1144 '…' or '…' expected.	A1=0 A2=0 B=0	A1=0 A2=0 B=6	TS1144	function f(x: any): void.x { return null as any }	PST:276-283, 297-308, 489-538 (keyword arms), 730-748 ('.' after a keyword)	2802-2811 parseNonArrayType (keyword followed by '.' is a type reference), 2870-2875	
op: tsc TS1131 Property or signature expected.	A1=0 A2=0 B=0	A1=0 A2=0 B=6	TS1131	function f(x: any): keyof { return null as any }	PST:393-467	2721-2761 parseTypeOperatorOrHigher, parseInferType, tryParseConstraintOfInferType	
pred: tsc TS1131 Property or signature expected.	A1=0 A2=0 B=0	A1=0 A2=0 B=6	TS1131	function f(x: any): x is { return null as any }	PST:297-308, 476-488, 549-554	3452-3464 parseTypeOrTypePredicate, 3718-3732, 2883-2886	
member: bun Expected "…" but found "…"; tsc checker TS1170	A1=0 A2=3 B=0	A1=0 A2=6 B=0	TS1170	type X = { ["a" + "b"]: A };  ##  type X = { [a as B]: A };  ##  type X = { [k = 1]: A };	PST:812-929 skip_type_script_object_type (H7); class members of group 06: parse_property.rs:241-802	3222-3268 parseTypeMember, 3558-3645; class members: 1894-2056 parseClassElement	
mapped: tsc TS1109 Expression expected.	A1=0 A2=0 B=3	A1=0 A2=0 B=6	TS1109	type X = { [const in A]: B };  ##  type X = { [void in A]: B };  ##  type X = { [void: string]: B };	PST:812-929 (the same loop reads mapped types)	3172-3220 nextIsStartOfMappedType, parseMappedType	
decl: tsc TS1005 '…' expected.	A1=0 A2=0 B=6	A1=0 A2=0 B=6	TS1005	function f({ if }) {}  ##  function f(a: b is A) {}  ##  class C { m({ if }) {} }  ##  class C { constructor({ if }) {} }	parse_fn.rs:213-345 (parameters), 371-400 (return type, missing body), parse/mod.rs:997-1276 parse_binding	3309-3428, 3430-3464, 1715-1737 parseFunctionDeclaration	
extends: tsc TS1109 Expression expected.	A1=0 A2=0 B=6	A1=0 A2=0 B=6	TS1109	class C extends typeof a {}  ##  var v = class extends typeof a {};  ##  class C extends D implements typeof a {}  ##  class C extends D implements () => void {}	parse/mod.rs:136-290 parse_class (159 type arguments after the extends expression, 164-170 implements), parse_prefix.rs:541-666	1747-1795 parseClassDeclarationOrExpression, 1824-1892	
triple-slash-directive	A1=0 A2=0 B=6	A1=0 A2=0 B=6	TS1084	/// <reference types=node />  ##  /// <reference />  ##  /// <reference unknown="a" />  ##  /// <reference types=node />\nlet v = 1;	lexer.rs (comments), no directive parser	6455-6567 getCommentPragmas / extractPragmas, parser.go:431-465 parseSourceFileWorker	a malformed /// <reference ... /> directive: tsc reports TS1084 as a parse diagnostic; Bun reads a comment
word: tsc TS1005 '…' expected.	A1=0 A2=0 B=5	A1=0 A2=0 B=5	TS1005	type X = intrinsic<A>;  ##  type X = true.A;  ##  type X = null.A;  ##  type X = void.A;	PST:386-560, 651-669	2941-3014	
contextual-keyword-as-declaration-name	A1=5 A2=0 B=0	A1=5 A2=0 B=0		interface as {}  ##  interface satisfies {}  ##  type as = 1;  ##  type satisfies = 1;	parse_stmt.rs:1706-1768 parse_stmt_fallthrough (the expression 'type' and its suffix 'as <type>' are parsed before the keyword is tested at 1742-1756), parse_suffix.rs:20-40	1113-1119 parseStatement, 6119-6196 isStartOfDeclaration / scanStartOfDeclaration (look ahead before any expression is parsed), 2142-2148, 2130-2132	as / satisfies as the name of a declaration (type as = 1, interface as {}, declare namespace as {}) (H15)
iface: tsc TS1109 Expression expected.	A1=0 A2=0 B=5	A1=0 A2=0 B=5	TS1109	interface I extends typeof x {}  ##  interface I extends () => void {}  ##  interface I extends new () => A {}  ##  interface I extends void {}	PST:1140-1181 skip_type_script_interface_stmt, parse_stmt.rs:1808-1829	2130-2140 parseInterfaceDeclaration, 1824-1892	
decl: bun Expected "…" but found "…"; tsc checker TS1014	A1=0 A2=5 B=0	A1=0 A2=5 B=0	TS1014	function f(...a, b) {}  ##  class C { m(...a, b) {} }  ##  class C { constructor(...a, b) {} }  ##  var v = { m(...a, b) {} };	parse_fn.rs:213-345 (parameters), 371-400 (return type, missing body), parse/mod.rs:997-1276 parse_binding	3309-3428, 3430-3464, 1715-1737 parseFunctionDeclaration	
ta: bun Unexpected …	A1=5 A2=0 B=0	A1=5 A2=0 B=0		let v: import('m').A<A,>;  ##  let v: import('m').A<>;  ##  let v: import('m').A<?A>;  ##  let v: import('m').A<*>;	PST:1183-1230 skip_type_script_type_arguments; callers parse_suffix.rs:194, 881, 972, parse_prefix.rs:696, parse/mod.rs:159, parse_typescript.rs:193, PST:558, 598, 746; typescript.rs:10-40	3056-3068, 5295-5340 tryParseTypeArgumentsInExpression / canFollowTypeArgumentsInExpression, 1884-1892	
garrow: tsc TS1005 '…' expected.	A1=0 A2=0 B=5	A1=0 A2=0 B=5	TS1005	var v = <T>x => x;  ##  var v = <T>async (a) => a;  ##  var v = <T>async a => a;  ##  var v = <T>((a)) => a;	parse_prefix.rs:892-992, parse/mod.rs:1588-1739 (async), typescript.rs:44-72 is_ts_arrow_fn_jsx	4244-4486 isParenthesizedArrowFunctionExpression .. parseParenthesizedArrowFunctionExpression	
implements: tsc TS1005 '…' expected.	A1=0 A2=0 B=5	A1=0 A2=0 B=5	TS1005	class C implements A | B {}  ##  class C implements A & B {}  ##  class C implements keyof A {}  ##  class C implements A extends B ? C : D {}	parse/mod.rs:164-170 (every entry is read as a type) (H8)	1835-1860, 1884-1892	
export: bun Expected identifier but found "…"	A1=5 A2=0 B=0	A1=5 A2=0 B=0		export type { default };  ##  export type { if };  ##  export type { if as A };  ##  export type { "a" };	parse_stmt.rs:825-1393 t_export (864 export import, 892 export as namespace, 923-944 export type, 1373 export =), parse_import_export.rs:291-472, PST:1085-1120	1173-1183, 2555-2651 parseExportAssignment .. parseExportSpecifier	
ref: tsc TS1109 Expression expected.	A1=0 A2=0 B=0	A1=0 A2=0 B=4	TS1109	let v = x as A<B><C>;	PST:386-560 (TIdentifier arm), 730-748, 1183-1230	2941-3014 parseTypeReference, parseEntityName, parseRightSideOfDot, 3056-3068	
word: tsc TS1442 Expected '…' for property initializer.	A1=0 A2=0 B=0	A1=0 A2=0 B=4	TS1442	class K { @d p: true.A; }	PST:386-560, 651-669	2941-3014	
m: tsc TS1005 '…' expected.	A1=0 A2=0 B=2	A1=0 A2=0 B=4	TS1005	type X = x is string;  ##  type X = x is string | number;	parse/type_sink.rs:163-348 and PST as for the type form	internal/transformers typeserializer (tsc: transformers/typeSerializer.ts)	
member: bun Unexpected …; tsc checker TS1247	A1=0 A2=2 B=0	A1=0 A2=4 B=0	TS1247	type X = { a: A = 1 };  ##  type X = { a?: A = 1 };	PST:812-929 skip_type_script_object_type (H7); class members of group 06: parse_property.rs:241-802	3222-3268 parseTypeMember, 3558-3645; class members: 1894-2056 parseClassElement	
member: bun Unexpected …; tsc checker TS1096	A1=0 A2=3 B=0	A1=0 A2=4 B=0	TS1096	type X = { []: A };  ##  abstract class C extends B {\n  []: A\n}  ##  declare abstract class C extends B {\n  []: A\n}	PST:812-929 skip_type_script_object_type (H7); class members of group 06: parse_property.rs:241-802	3222-3268 parseTypeMember, 3558-3645; class members: 1894-2056 parseClassElement	
member: bun Expected "…" but found "…"; tsc checker TS1019	A1=0 A2=2 B=0	A1=0 A2=4 B=0	TS1019	type X = { [k?: string]: A };  ##  type X = { [k?]: A };	PST:812-929 skip_type_script_object_type (H7); class members of group 06: parse_property.rs:241-802	3222-3268 parseTypeMember, 3558-3645; class members: 1894-2056 parseClassElement	
member: bun Unexpected …; tsc checker TS1017	A1=0 A2=3 B=0	A1=0 A2=4 B=0	TS1017	type X = { [...k: string[]]: A };  ##  abstract class C extends B {\n  [...k: string[]]: A\n}  ##  declare abstract class C extends B {\n  [...k: string[]]: A\n}	PST:812-929 skip_type_script_object_type (H7); class members of group 06: parse_property.rs:241-802	3222-3268 parseTypeMember, 3558-3645; class members: 1894-2056 parseClassElement	
member: bun Expected "…" but found "…"; tsc checker TS1025	A1=0 A2=3 B=0	A1=0 A2=4 B=0	TS1025	type X = { [k: string,]: A };  ##  abstract class C extends B {\n  [k: string,]: A\n}  ##  declare abstract class C extends B {\n  [k: string,]: A\n}	PST:812-929 skip_type_script_object_type (H7); class members of group 06: parse_property.rs:241-802	3222-3268 parseTypeMember, 3558-3645; class members: 1894-2056 parseClassElement	
member: bun Expected "…" but found "…"; tsc checker TS1018	A1=0 A2=3 B=0	A1=0 A2=4 B=0	(TS2369) TS1018	type X = { [public k: string]: A };  ##  abstract class C extends B {\n  [public k: string]: A\n}  ##  declare abstract class C extends B {\n  [public k: string]: A\n}	PST:812-929 skip_type_script_object_type (H7); class members of group 06: parse_property.rs:241-802	3222-3268 parseTypeMember, 3558-3645; class members: 1894-2056 parseClassElement	
mapped: tsc TS1131 Property or signature expected.	A1=0 A2=0 B=2	A1=0 A2=0 B=4	TS1131	type X = { +[K in A]: B };  ##  type X = { -[K in A]: B };	PST:812-929 (the same loop reads mapped types)	3172-3220 nextIsStartOfMappedType, parseMappedType	
sig: tsc TS1359 Identifier expected. '…' is a reserved word that cannot be used here.	A1=0 A2=0 B=2	A1=0 A2=0 B=4	TS1359	type X = (...this) => R;  ##  type X = (...this: A) => R;	PST:164-198 skip_typescript_fn_args, 67-162 skip_type_script_binding, 219-241	3309-3428 parseParameters .. parseNameOfParameter, 3825-3843 parseFunctionOrConstructorType	
member: bun Expected "…" but found "…"; tsc checker TS1248	A1=0 A2=4 B=0	A1=0 A2=4 B=0	TS1248	abstract class C extends B {\n  const a\n}  ##  abstract class C extends B {\n  const a = 1\n}  ##  declare abstract class C extends B {\n  const a\n}  ##  declare abstract class C extends B {\n  const a = 1\n}	parse_property.rs:241-802 parse_property (292-318 index signature, 334-500 modifiers, 600-680 '?', '!', type parameters, type) (H12)	1894-2056 parseClassElement .. parsePropertyDeclaration, 3476-3494 parseAccessorDeclaration	
member: bun Expected "…" but found "…"; tsc checker TS1274	A1=0 A2=4 B=0	A1=0 A2=4 B=0	TS1274	abstract class C extends B {\n  in a\n}  ##  abstract class C extends B {\n  out a\n}  ##  declare abstract class C extends B {\n  in a\n}  ##  declare abstract class C extends B {\n  out a\n}	parse_property.rs:241-802 parse_property (292-318 index signature, 334-500 modifiers, 600-680 '?', '!', type parameters, type) (H12)	1894-2056 parseClassElement .. parsePropertyDeclaration, 3476-3494 parseAccessorDeclaration	
modifier: bun Expected "…" but found "…"; tsc checker TS1243	A1=0 A2=4 B=0	A1=0 A2=4 B=0	TS1243	abstract class C extends B {\n  abstract async a\n}  ##  abstract class C extends B {\n  accessor readonly a\n}  ##  abstract class C extends B {\n  accessor declare a\n}  ##  abstract class C extends B {\n  async abstract a\n}	parse_property.rs:334-500 (H12)	1894-1947 parseClassElement, 3908-3989, 4009-4095	
implements: tsc TS1109 Expression expected.	A1=0 A2=0 B=4	A1=0 A2=0 B=4	TS1109	class C implements typeof a {}  ##  class C implements () => void {}  ##  class C implements new () => A {}  ##  class C implements void {}	parse/mod.rs:164-170 (every entry is read as a type) (H8)	1835-1860, 1884-1892	
export: tsc TS1128 Declaration or statement expected.	A1=0 A2=0 B=4	A1=0 A2=0 B=4	TS1128	export declare = A;  ##  export declare;  ##  export abstract;  ##  export namespace;	parse_stmt.rs:825-1393 t_export (864 export import, 892 export as namespace, 923-944 export type, 1373 export =), parse_import_export.rs:291-472, PST:1085-1120	1173-1183, 2555-2651 parseExportAssignment .. parseExportSpecifier	
declare: bun Expected "…" but found "…"	A1=4 A2=0 B=0	A1=4 A2=0 B=0		declare global;  ##  declare\nglobal {}  ##  global {}  ##  global { var a: A }	parse_stmt.rs:1855-1968 (TsStmtDeclare), 1794-1807, 1843-1854 (global) (H9, H18)	1124-1191 parseDeclaration, 2202-2240 parseModuleDeclaration / parseAmbientExternalModuleDeclaration	
kw: tsc TS1442 Expected '…' for property initializer.	A1=0 A2=0 B=0	A1=0 A2=0 B=3	TS1442	class K { @d p: void.x; }	PST:276-283, 297-308, 489-538 (keyword arms), 730-748 ('.' after a keyword)	2802-2811 parseNonArrayType (keyword followed by '.' is a type reference), 2870-2875	
op: tsc TS1442 Expected '…' for property initializer.	A1=0 A2=0 B=0	A1=0 A2=0 B=3	TS1442	class K { @d p: keyof abstract new () => A; }	PST:393-467	2721-2761 parseTypeOperatorOrHigher, parseInferType, tryParseConstraintOfInferType	
alias: tsc TS1005 '…' expected.	A1=0 A2=0 B=3	A1=0 A2=0 B=3	TS1005	type X = intrinsic<A>;  ##  type X = intrinsic[];  ##  type X = intrinsic | A;	PST:1085-1138 skip_type_script_type_stmt, parse_stmt.rs:1706-1768, 1783-1793	2142-2165 parseTypeAliasDeclaration, 6123-6196 scanStartOfDeclaration	
ta: bun Expected "…" but found "…"	A1=3 A2=0 B=0	A1=3 A2=0 B=0		let v: import('m').A<(a = 1) => B>;  ##  let v: import('m').A<asserts a>;  ##  let v: import('m').A<A?>;	PST:1183-1230 skip_type_script_type_arguments; callers parse_suffix.rs:194, 881, 972, parse_prefix.rs:696, parse/mod.rs:159, parse_typescript.rs:193, PST:558, 598, 746; typescript.rs:10-40	3056-3068, 5295-5340 tryParseTypeArgumentsInExpression / canFollowTypeArgumentsInExpression, 1884-1892	
member: tsc TS1441 Cannot start a function call in a type annotation.	A1=0 A2=0 B=3	A1=0 A2=0 B=3	TS1441	abstract class C extends B {\n  a!() {}\n}  ##  var v = class {\n  a!() {}\n};  ##  declare abstract class C extends B {\n  a!() {}\n}	parse_property.rs:241-802 parse_property (292-318 index signature, 334-500 modifiers, 600-680 '?', '!', type parameters, type) (H12)	1894-2056 parseClassElement .. parsePropertyDeclaration, 3476-3494 parseAccessorDeclaration	
declare: tsc TS1005 '…' expected.	A1=0 A2=0 B=3	A1=0 A2=0 B=3	TS1005	declare namespace N  ##  declare namespace N;  ##  declare module "m".n {}	parse_stmt.rs:1855-1968 (TsStmtDeclare), 1794-1807, 1843-1854 (global) (H9, H18)	1124-1191 parseDeclaration, 2202-2240 parseModuleDeclaration / parseAmbientExternalModuleDeclaration	
expr: tsc TS1146 Declaration expected.	A1=0 A2=0 B=3	A1=0 A2=0 B=3	TS1146	@d<A> class C {}  ##  class C { @d<A> m() {} }  ##  class C { @d<A> a }	parse_typescript.rs:35-203 (77-203 parse_standard_decorator without experimentalDecorators)	3948-3966 parseDecorator / parseDecoratorExpression (parseLeftHandSideExpressionOrHigher)	
expr: bun Expected identifier but found "…"; tsc checker TS1329 TS1497	A1=0 A2=3 B=0	A1=0 A2=3 B=0	TS1329 TS1497	@function () {} class C {}  ##  class C { @function () {} m() {} }  ##  class C { @function () {} a }	parse_typescript.rs:35-203 (77-203 parse_standard_decorator without experimentalDecorators)	3948-3966 parseDecorator / parseDecoratorExpression (parseLeftHandSideExpressionOrHigher)	
expr: bun Expected identifier but found "…"; tsc checker TS1497 TS17013	A1=0 A2=3 B=0	A1=0 A2=3 B=0	TS1497 TS17013	@new.target class C {}  ##  class C { @new.target m() {} }  ##  class C { @new.target a }	parse_typescript.rs:35-203 (77-203 parse_standard_decorator without experimentalDecorators)	3948-3966 parseDecorator / parseDecoratorExpression (parseLeftHandSideExpressionOrHigher)	
ref: tsc TS1144 '…' or '…' expected.	A1=0 A2=0 B=0	A1=0 A2=0 B=2	TS1144	function f(x: any): A<B>.C { return null as any }	PST:386-560 (TIdentifier arm), 730-748, 1183-1230	2941-3014 parseTypeReference, parseEntityName, parseRightSideOfDot, 3056-3068	
query: tsc TS1109 Expression expected.	A1=0 A2=0 B=0	A1=0 A2=0 B=2	TS1109	let v = x as typeof x\n<A>;	PST:561-601	2842-2846, 3160-3170 parseTypeQuery	
op: tsc TS1109 Expression expected.	A1=0 A2=0 B=0	A1=0 A2=0 B=2	TS1109	let v = x as infer A<B>;	PST:393-467	2721-2761 parseTypeOperatorOrHigher, parseInferType, tryParseConstraintOfInferType	
cond: tsc TS1131 Property or signature expected.	A1=0 A2=0 B=0	A1=0 A2=0 B=2	TS1131	function f(x: any): A extends B ? C : { return null as any }	PST:764-804, 434-458, 1302-1320, 1441-1478	2655-2678 parseType, 2738-2761	
pred: bun Expected "…" but found "…"	A1=0 A2=0 B=0	A1=2 A2=0 B=0		function f(x: any): asserts x\nis A { return null as any }	PST:297-308, 476-488, 549-554	3452-3464 parseTypeOrTypePredicate, 3718-3732, 2883-2886	
pred: bun Expected "…" but found "…"; tsc checker TS1225	A1=0 A2=0 B=0	A1=0 A2=2 B=0	TS1225	function f(x: any): asserts is A { return null as any }	PST:297-308, 476-488, 549-554	3452-3464 parseTypeOrTypePredicate, 3718-3732, 2883-2886	
paren: tsc TS1144 '…' or '…' expected.	A1=0 A2=0 B=0	A1=0 A2=0 B=2	TS1144	function f(x: any): (A).B { return null as any }	PST:219-241, 1322-1329	3710-3716 parseParenthesizedType, 3818-3823, 3860-3902	
paren: tsc TS1109 Expression expected.	A1=0 A2=0 B=0	A1=0 A2=0 B=2	TS1109	let v = x as (A)<B>;	PST:219-241, 1322-1329	3710-3716 parseParenthesizedType, 3818-3823, 3860-3902	
broken: tsc TS1131 Property or signature expected.	A1=0 A2=0 B=0	A1=0 A2=0 B=2	TS1131	function f(x: any):  { return null as any }	PST:651-669	2800-2868 parseNonArrayType	
broken: bun Unexpected …	A1=0 A2=0 B=0	A1=2 A2=0 B=0		let f = (x: any): #a => x;	PST:651-669	2800-2868 parseNonArrayType	
m: tsc TS1442 Expected '…' for property initializer.	A1=0 A2=0 B=0	A1=0 A2=0 B=2	TS1442	class K { @d p: x is string; }	parse/type_sink.rs:163-348 and PST as for the type form	internal/transformers typeserializer (tsc: transformers/typeSerializer.ts)	
member: bun Unexpected …; tsc checker TS1539	A1=0 A2=1 B=0	A1=0 A2=2 B=0	TS1539	type X = { 1n: A };	PST:812-929 skip_type_script_object_type (H7); class members of group 06: parse_property.rs:241-802	3222-3268 parseTypeMember, 3558-3645; class members: 1894-2056 parseClassElement	
member: bun Unexpected …; tsc checker TS1183	A1=0 A2=1 B=0	A1=0 A2=2 B=0	TS1183	type X = { get a(): A {} };	PST:812-929 skip_type_script_object_type (H7); class members of group 06: parse_property.rs:241-802	3222-3268 parseTypeMember, 3558-3645; class members: 1894-2056 parseClassElement	
mapped: tsc TS1359 Identifier expected. '…' is a reserved word that cannot be used here.	A1=0 A2=0 B=1	A1=0 A2=0 B=2	TS1359	type X = { [const: string]: B };	PST:812-929 (the same loop reads mapped types)	3172-3220 nextIsStartOfMappedType, parseMappedType	
sig: bun Unexpected …	A1=1 A2=0 B=0	A1=2 A2=0 B=0		type X = ([a, , b]: A) => R;	PST:164-198 skip_typescript_fn_args, 67-162 skip_type_script_binding, 219-241	3309-3428 parseParameters .. parseNameOfParameter, 3825-3843 parseFunctionOrConstructorType	
sig: tsc TS1442 Expected '…' for property initializer.	A1=0 A2=0 B=0	A1=0 A2=0 B=2	TS1442	class K { @d p: ([this]) => R; }	PST:164-198 skip_typescript_fn_args, 67-162 skip_type_script_binding, 219-241	3309-3428 parseParameters .. parseNameOfParameter, 3825-3843 parseFunctionOrConstructorType	
ta: tsc TS1003 Identifier expected.	A1=0 A2=0 B=2	A1=0 A2=0 B=2	TS1003	a?.<a is A>(x);  ##  a?.<const>(x);	PST:1183-1230 skip_type_script_type_arguments; callers parse_suffix.rs:194, 881, 972, parse_prefix.rs:696, parse/mod.rs:159, parse_typescript.rs:193, PST:558, 598, 746; typescript.rs:10-40	3056-3068, 5295-5340 tryParseTypeArgumentsInExpression / canFollowTypeArgumentsInExpression, 1884-1892	
ta: tsc TS1146 Declaration expected.	A1=0 A2=0 B=2	A1=0 A2=0 B=2	TS1146	@d<a is A>() class C {}  ##  @d<const>() class C {}	PST:1183-1230 skip_type_script_type_arguments; callers parse_suffix.rs:194, 881, 972, parse_prefix.rs:696, parse/mod.rs:159, parse_typescript.rs:193, PST:558, 598, 746; typescript.rs:10-40	3056-3068, 5295-5340 tryParseTypeArgumentsInExpression / canFollowTypeArgumentsInExpression, 1884-1892	
as: tsc TS1005 '…' expected.	A1=0 A2=0 B=2	A1=0 A2=0 B=2	TS1005	x as A!.b  ##  x as y is A	parse_suffix.rs:20-40	4638-4716 parseBinaryExpressionRest, makeAsExpression, makeSatisfiesExpression	
angle: tsc TS17007 A type assertion expression is not allowed in the left-hand side of an exponentiation expression. Consider enclosing the expression in parentheses.	A1=0 A2=0 B=2	A1=0 A2=0 B=2	TS17007	var v = <A>x ** 2;  ##  <A>x ** 2	parse_prefix.rs:892-992 pfx_t_less_than	5185-5193 parseTypeAssertion, 5113-5141 parseSimpleUnaryExpression, 4244-4367	
angle: tsc TS1359 Identifier expected. '…' is a reserved word that cannot be used here.	A1=0 A2=0 B=2	A1=0 A2=0 B=2	TS1359	var v = <const>() => 1;  ##  <const>() => 1	parse_prefix.rs:892-992 pfx_t_less_than	5185-5193 parseTypeAssertion, 5113-5141 parseSimpleUnaryExpression, 4244-4367	
arrow: tsc TS1003 Identifier expected.	A1=0 A2=0 B=2	A1=0 A2=0 B=2	TS1003	var v = ({ ...{ a } }) => 1;  ##  var v = async ({ ...{ a } }) => 1;	parse/mod.rs:418-660 parse_paren_expr (474 parameter type, 581-585 return type), parse_fn.rs:520-610 parse_arrow_body, PST:1344-1417 (H1, H5)	4244-4538, 4601-4622 parseConditionalExpressionRest	
inst: bun Expected "…" but found "…"; tsc checker TS1358	A1=0 A2=2 B=0	A1=0 A2=2 B=0	TS1358	a?.<b>`t`  ##  a?.<b>`t`	parse_suffix.rs:871-904 sfx_t_less_than, 962-995 sfx_t_less_than_less_than, PST:1331-1342, typescript.rs:10-40	5295-5340, 5395-5440, 5501-5536 parseCallExpressionRest	
inst: tsc TS1005 '…' expected.	A1=0 A2=0 B=2	A1=0 A2=0 B=2	TS1005	a<<b>(c)>(d)  ##  a<<b>(c)>(d)	parse_suffix.rs:871-904 sfx_t_less_than, 962-995 sfx_t_less_than_less_than, PST:1331-1342, typescript.rs:10-40	5295-5340, 5395-5440, 5501-5536 parseCallExpressionRest	
member: bun Expected "…" but found "…"; tsc checker TS1021	A1=0 A2=2 B=0	A1=0 A2=2 B=0	TS1021	abstract class C extends B {\n  [k: string]\n}  ##  declare abstract class C extends B {\n  [k: string]\n}	parse_property.rs:241-802 parse_property (292-318 index signature, 334-500 modifiers, 600-680 '?', '!', type parameters, type) (H12)	1894-2056 parseClassElement .. parsePropertyDeclaration, 3476-3494 parseAccessorDeclaration	
member: bun Unexpected …; tsc checker TS1019	A1=0 A2=2 B=0	A1=0 A2=2 B=0	TS1019	abstract class C extends B {\n  [k?: string]: A\n}  ##  declare abstract class C extends B {\n  [k?: string]: A\n}	parse_property.rs:241-802 parse_property (292-318 index signature, 334-500 modifiers, 600-680 '?', '!', type parameters, type) (H12)	1894-2056 parseClassElement .. parsePropertyDeclaration, 3476-3494 parseAccessorDeclaration	
member: bun Expected "…" but found "…"; tsc checker TS1029	A1=0 A2=2 B=0	A1=0 A2=2 B=0	TS1029	abstract class C extends B {\n  accessor static a\n}  ##  declare abstract class C extends B {\n  accessor static a\n}	parse_property.rs:241-802 parse_property (292-318 index signature, 334-500 modifiers, 600-680 '?', '!', type parameters, type) (H12)	1894-2056 parseClassElement .. parsePropertyDeclaration, 3476-3494 parseAccessorDeclaration	
member: bun Expected "…" but found "…"; tsc checker TS1243	A1=0 A2=2 B=0	A1=0 A2=2 B=0	TS1243	abstract class C extends B {\n  accessor readonly a\n}  ##  declare abstract class C extends B {\n  accessor readonly a\n}	parse_property.rs:241-802 parse_property (292-318 index signature, 334-500 modifiers, 600-680 '?', '!', type parameters, type) (H12)	1894-2056 parseClassElement .. parsePropertyDeclaration, 3476-3494 parseAccessorDeclaration	
member: bun Expected "…" but found "…"; tsc checker TS1275	A1=0 A2=2 B=0	A1=0 A2=2 B=0	TS1275	abstract class C extends B {\n  accessor get a() { return 1 }\n}  ##  abstract class C extends B {\n  accessor async a() {}\n}	parse_property.rs:241-802 parse_property (292-318 index signature, 334-500 modifiers, 600-680 '?', '!', type parameters, type) (H12)	1894-2056 parseClassElement .. parsePropertyDeclaration, 3476-3494 parseAccessorDeclaration	
member: tsc TS1442 Expected '…' for property initializer.	A1=0 A2=0 B=2	A1=0 A2=0 B=2	TS1442	abstract class C extends B {\n  a: b is C\n}  ##  declare abstract class C extends B {\n  a: b is C\n}	parse_property.rs:241-802 parse_property (292-318 index signature, 334-500 modifiers, 600-680 '?', '!', type parameters, type) (H12)	1894-2056 parseClassElement .. parsePropertyDeclaration, 3476-3494 parseAccessorDeclaration	
member: bun Expected "…" but found "…"; tsc checker TS1275 TS1183	A1=0 A2=2 B=0	A1=0 A2=2 B=0	TS1183 TS1275	declare abstract class C extends B {\n  accessor get a() { return 1 }\n}  ##  declare abstract class C extends B {\n  accessor async a() {}\n}	parse_property.rs:241-802 parse_property (292-318 index signature, 334-500 modifiers, 600-680 '?', '!', type parameters, type) (H12)	1894-2056 parseClassElement .. parsePropertyDeclaration, 3476-3494 parseAccessorDeclaration	
overload: bun Expected "…" but found "…"; tsc checker TS1005	A1=0 A2=2 B=0	A1=0 A2=2 B=0	TS1005	var v = { m(): void };  ##  var v = { m(); };	parse_fn.rs:19-161 parse_fn_stmt (106-124), 396-400; parse_property.rs:112 (H10)	3530-3542 parseFunctionBlockOrSemicolon, 1715-1737	
import: bun Expected "…" but found "…"; tsc checker TS1363	A1=0 A2=2 B=0	A1=0 A2=2 B=0	TS1363	import type A, { B } from "m";  ##  import type A, * as B from "m";	parse_stmt.rs:1394-1673 t_import (1548-1606 import type), parse_import_export.rs:116-290, parse_typescript.rs:482-575 (H14)	2279-2553 parseImportDeclarationOrImportEqualsDeclaration .. tryParseImportAttributes	
namespace: tsc TS1005 '…' expected.	A1=0 A2=0 B=2	A1=0 A2=0 B=2	TS1005	namespace as A;  ##  module as A;	parse_typescript.rs:205-481 parse_type_script_namespace_stmt, parse_stmt.rs:1794-1807	2202-2277	
enum: tsc TS1357 An enum member name must be followed by a '…', '…', or '…'.	A1=0 A2=0 B=2	A1=0 A2=0 B=2	TS1357	enum E { A; B }  ##  enum E { A; }	parse_typescript.rs:576-781 parse_typescript_enum_stmt, parse_stmt.rs:64-77 t_enum	2171-2200 parseEnumMember / parseEnumDeclaration	
position: bun Expected "…" but found "…"; tsc checker TS8038	A1=0 A2=2 B=0	A1=0 A2=2 B=0	TS8038	@d export @e class C {}  ##  @d export default @e class C {}	parse_stmt.rs:78-131 t_at, parse_typescript.rs:35-203, parse_property.rs:241-802, parse_fn.rs:229-235	3908-3966 parseModifiersEx, parseDecorator, parseDecoratorExpression	
dts: bun Unexpected …	A1=2 A2=0 B=0	A1=2 A2=0 B=0		export namespace N { export {} }  ##  export namespace N { export { a } }	parse_entry.rs (there is no ambient mode: a .d.ts file is parsed like a .ts file)	431-465 parseSourceFileWorker (declaration file: NodeFlagsAmbient), 3530-3542	
lit: bun Invalid assignment target	A1=0 A2=0 B=0	A1=1 A2=0 B=0	(TS2357)	f<--1>(x);	PST:260-275, 309-321	2826-2833, 2924-2939 parseLiteralTypeNode	
ref: tsc TS1442 Expected '…' for property initializer.	A1=0 A2=0 B=0	A1=0 A2=0 B=1	TS1442	class K { @d p: A<B>.C; }	PST:386-560 (TIdentifier arm), 730-748, 1183-1230	2941-3014 parseTypeReference, parseEntityName, parseRightSideOfDot, 3056-3068	
query: bun Unexpected …	A1=0 A2=0 B=0	A1=1 A2=0 B=0		let f = (x: any): typeof #p => x;	PST:561-601	2842-2846, 3160-3170 parseTypeQuery	
import: bun Expected "…" but found "…"; tsc checker TS1450	A1=0 A2=0 B=0	A1=0 A2=1 B=0	TS1450	f<import("m", { with: {} }, 1)>(x);	PST:327-356	3075-3158 parseImportType	
import: tsc TS1005 '…' expected.	A1=0 A2=0 B=0	A1=0 A2=0 B=1	TS1005	f<import.meta>(x);	PST:327-356	3075-3158 parseImportType	
import: bun Unexpected …	A1=0 A2=0 B=0	A1=1 A2=0 B=0		let f = (x: any): import("m").#a => x;	PST:327-356	3075-3158 parseImportType	
postfix: bun Unexpected …; tsc checker TS1096	A1=0 A2=0 B=0	A1=0 A2=1 B=0	TS1096	class K { @d p: A\n[]; }	PST:674-809 (718-729 '!', 749-763 '[')	2763-2793 parsePostfixTypeOrHigher	
op: tsc TS1441 Cannot start a function call in a type annotation.	A1=0 A2=0 B=0	A1=0 A2=0 B=1	TS1441	class K { @d p: keyof new () => A; }	PST:393-467	2721-2761 parseTypeOperatorOrHigher, parseInferType, tryParseConstraintOfInferType	
op: tsc TS1003 Identifier expected.	A1=0 A2=0 B=0	A1=0 A2=0 B=1	TS1003	f<infer>(x);	PST:393-467	2721-2761 parseTypeOperatorOrHigher, parseInferType, tryParseConstraintOfInferType	
pred: bun Unexpected …	A1=0 A2=0 B=0	A1=1 A2=0 B=0		let f = (x: any): asserts x\nis A => x;	PST:297-308, 476-488, 549-554	3452-3464 parseTypeOrTypePredicate, 3718-3732, 2883-2886	
pred: bun Unexpected …; tsc checker TS1225	A1=0 A2=0 B=0	A1=0 A2=1 B=0	TS1225	let f = (x: any): asserts is A => x;	PST:297-308, 476-488, 549-554	3452-3464 parseTypeOrTypePredicate, 3718-3732, 2883-2886	
paren: tsc TS1442 Expected '…' for property initializer.	A1=0 A2=0 B=0	A1=0 A2=0 B=1	TS1442	class K { @d p: (A).B; }	PST:219-241, 1322-1329	3710-3716 parseParenthesizedType, 3818-3823, 3860-3902	
broken: tsc TS1005 '…' expected.	A1=0 A2=0 B=0	A1=0 A2=0 B=1	TS1005	f<new.target>(x);	PST:651-669	2800-2868 parseNonArrayType	
iface: bun Expected identifier but found "…"; tsc checker TS1212	A1=0 A2=1 B=0	A1=0 A2=1 B=0	TS1212	interface;	PST:1140-1181 skip_type_script_interface_stmt, parse_stmt.rs:1808-1829	2130-2140 parseInterfaceDeclaration, 1824-1892	
iface: tsc TS1011 An element access expression should take an argument.	A1=0 A2=0 B=1	A1=0 A2=0 B=1	TS1011	interface I extends A[] {}	PST:1140-1181 skip_type_script_interface_stmt, parse_stmt.rs:1808-1829	2130-2140 parseInterfaceDeclaration, 1824-1892	
sig: bun Expected "…" but found "…"	A1=0 A2=0 B=0	A1=1 A2=0 B=0	(TS2842)	class K { @d p: ({ [k]: b }: A) => R; }	PST:164-198 skip_typescript_fn_args, 67-162 skip_type_script_binding, 219-241	3309-3428 parseParameters .. parseNameOfParameter, 3825-3843 parseFunctionOrConstructorType	
sig: tsc TS1441 Cannot start a function call in a type annotation.	A1=0 A2=0 B=0	A1=0 A2=0 B=1	TS1441	class K { @d p: readonly new () => A; }	PST:164-198 skip_typescript_fn_args, 67-162 skip_type_script_binding, 219-241	3309-3428 parseParameters .. parseNameOfParameter, 3825-3843 parseFunctionOrConstructorType	
ta.jsx: bun Expected "…" but found "…"	A1=1 A2=0 B=0	A1=1 A2=0 B=0		var v = <C<A> a=<D<B> /> />;	parse_jsx.rs:28, PST:1183-1230	4981-5014 parseJsxOpeningOrSelfClosingElementOrOpeningFragment, 5295-5321	
as: tsc TS1128 Declaration or statement expected.	A1=0 A2=0 B=1	A1=0 A2=0 B=1	TS1128	x as A!\n.b	parse_suffix.rs:20-40	4638-4716 parseBinaryExpressionRest, makeAsExpression, makeSatisfiesExpression	
nonnull: bun Expected "…" but found "…"; tsc checker TS1264	A1=0 A2=1 B=0	A1=0 A2=1 B=0	TS1264	let a!;	parse_suffix.rs:485-540 sfx_t_exclamation, parse/mod.rs:1307-1316 (definite assignment), parse_stmt.rs:430-434 (catch binding type)	5395-5440 parseMemberExpressionRest, 1607-1632 parseVariableDeclarationWorker, 1496-1507 parseCatchClause	
nonnull: bun Expected "…" but found "…"; tsc checker TS1263	A1=0 A2=1 B=0	A1=0 A2=1 B=0	TS1263	let a! = 1;	parse_suffix.rs:485-540 sfx_t_exclamation, parse/mod.rs:1307-1316 (definite assignment), parse_stmt.rs:430-434 (catch binding type)	5395-5440 parseMemberExpressionRest, 1607-1632 parseVariableDeclarationWorker, 1496-1507 parseCatchClause	
nonnull: bun Expected "…" but found "…"	A1=1 A2=0 B=0	A1=1 A2=0 B=0		try {} catch (e: any = 1) {}	parse_suffix.rs:485-540 sfx_t_exclamation, parse/mod.rs:1307-1316 (definite assignment), parse_stmt.rs:430-434 (catch binding type)	5395-5440 parseMemberExpressionRest, 1607-1632 parseVariableDeclarationWorker, 1496-1507 parseCatchClause	
nonnull: bun Expected "…" but found "…"; tsc checker TS1197	A1=0 A2=1 B=0	A1=0 A2=1 B=0	TS1197	try {} catch (e = 1) {}	parse_suffix.rs:485-540 sfx_t_exclamation, parse/mod.rs:1307-1316 (definite assignment), parse_stmt.rs:430-434 (catch binding type)	5395-5440 parseMemberExpressionRest, 1607-1632 parseVariableDeclarationWorker, 1496-1507 parseCatchClause	
garrow: tsc TS1109 Expression expected.	A1=0 A2=0 B=1	A1=0 A2=0 B=1	TS1109	var v = <T>(): => 1;	parse_prefix.rs:892-992, parse/mod.rs:1588-1739 (async), typescript.rs:44-72 is_ts_arrow_fn_jsx	4244-4486 isParenthesizedArrowFunctionExpression .. parseParenthesizedArrowFunctionExpression	
arrow: bun Unexpected …	A1=1 A2=0 B=0	A1=1 A2=0 B=0		var v = (await: A) => 1;	parse/mod.rs:418-660 parse_paren_expr (474 parameter type, 581-585 return type), parse_fn.rs:520-610 parse_arrow_body, PST:1344-1417 (H1, H5)	4244-4538, 4601-4622 parseConditionalExpressionRest	
inst: bun Unexpected …; tsc checker TS1326	A1=0 A2=1 B=0	A1=0 A2=1 B=0	TS1326	import<A>('m')	parse_suffix.rs:871-904 sfx_t_less_than, 962-995 sfx_t_less_than_less_than, PST:1331-1342, typescript.rs:10-40	5295-5340, 5395-5440, 5501-5536 parseCallExpressionRest	
member: bun Unexpected …; tsc checker TS1275	A1=0 A2=1 B=0	A1=0 A2=1 B=0	TS1275	abstract class C extends B {\n  accessor *a() {}\n}	parse_property.rs:241-802 parse_property (292-318 index signature, 334-500 modifiers, 600-680 '?', '!', type parameters, type) (H12)	1894-2056 parseClassElement .. parsePropertyDeclaration, 3476-3494 parseAccessorDeclaration	
member: bun Unexpected …; tsc checker TS1275 TS1183	A1=0 A2=1 B=0	A1=0 A2=1 B=0	TS1183 TS1275	declare abstract class C extends B {\n  accessor *a() {}\n}	parse_property.rs:241-802 parse_property (292-318 index signature, 334-500 modifiers, 600-680 '?', '!', type parameters, type) (H12)	1894-2056 parseClassElement .. parsePropertyDeclaration, 3476-3494 parseAccessorDeclaration	
member: bun Expected "…" but found "…"; tsc checker TS1253	A1=0 A2=1 B=0	A1=0 A2=1 B=0	TS1253	class C {\n  abstract abstract a\n}	parse_property.rs:241-802 parse_property (292-318 index signature, 334-500 modifiers, 600-680 '?', '!', type parameters, type) (H12)	1894-2056 parseClassElement .. parsePropertyDeclaration, 3476-3494 parseAccessorDeclaration	
modifier: bun Expected "…" but found "…"; tsc checker TS1275 TS1245	A1=0 A2=1 B=0	A1=0 A2=1 B=0	TS1245 TS1275	abstract class C extends B {\n  accessor abstract a() {}\n}	parse_property.rs:334-500 (H12)	1894-1947 parseClassElement, 3908-3989, 4009-4095	
modifier: bun Expected "…" but found "…"; tsc checker TS1275 TS1183	A1=0 A2=1 B=0	A1=0 A2=1 B=0	TS1183 TS1275	abstract class C extends B {\n  accessor declare a() {}\n}	parse_property.rs:334-500 (H12)	1894-1947 parseClassElement, 3908-3989, 4009-4095	
implements: tsc TS1011 An element access expression should take an argument.	A1=0 A2=0 B=1	A1=0 A2=0 B=1	TS1011	class C implements A[] {}	parse/mod.rs:164-170 (every entry is read as a type) (H8)	1835-1860, 1884-1892	
extends: tsc TS1011 An element access expression should take an argument.	A1=0 A2=0 B=1	A1=0 A2=0 B=1	TS1011	class C extends D implements A[] {}	parse/mod.rs:136-290 parse_class (159 type arguments after the extends expression, 164-170 implements), parse_prefix.rs:541-666	1747-1795 parseClassDeclarationOrExpression, 1824-1892	
class: bun Expected "…" but found "…"	A1=1 A2=0 B=0	A1=1 A2=0 B=0		abstract declare class C {}	parse/mod.rs:675-770 parse_class_stmt, parse_stmt.rs:1830-1842 (abstract), 132-164 t_class	1739-1814	
class: bun Expected "…" but found "…"; tsc checker TS1275	A1=0 A2=1 B=0	A1=0 A2=1 B=0	TS1275	accessor class C {}	parse/mod.rs:675-770 parse_class_stmt, parse_stmt.rs:1830-1842 (abstract), 132-164 t_class	1739-1814	
import: bun Expected string but found "…"; tsc checker TS1141	A1=0 A2=1 B=0	A1=0 A2=1 B=0	TS1141	import A = require(m);	parse_stmt.rs:1394-1673 t_import (1548-1606 import type), parse_import_export.rs:116-290, parse_typescript.rs:482-575 (H14)	2279-2553 parseImportDeclarationOrImportEqualsDeclaration .. tryParseImportAttributes	
import: bun Expected "…" but found "…"	A1=1 A2=0 B=0	A1=1 A2=0 B=0		import a from "m"\nwith { type: "json" };	parse_stmt.rs:1394-1673 t_import (1548-1606 import type), parse_import_export.rs:116-290, parse_typescript.rs:482-575 (H14)	2279-2553 parseImportDeclarationOrImportEqualsDeclaration .. tryParseImportAttributes	
import: bun Expected string but found "…"	A1=1 A2=0 B=0	A1=1 A2=0 B=0	(TS2858)	import "m" with { type: 1 };	parse_stmt.rs:1394-1673 t_import (1548-1606 import type), parse_import_export.rs:116-290, parse_typescript.rs:482-575 (H14)	2279-2553 parseImportDeclarationOrImportEqualsDeclaration .. tryParseImportAttributes	
import: bun Expected "…" but found "…"; tsc checker TS18058	A1=0 A2=1 B=0	A1=0 A2=1 B=0	TS18058	import defer a from "m";	parse_stmt.rs:1394-1673 t_import (1548-1606 import type), parse_import_export.rs:116-290, parse_typescript.rs:482-575 (H14)	2279-2553 parseImportDeclarationOrImportEqualsDeclaration .. tryParseImportAttributes	
import: bun Expected "…" but found "…"; tsc checker TS18059	A1=0 A2=1 B=0	A1=0 A2=1 B=0	TS18059	import defer { a } from "m";	parse_stmt.rs:1394-1673 t_import (1548-1606 import type), parse_import_export.rs:116-290, parse_typescript.rs:482-575 (H14)	2279-2553 parseImportDeclarationOrImportEqualsDeclaration .. tryParseImportAttributes	
import: bun Expected string but found "…"; tsc checker TS18058	A1=0 A2=1 B=0	A1=0 A2=1 B=0	TS18058	import defer from from "m";	parse_stmt.rs:1394-1673 t_import (1548-1606 import type), parse_import_export.rs:116-290, parse_typescript.rs:482-575 (H14)	2279-2553 parseImportDeclarationOrImportEqualsDeclaration .. tryParseImportAttributes	
import: bun Unexpected …; tsc checker TS1326	A1=0 A2=1 B=0	A1=0 A2=1 B=0	TS1326	import<A>("m");	parse_stmt.rs:1394-1673 t_import (1548-1606 import type), parse_import_export.rs:116-290, parse_typescript.rs:482-575 (H14)	2279-2553 parseImportDeclarationOrImportEqualsDeclaration .. tryParseImportAttributes	
export: tsc TS1005 '…' expected.	A1=0 A2=0 B=1	A1=0 A2=0 B=1	TS1005	export = a, b;	parse_stmt.rs:825-1393 t_export (864 export import, 892 export as namespace, 923-944 export type, 1373 export =), parse_import_export.rs:291-472, PST:1085-1120	1173-1183, 2555-2651 parseExportAssignment .. parseExportSpecifier	
export: bun Expected "…" but found "…"	A1=1 A2=0 B=0	A1=1 A2=0 B=0		export default @d abstract class {}	parse_stmt.rs:825-1393 t_export (864 export import, 892 export as namespace, 923-944 export type, 1373 export =), parse_import_export.rs:291-472, PST:1085-1120	1173-1183, 2555-2651 parseExportAssignment .. parseExportSpecifier	
export: bun Unexpected …; tsc checker TS1029	A1=0 A2=1 B=0	A1=0 A2=1 B=0	TS1029	declare export default class {}	parse_stmt.rs:825-1393 t_export (864 export import, 892 export as namespace, 923-944 export type, 1373 export =), parse_import_export.rs:291-472, PST:1085-1120	1173-1183, 2555-2651 parseExportAssignment .. parseExportSpecifier	
declare: bun Expected "…" but found "…"; tsc checker TS1014	A1=0 A2=1 B=0	A1=0 A2=1 B=0	TS1014	declare function f(...a, b): void;	parse_stmt.rs:1855-1968 (TsStmtDeclare), 1794-1807, 1843-1854 (global) (H9, H18)	1124-1191 parseDeclaration, 2202-2240 parseModuleDeclaration / parseAmbientExternalModuleDeclaration	
declare: bun Expected "…" but found end of file	A1=1 A2=0 B=0	A1=1 A2=0 B=0		declare global	parse_stmt.rs:1855-1968 (TsStmtDeclare), 1794-1807, 1843-1854 (global) (H9, H18)	1124-1191 parseDeclaration, 2202-2240 parseModuleDeclaration / parseAmbientExternalModuleDeclaration	
namespace: tsc TS1003 Identifier expected.	A1=0 A2=0 B=1	A1=0 A2=0 B=1	TS1003	namespace N."a" {}	parse_typescript.rs:205-481 parse_type_script_namespace_stmt, parse_stmt.rs:1794-1807	2202-2277	
namespace: bun Unexpected …; tsc checker TS1030	A1=0 A2=1 B=0	A1=0 A2=1 B=0	TS1030	namespace N { export export const a = 1 }	parse_typescript.rs:205-481 parse_type_script_namespace_stmt, parse_stmt.rs:1794-1807	2202-2277	
namespace: bun Unexpected …	A1=1 A2=0 B=0	A1=1 A2=0 B=0		declare namespace in {}	parse_typescript.rs:205-481 parse_type_script_namespace_stmt, parse_stmt.rs:1794-1807	2202-2277	
position: bun Expected "…" but found "…"; tsc checker TS1206	A1=0 A2=1 B=0	A1=0 A2=1 B=0	TS1206	export @d default class C {}	parse_stmt.rs:78-131 t_at, parse_typescript.rs:35-203, parse_property.rs:241-802, parse_fn.rs:229-235	3908-3966 parseModifiersEx, parseDecorator, parseDecoratorExpression	
position: bun Expected "…" but found "…"	A1=1 A2=0 B=0	A1=1 A2=0 B=0		export default @d abstract class C {}	parse_stmt.rs:78-131 t_at, parse_typescript.rs:35-203, parse_property.rs:241-802, parse_fn.rs:229-235	3908-3966 parseModifiersEx, parseDecorator, parseDecoratorExpression	
position: tsc TS1128 Declaration or statement expected.	A1=0 A2=0 B=1	A1=0 A2=0 B=1	TS1128	export declare @d class C {}	parse_stmt.rs:78-131 t_at, parse_typescript.rs:35-203, parse_property.rs:241-802, parse_fn.rs:229-235	3908-3966 parseModifiersEx, parseDecorator, parseDecoratorExpression	
position: bun Expected "…" but found "…"; tsc checker TS1184	A1=0 A2=1 B=0	A1=0 A2=1 B=0	TS1184	var v = @d abstract class {};	parse_stmt.rs:78-131 t_at, parse_typescript.rs:35-203, parse_property.rs:241-802, parse_fn.rs:229-235	3908-3966 parseModifiersEx, parseDecorator, parseDecoratorExpression	
expr: bun Expected identifier but found "…"s"…"; tsc checker TS1238 TS1497	A1=0 A2=1 B=0	A1=0 A2=1 B=0	TS1238 TS1497	@"s" class C {}	parse_typescript.rs:35-203 (77-203 parse_standard_decorator without experimentalDecorators)	3948-3966 parseDecorator / parseDecoratorExpression (parseLeftHandSideExpressionOrHigher)	
expr: bun Expected identifier but found "…"; tsc checker TS1238 TS1497 TS18004	A1=0 A2=1 B=0	A1=0 A2=1 B=0	TS1238 TS1497 TS18004	@{ d } class C {}	parse_typescript.rs:35-203 (77-203 parse_standard_decorator without experimentalDecorators)	3948-3966 parseDecorator / parseDecoratorExpression (parseLeftHandSideExpressionOrHigher)	
expr: bun Expected identifier but found "…"s"…"; tsc checker TS1241 TS1497	A1=0 A2=1 B=0	A1=0 A2=1 B=0	TS1241 TS1497	class C { @"s" m() {} }	parse_typescript.rs:35-203 (77-203 parse_standard_decorator without experimentalDecorators)	3948-3966 parseDecorator / parseDecoratorExpression (parseLeftHandSideExpressionOrHigher)	
expr: bun Expected identifier but found "…"; tsc checker TS1241 TS1497 TS18004	A1=0 A2=1 B=0	A1=0 A2=1 B=0	TS1241 TS1497 TS18004	class C { @{ d } m() {} }	parse_typescript.rs:35-203 (77-203 parse_standard_decorator without experimentalDecorators)	3948-3966 parseDecorator / parseDecoratorExpression (parseLeftHandSideExpressionOrHigher)	
expr: bun Expected identifier but found "…"s"…"; tsc checker TS1240 TS1497	A1=0 A2=1 B=0	A1=0 A2=1 B=0	TS1240 TS1497	class C { @"s" a }	parse_typescript.rs:35-203 (77-203 parse_standard_decorator without experimentalDecorators)	3948-3966 parseDecorator / parseDecoratorExpression (parseLeftHandSideExpressionOrHigher)	
expr: bun Expected identifier but found "…"; tsc checker TS1240 TS1497 TS18004	A1=0 A2=1 B=0	A1=0 A2=1 B=0	TS1240 TS1497 TS18004	class C { @{ d } a }	parse_typescript.rs:35-203 (77-203 parse_standard_decorator without experimentalDecorators)	3948-3966 parseDecorator / parseDecoratorExpression (parseLeftHandSideExpressionOrHigher)	
expr: tsc TS1003 Identifier expected.	A1=0 A2=0 B=1	A1=0 A2=0 B=1	TS1003	class C { m(@d<A> a) {} }	parse_typescript.rs:35-203 (77-203 parse_standard_decorator without experimentalDecorators)	3948-3966 parseDecorator / parseDecoratorExpression (parseLeftHandSideExpressionOrHigher)	
dts: bun Expected "…" but found "…"	A1=1 A2=0 B=0	A1=1 A2=0 B=0		export function f(...a: A[],): void;	parse_entry.rs (there is no ambient mode: a .d.ts file is parsed like a .ts file)	431-465 parseSourceFileWorker (declaration file: NodeFlagsAmbient), 3530-3542	
dts: bun Unexpected …; tsc checker TS1246	A1=0 A2=1 B=0	A1=0 A2=1 B=0	TS1246	interface I { a: A = 1 }	parse_entry.rs (there is no ambient mode: a .d.ts file is parsed like a .ts file)	431-465 parseSourceFileWorker (declaration file: NodeFlagsAmbient), 3530-3542	
