fmt.Sprintf	20	checker.Checker.getExpandedParameters,checker.NodeBuilderImpl.createTypeNodesFromResolvedType,checker.NodeBuilderImpl.getNameOfSymbolFromNameType,checker.NodeBuilderImpl.mapToTypeNodes,checker.NodeBui
maps.Clone	1	printer.emitNode.copyFrom
maps.Keys	1	checker.NodeBuilderImpl.createAccessFromSymbolChain
maps.Values	2	checker.EmitResolver.hasVisibleDeclarations,modulespecifiers.getAllModulePathsWorker
slices.Clone	1	printer.emitNode.copyFrom
slices.Collect	3	checker.EmitResolver.hasVisibleDeclarations,checker.NodeBuilderImpl.createAccessFromSymbolChain,modulespecifiers.getAllModulePathsWorker
slices.Concat	1	checker.NodeBuilderImpl.createTypeNodesFromResolvedType
slices.Contains	3	checker.Checker.getContainersOfSymbol,checker.NodeBuilderImpl.shouldUsePlaceholderForProperty,checker.NodeBuilderImpl.typeToTypeNode
slices.Equal	1	checker.NodeBuilderImpl.typeReferenceToTypeNode
slices.Index	1	pseudochecker.PseudoChecker.typeFromParameter
slices.SortFunc	1	modulespecifiers.getAllModulePathsWorker
slices.SortStableFunc	2	checker.Checker.trySymbolTable,checker.NodeBuilderImpl.getSymbolChain
strconv.FormatUint	1	printer.encodeUtf16EscapeSequence
strings.Builder.Grow	3	printer.EscapeString,printer.getLiteralText,printer.textWriter.Grow
strings.Builder.Len	1	printer.textWriter.updateLineCountAndPosFor
strings.Builder.Reset	1	printer.singleLineStringWriter.Clear
strings.Builder.String	4	printer.EscapeString,printer.getLiteralText,printer.singleLineStringWriter.String,printer.textWriter.String
strings.Builder.WriteByte	1	printer.encodeUtf16EscapeSequence
strings.Builder.WriteRune	1	printer.getLiteralText
strings.Builder.WriteString	12	printer.encodeUtf16EscapeSequence,printer.escapeStringWorker,printer.getLiteralText,printer.singleLineStringWriter.Write,printer.singleLineStringWriter.WriteKeyword,printer.singleLineStringWriter.Writ
strings.Contains	4	checker.NodeBuilderImpl.symbolToTypeNode,modulespecifiers.ContainsNodeModules,modulespecifiers.containsIgnoredPath,printer.Printer.mayNeedDotDotForPropertyAccess
strings.HasPrefix	5	checker.NodeBuilderImpl.getNameOfSymbolFromNameType,checker.NodeBuilderImpl.getPropertyNameNodeForSymbol,checker.canUsePropertyAccess,checker.startsWithSingleOrDoubleQuote,modulespecifiers.getAllModul
strings.Repeat	1	printer.getIndentString
strings.ToUpper	1	printer.encodeUtf16EscapeSequence
strings.TrimLeftFunc	1	checker.NodeBuilderImpl.getPropertyNameNodeForSymbol
sync.Pool.Get	1	printer.GetSingleLineStringWriter
sync.Pool.Put	1	printer.GetSingleLineStringWriter
