binder/binder.go:123	bindSourceFile	defer	putBinder(b)
checker/checker.go:2207	(*Checker).checkSourceFile	defer	tr.Push(tracing.PhaseCheck, "checkSourceFile", map[string]any{"path": sourceFile.FileName()}, true)()
checker/checker.go:2511	(*Checker).checkDeferredNode	defer	tr.Push(tracing.PhaseCheck, "checkDeferredNode", map[string]any{"kind": node.Kind, "pos": node.Pos(), "end": node.End(), "path": ast.GetSourceFileOfNode(node).F...
checker/checker.go:2645	(*Checker).checkTypeParameterDeferred	defer	tr.Push(tracing.PhaseCheckTypes, "checkTypeParameterDeferred", map[string]any{"parent": c.getDeclaredTypeOfSymbol(symbol).id, "id": typeParameter.id}, false)()
checker/checker.go:5873	(*Checker).checkVariableDeclaration	defer	tr.Push(tracing.PhaseCheck, "checkVariableDeclaration", map[string]any{"kind": node.Kind, "pos": node.Pos(), "end": node.End(), "path": ast.GetSourceFileOfNode(...
checker/checker.go:7649	(*Checker).checkExpressionEx	defer	tr.Push(tracing.PhaseCheck, "checkExpression", map[string]any{"kind": node.Kind, "pos": node.Pos(), "end": node.End(), "path": ast.GetSourceFileOfNode(node).Fil...
checker/emitresolver.go:55	(*EmitResolver).GetJsxFactoryEntity	defer	r.checkerMu.Unlock()
checker/emitresolver.go:61	(*EmitResolver).GetJsxFragmentFactoryEntity	defer	r.checkerMu.Unlock()
checker/emitresolver.go:67	(*EmitResolver).IsOptionalParameter	defer	r.checkerMu.Unlock()
checker/emitresolver.go:81	(*EmitResolver).IsLateBound	defer	r.checkerMu.Unlock()
checker/emitresolver.go:95	(*EmitResolver).GetEnumMemberValue	defer	r.checkerMu.Unlock()
checker/emitresolver.go:107	(*EmitResolver).IsDeclarationVisible	defer	r.checkerMu.Unlock()
checker/emitresolver.go:238	(*EmitResolver).PrecalculateDeclarationEmitVisibility	defer	r.checkerMu.Unlock()
checker/emitresolver.go:336	(*EmitResolver).IsEntityNameVisible	defer	r.checkerMu.Unlock()
checker/emitresolver.go:477	(*EmitResolver).IsImplementationOfOverload	defer	r.checkerMu.Unlock()
checker/emitresolver.go:526	(*EmitResolver).IsImportRequiredByAugmentation	defer	r.checkerMu.Unlock()
checker/emitresolver.go:555	(*EmitResolver).IsDefinitelyReferenceToGlobalSymbolObject	defer	r.checkerMu.Unlock()
checker/emitresolver.go:563	(*EmitResolver).IsDefinitelyReferenceToGlobalSymbolObject	defer	r.checkerMu.Unlock()
checker/emitresolver.go:573	(*EmitResolver).RequiresAddingImplicitUndefined	defer	r.checkerMu.Unlock()
checker/emitresolver.go:650	(*EmitResolver).IsLiteralConstDeclaration	defer	r.checkerMu.Unlock()
checker/emitresolver.go:677	(*EmitResolver).IsExpandoFunctionDeclaration	defer	r.checkerMu.Unlock()
checker/emitresolver.go:704	(*EmitResolver).IsReferencedAliasDeclaration	defer	r.checkerMu.Unlock()
checker/emitresolver.go:730	(*EmitResolver).IsValueAliasDeclaration	defer	r.checkerMu.Unlock()
checker/emitresolver.go:803	(*EmitResolver).IsTopLevelValueImportEqualsWithEntityName	defer	r.checkerMu.Unlock()
checker/emitresolver.go:813	(*EmitResolver).MarkLinkedReferencesRecursively	defer	r.checkerMu.Unlock()
checker/emitresolver.go:838	(*EmitResolver).GetExternalModuleFileFromDeclaration	defer	r.checkerMu.Unlock()
checker/emitresolver.go:864	(*EmitResolver).GetReferencedExportContainer	defer	r.checkerMu.Unlock()
checker/emitresolver.go:871	(*EmitResolver).SetReferencedImportDeclaration	defer	r.checkerMu.Unlock()
checker/emitresolver.go:877	(*EmitResolver).GetReferencedImportDeclaration	defer	r.checkerMu.Unlock()
checker/emitresolver.go:895	(*EmitResolver).GetReferencedValueDeclaration	defer	r.checkerMu.Unlock()
checker/emitresolver.go:910	(*EmitResolver).GetReferencedValueDeclarations	defer	r.checkerMu.Unlock()
checker/emitresolver.go:918	(*EmitResolver).IsNameResolvable	defer	r.checkerMu.Unlock()
checker/emitresolver.go:930	(*EmitResolver).GetElementAccessExpressionName	defer	r.checkerMu.Unlock()
checker/emitresolver.go:941	(*EmitResolver).GetReferencedMemberValueDeclaration	defer	r.checkerMu.Unlock()
checker/emitresolver.go:957	(*EmitResolver).CreateReturnTypeOfSignatureDeclaration	defer	r.checkerMu.Unlock()
checker/emitresolver.go:969	(*EmitResolver).CreateTypeParametersOfSignatureDeclaration	defer	r.checkerMu.Unlock()
checker/emitresolver.go:981	(*EmitResolver).CreateTypeOfDeclaration	defer	r.checkerMu.Unlock()
checker/emitresolver.go:1000	(*EmitResolver).CreateLiteralConstValue	defer	r.checkerMu.Unlock()
checker/emitresolver.go:1056	(*EmitResolver).CreateTypeOfExpression	defer	r.checkerMu.Unlock()
checker/emitresolver.go:1064	(*EmitResolver).CreateLateBoundIndexSignatures	defer	r.checkerMu.Unlock()
checker/emitresolver.go:1154	(*EmitResolver).GetEffectiveDeclarationFlags	defer	r.checkerMu.Unlock()
checker/emitresolver.go:1161	(*EmitResolver).GetResolutionModeOverride	defer	r.checkerMu.Unlock()
checker/emitresolver.go:1168	(*EmitResolver).GetConstantValue	defer	r.checkerMu.Unlock()
checker/emitresolver.go:1176	(*EmitResolver).GetTypeReferenceSerializationKind	defer	r.checkerMu.Unlock()
checker/emitresolver.go:1282	(*EmitResolver).TryJSTypeNodeToTypeNode	defer	r.checkerMu.Unlock()
checker/emitresolver.go:1305	(*EmitResolver).IsThisPropertyAssignmentDeclarationRedundant	defer	r.checkerMu.Unlock()
checker/flow.go:2160	(*Checker).getExplicitTypeOfSymbol	defer	c.resolvingExplicitTypeOfSymbol.Delete(symbol)
checker/nodebuilder.go:87	(*NodeBuilder).exitContext	defer	b.popContext()
checker/nodebuilder.go:97	(*NodeBuilder).exitContextSlice	defer	b.popContext()
checker/nodebuilder_hover.go:120	(*NodeBuilderImpl).expandClassDecl	defer	func() { b.ctx.enclosingDeclaration = oldEnclosing }()
checker/nodebuilder_hover.go:430	(*NodeBuilderImpl).expandModuleDecl	defer	func() { b.ctx.flags = oldFlags }()
checker/nodebuilderimpl.go:239	(*NodeBuilderImpl).checkTypeExpandability	defer	func() { b.ctx.typeStack = b.ctx.typeStack[:len(b.ctx.typeStack)-1] }()
checker/nodebuilderimpl.go:3228	(*NodeBuilderImpl).typeToTypeNode	defer	func() { b.ctx.typeStack = b.ctx.typeStack[:len(b.ctx.typeStack)-1] }()
checker/nodebuilderimpl.go:3395	(*NodeBuilderImpl).typeToTypeNode	defer	func() { b.ctx.depth-- }()
checker/printer.go:77	(*Checker).typeToStringEx	defer	release()
checker/printer.go:80	(*Checker).typeToStringEx	defer	func() { nodeBuilder.verbosity = oldVerbosity }()
checker/printer.go:134	(*Checker).symbolToStringEx	defer	putWriter()
checker/printer.go:155	(*Checker).symbolToStringEx	defer	release()
checker/printer.go:205	(*Checker).signatureToStringEx	defer	release()
checker/printer.go:208	(*Checker).signatureToStringEx	defer	func() { nodeBuilder.verbosity = oldVerbosity }()
checker/printer.go:224	(*Checker).signatureToStringEx	defer	putWriter()
checker/printer.go:235	(*Checker).typePredicateToStringEx	defer	putWriter()
checker/printer.go:237	(*Checker).typePredicateToStringEx	defer	release()
checker/printer.go:295	(*Checker).SignatureToSignatureDeclaration	defer	release()
checker/printer.go:302	(*Checker).ExpandSymbolForHover	defer	release()
checker/printer.go:305	(*Checker).ExpandSymbolForHover	defer	func() { nodeBuilder.verbosity = oldVerbosity }()
checker/printer.go:330	(*Checker).TypeParameterToStringEx	defer	release()
checker/printer.go:333	(*Checker).TypeParameterToStringEx	defer	func() { nodeBuilder.verbosity = oldVerbosity }()
checker/pseudotypenodebuilder.go:182	(*NodeBuilderImpl).pseudoTypeToNode	defer	cleanup()
checker/relater.go:1341	(*Checker).getVariancesWorker	defer	func() { formatted := make([]string, len(links.variances)) for i, v := range links.variances { formatted[i] = v.String() } traceArgs["variances"] = formatted po...
checker/relater.go:3165	(*Relater).recursiveTypeRelatedTo	defer	tr.Push(tracing.PhaseCheckTypes, "structuredTypeRelatedTo", map[string]any{"sourceId": source.id, "targetId": target.id}, false)()
checker/tracer.go:40	(*Tracer).Push	defer	restoreEndArgs()
checker/tracer.go:342	(*tracedTypeAdapter).Display	defer	func() { _ = recover() }()
