casePath	E	C
compiler/classMemberInitializerScoping2.ts	classMemberInitializerScoping2(target=es2017,usedefineforclassfields=false).ts,classMemberInitializerScoping2(target=es2017,usedefineforclassfields=true).ts,classMemberInitializerScoping2(target=esnext,usedefineforclassfields=false).ts	classMemberInitializerScoping2(target=esnext,usedefineforclassfields=true).ts
compiler/contextuallyTypedOptionalProperty.ts	contextuallyTypedOptionalProperty(exactoptionalpropertytypes=false).ts	contextuallyTypedOptionalProperty(exactoptionalpropertytypes=true).ts
compiler/discriminateWithOptionalProperty4.ts	discriminateWithOptionalProperty4(exactoptionalpropertytypes=false).ts	discriminateWithOptionalProperty4(exactoptionalpropertytypes=true).ts
compiler/emitDecoratorMetadata_isolatedModules.ts	emitDecoratorMetadata_isolatedModules(module=esnext).ts	emitDecoratorMetadata_isolatedModules(module=commonjs).ts
compiler/errorCause.ts	errorCause(target=es2021).ts	errorCause(target=es2022).ts,errorCause(target=esnext).ts
compiler/findLast.ts	findLast(target=es2022).ts	findLast(target=esnext).ts
compiler/functionsWithImplicitReturnTypeAssignableToUndefined.ts	functionsWithImplicitReturnTypeAssignableToUndefined(strictnullchecks=true).ts	functionsWithImplicitReturnTypeAssignableToUndefined(strictnullchecks=false).ts
compiler/impliedNodeFormatEmit1.ts	impliedNodeFormatEmit1(module=esnext).ts	impliedNodeFormatEmit1(module=commonjs).ts,impliedNodeFormatEmit1(module=preserve).ts
compiler/impliedNodeFormatEmit2.ts	impliedNodeFormatEmit2(module=esnext).ts	impliedNodeFormatEmit2(module=commonjs).ts,impliedNodeFormatEmit2(module=preserve).ts
compiler/impliedNodeFormatEmit3.ts	impliedNodeFormatEmit3(module=esnext).ts	impliedNodeFormatEmit3(module=commonjs).ts,impliedNodeFormatEmit3(module=preserve).ts
compiler/impliedNodeFormatEmit4.ts	impliedNodeFormatEmit4(module=esnext).ts	impliedNodeFormatEmit4(module=commonjs).ts,impliedNodeFormatEmit4(module=preserve).ts
compiler/importHelpersWithImportOrExportDefaultNoTslib.1.ts	importHelpersWithImportOrExportDefaultNoTslib.1(esmoduleinterop=true,module=commonjs).ts	importHelpersWithImportOrExportDefaultNoTslib.1(esmoduleinterop=true,module=es2015).ts,importHelpersWithImportOrExportDefaultNoTslib.1(esmoduleinterop=true,module=es2020).ts
compiler/importHelpersWithImportOrExportDefaultNoTslib.2.ts	importHelpersWithImportOrExportDefaultNoTslib.2(esmoduleinterop=true,module=commonjs).ts	importHelpersWithImportOrExportDefaultNoTslib.2(esmoduleinterop=true,module=es2015).ts,importHelpersWithImportOrExportDefaultNoTslib.2(esmoduleinterop=true,module=es2020).ts
compiler/importHelpersWithImportOrExportDefaultNoTslib.3.ts	importHelpersWithImportOrExportDefaultNoTslib.3(esmoduleinterop=true,module=commonjs).ts	importHelpersWithImportOrExportDefaultNoTslib.3(esmoduleinterop=true,module=es2015).ts,importHelpersWithImportOrExportDefaultNoTslib.3(esmoduleinterop=true,module=es2020).ts
compiler/indexAt.ts	indexAt(target=es2021).ts	indexAt(target=es2022).ts,indexAt(target=esnext).ts
compiler/intersectionsAndOptionalProperties2.ts	intersectionsAndOptionalProperties2(exactoptionalpropertytypes=true).ts	intersectionsAndOptionalProperties2(exactoptionalpropertytypes=false).ts
compiler/intersectionsAndOptionalProperties3.ts	intersectionsAndOptionalProperties3(exactoptionalpropertytypes=true).ts	intersectionsAndOptionalProperties3(exactoptionalpropertytypes=false).ts
compiler/isolatedModulesShadowGlobalTypeNotValue.ts	isolatedModulesShadowGlobalTypeNotValue(isolatedmodules=false,verbatimmodulesyntax=true).ts,isolatedModulesShadowGlobalTypeNotValue(isolatedmodules=true,verbatimmodulesyntax=false).ts,isolatedModulesShadowGlobalTypeNotValue(isolatedmodules=true,verbatimmodulesyntax=true).ts	isolatedModulesShadowGlobalTypeNotValue(isolatedmodules=false,verbatimmodulesyntax=false).ts
compiler/isolatedModulesSketchyAliasLocalMerge.ts	isolatedModulesSketchyAliasLocalMerge(isolatedmodules=false,verbatimmodulesyntax=true).ts,isolatedModulesSketchyAliasLocalMerge(isolatedmodules=true,verbatimmodulesyntax=false).ts,isolatedModulesSketchyAliasLocalMerge(isolatedmodules=true,verbatimmodulesyntax=true).ts	isolatedModulesSketchyAliasLocalMerge(isolatedmodules=false,verbatimmodulesyntax=false).ts
compiler/iterableTReturnTNext.ts	iterableTReturnTNext(strictbuiltiniteratorreturn=true).ts	iterableTReturnTNext(strictbuiltiniteratorreturn=false).ts
compiler/jsxFragmentFactoryReference.tsx	jsxFragmentFactoryReference(jsx=react).tsx,jsxFragmentFactoryReference(jsx=react-jsx).tsx,jsxFragmentFactoryReference(jsx=react-jsxdev).tsx	jsxFragmentFactoryReference(jsx=preserve).tsx,jsxFragmentFactoryReference(jsx=react-native).tsx
compiler/metadataOfClassFromAlias.ts	metadataOfClassFromAlias(strict=true,target=es2015).ts	metadataOfClassFromAlias(strict=false,target=es2015).ts
compiler/metadataReferencedWithinFilteredUnion.ts	metadataReferencedWithinFilteredUnion(strictnullchecks=true,target=es2015).ts	metadataReferencedWithinFilteredUnion(strictnullchecks=false,target=es2015).ts
compiler/modulePreserveTopLevelAwait1.ts	modulePreserveTopLevelAwait1(target=es2016).ts	modulePreserveTopLevelAwait1(target=esnext).ts
compiler/moduleResolutionWithModule.ts	moduleResolutionWithModule(module=commonjs,moduleresolution=node16).ts,moduleResolutionWithModule(module=commonjs,moduleresolution=nodenext).ts	moduleResolutionWithModule(module=node16,moduleresolution=node16).ts,moduleResolutionWithModule(module=node16,moduleresolution=nodenext).ts,moduleResolutionWithModule(module=node18,moduleresolution=node16).ts,moduleResolutionWithModule(module=node18,moduleresolution=nodenext).ts,moduleResolutionWithModule(module=node20,moduleresolution=node16).ts,moduleResolutionWithModule(module=node20,moduleresolution=nodenext).ts,moduleResolutionWithModule(module=nodenext,moduleresolution=node16).ts,moduleResolutionWithModule(module=nodenext,moduleresolution=nodenext).ts
compiler/multipleBaseInterfaesWithIncompatibleProperties2.ts	multipleBaseInterfaesWithIncompatibleProperties2(exactoptionalpropertytypes=true).ts	multipleBaseInterfaesWithIncompatibleProperties2(exactoptionalpropertytypes=false).ts
compiler/sideEffectImports1.ts	sideEffectImports1(module=commonjs,nouncheckedsideeffectimports=true).ts,sideEffectImports1(module=nodenext,nouncheckedsideeffectimports=true).ts,sideEffectImports1(module=preserve,nouncheckedsideeffectimports=true).ts	sideEffectImports1(module=commonjs,nouncheckedsideeffectimports=false).ts,sideEffectImports1(module=nodenext,nouncheckedsideeffectimports=false).ts,sideEffectImports1(module=preserve,nouncheckedsideeffectimports=false).ts
compiler/useBeforeDeclaration_classDecorators.2.ts	useBeforeDeclaration_classDecorators.2(experimentaldecorators=false).ts	useBeforeDeclaration_classDecorators.2(experimentaldecorators=true).ts
conformance/classes/members/instanceAndStaticMembers/superInStaticMembers1.ts	superInStaticMembers1(target=es2015).ts,superInStaticMembers1(target=es2021).ts	superInStaticMembers1(target=es2022).ts,superInStaticMembers1(target=esnext).ts
conformance/classes/propertyMemberDeclarations/initializationOrdering1.ts	initializationOrdering1(target=es2022,usedefineforclassfields=true).ts,initializationOrdering1(target=esnext,usedefineforclassfields=true).ts	initializationOrdering1(target=es2021,usedefineforclassfields=false).ts,initializationOrdering1(target=es2021,usedefineforclassfields=true).ts,initializationOrdering1(target=es2022,usedefineforclassfields=false).ts,initializationOrdering1(target=esnext,usedefineforclassfields=false).ts
conformance/controlFlow/controlFlowAliasingCatchVariables.ts	controlFlowAliasingCatchVariables(useunknownincatchvariables=true).ts	controlFlowAliasingCatchVariables(useunknownincatchvariables=false).ts
conformance/es6/destructuring/destructuringParameterDeclaration9.ts	destructuringParameterDeclaration9(strict=true).ts	destructuringParameterDeclaration9(strict=false).ts
conformance/expressions/nullishCoalescingOperator/nullishCoalescingOperatorInParameterBindingPattern.2.ts	nullishCoalescingOperatorInParameterBindingPattern.2(target=es2015).ts	nullishCoalescingOperatorInParameterBindingPattern.2(target=esnext).ts
conformance/expressions/nullishCoalescingOperator/nullishCoalescingOperatorInParameterInitializer.2.ts	nullishCoalescingOperatorInParameterInitializer.2(target=es2015).ts	nullishCoalescingOperatorInParameterInitializer.2(target=esnext).ts
conformance/expressions/optionalChaining/optionalChainingInParameterBindingPattern.2.ts	optionalChainingInParameterBindingPattern.2(target=es2015).ts	optionalChainingInParameterBindingPattern.2(target=esnext).ts
conformance/expressions/optionalChaining/optionalChainingInParameterInitializer.2.ts	optionalChainingInParameterInitializer.2(target=es2015).ts	optionalChainingInParameterInitializer.2(target=esnext).ts
conformance/externalModules/topLevelAwait.1.ts	topLevelAwait.1(module=es2022,target=es2015).ts,topLevelAwait.1(module=esnext,target=es2015).ts	topLevelAwait.1(module=es2022,target=es2017).ts,topLevelAwait.1(module=esnext,target=es2017).ts
conformance/externalModules/typeOnly/typeOnlyESMImportFromCJS.ts	typeOnlyESMImportFromCJS(module=node18).ts	typeOnlyESMImportFromCJS(module=node20).ts,typeOnlyESMImportFromCJS(module=nodenext).ts
conformance/functions/parameterInitializersForwardReferencing.2.ts	parameterInitializersForwardReferencing.2(target=es2015).ts	parameterInitializersForwardReferencing.2(target=esnext).ts
conformance/importAssertion/importAssertion2.ts	importAssertion2(module=commonjs).ts,importAssertion2(module=es2015).ts	importAssertion2(module=esnext).ts
conformance/importAttributes/importAttributes2.ts	importAttributes2(module=commonjs).ts,importAttributes2(module=es2015).ts	importAttributes2(module=esnext).ts
conformance/importDefer/dynamicImportDefer.ts	dynamicImportDefer(module=commonjs).ts,dynamicImportDefer(module=es2015).ts,dynamicImportDefer(module=es2020).ts,dynamicImportDefer(module=nodenext).ts	dynamicImportDefer(module=esnext).ts,dynamicImportDefer(module=preserve).ts
conformance/importDefer/importDeferNamespace.ts	importDeferNamespace(module=commonjs).ts,importDeferNamespace(module=es2015).ts,importDeferNamespace(module=es2020).ts,importDeferNamespace(module=nodenext).ts	importDeferNamespace(module=esnext).ts,importDeferNamespace(module=preserve).ts
conformance/moduleResolution/bundler/bundlerDirectoryModule.ts	bundlerDirectoryModule(module=node18,moduleresolution=bundler).ts,bundlerDirectoryModule(module=node20,moduleresolution=bundler).ts,bundlerDirectoryModule(module=nodenext,moduleresolution=bundler).ts	bundlerDirectoryModule(module=node18,moduleresolution=nodenext).ts,bundlerDirectoryModule(module=node20,moduleresolution=nodenext).ts,bundlerDirectoryModule(module=nodenext,moduleresolution=nodenext).ts
conformance/moduleResolution/bundler/bundlerSyntaxRestrictions.ts	bundlerSyntaxRestrictions(module=esnext).ts	bundlerSyntaxRestrictions(module=preserve).ts
conformance/moduleResolution/conditionalExportsResolutionFallback.ts	conditionalExportsResolutionFallback(moduleresolution=node16).ts,conditionalExportsResolutionFallback(moduleresolution=nodenext).ts	conditionalExportsResolutionFallback(moduleresolution=bundler).ts
conformance/moduleResolution/extensionLoadingPriority.ts	extensionLoadingPriority(moduleresolution=node16).ts,extensionLoadingPriority(moduleresolution=nodenext).ts	extensionLoadingPriority(moduleresolution=bundler).ts
conformance/moduleResolution/nestedPackageJsonRedirect.ts	nestedPackageJsonRedirect(moduleresolution=node16).ts,nestedPackageJsonRedirect(moduleresolution=nodenext).ts	nestedPackageJsonRedirect(moduleresolution=bundler).ts
conformance/moduleResolution/packageJsonImportsExportsOptionCompat.ts	packageJsonImportsExportsOptionCompat(moduleresolution=node16).ts,packageJsonImportsExportsOptionCompat(moduleresolution=nodenext).ts	packageJsonImportsExportsOptionCompat(moduleresolution=bundler).ts
conformance/node/allowJs/nodeModulesAllowJsConditionalPackageExports.ts	nodeModulesAllowJsConditionalPackageExports(module=node16).ts,nodeModulesAllowJsConditionalPackageExports(module=node18).ts	nodeModulesAllowJsConditionalPackageExports(module=node20).ts,nodeModulesAllowJsConditionalPackageExports(module=nodenext).ts
conformance/node/allowJs/nodeModulesAllowJsPackageExports.ts	nodeModulesAllowJsPackageExports(module=node16).ts,nodeModulesAllowJsPackageExports(module=node18).ts	nodeModulesAllowJsPackageExports(module=node20).ts,nodeModulesAllowJsPackageExports(module=nodenext).ts
conformance/node/allowJs/nodeModulesAllowJsPackagePatternExports.ts	nodeModulesAllowJsPackagePatternExports(module=node16).ts,nodeModulesAllowJsPackagePatternExports(module=node18).ts	nodeModulesAllowJsPackagePatternExports(module=node20).ts,nodeModulesAllowJsPackagePatternExports(module=nodenext).ts
conformance/node/allowJs/nodeModulesAllowJsPackagePatternExportsTrailers.ts	nodeModulesAllowJsPackagePatternExportsTrailers(module=node16).ts,nodeModulesAllowJsPackagePatternExportsTrailers(module=node18).ts	nodeModulesAllowJsPackagePatternExportsTrailers(module=node20).ts,nodeModulesAllowJsPackagePatternExportsTrailers(module=nodenext).ts
conformance/node/nodeModulesConditionalPackageExports.ts	nodeModulesConditionalPackageExports(module=node16).ts,nodeModulesConditionalPackageExports(module=node18).ts	nodeModulesConditionalPackageExports(module=node20).ts,nodeModulesConditionalPackageExports(module=nodenext).ts
conformance/node/nodeModulesPackageExports.ts	nodeModulesPackageExports(module=node16).ts,nodeModulesPackageExports(module=node18).ts	nodeModulesPackageExports(module=node20).ts,nodeModulesPackageExports(module=nodenext).ts
conformance/node/nodeModulesPackageImports.ts	nodeModulesPackageImports(module=node16).ts,nodeModulesPackageImports(module=node18).ts	nodeModulesPackageImports(module=node20).ts,nodeModulesPackageImports(module=nodenext).ts
conformance/node/nodeModulesPackagePatternExports.ts	nodeModulesPackagePatternExports(module=node16).ts,nodeModulesPackagePatternExports(module=node18).ts	nodeModulesPackagePatternExports(module=node20).ts,nodeModulesPackagePatternExports(module=nodenext).ts
conformance/node/nodeModulesPackagePatternExportsTrailers.ts	nodeModulesPackagePatternExportsTrailers(module=node16).ts,nodeModulesPackagePatternExportsTrailers(module=node18).ts	nodeModulesPackagePatternExportsTrailers(module=node20).ts,nodeModulesPackagePatternExportsTrailers(module=nodenext).ts
conformance/node/nodeModulesResolveJsonModule.ts	nodeModulesResolveJsonModule(module=node16).ts	nodeModulesResolveJsonModule(module=node18).ts,nodeModulesResolveJsonModule(module=node20).ts,nodeModulesResolveJsonModule(module=nodenext).ts
conformance/node/nodeModulesSynchronousCallErrors.ts	nodeModulesSynchronousCallErrors(module=node16).ts,nodeModulesSynchronousCallErrors(module=node18).ts	nodeModulesSynchronousCallErrors(module=node20).ts,nodeModulesSynchronousCallErrors(module=nodenext).ts
conformance/node/nodePackageSelfName.ts	nodePackageSelfName(module=node16).ts,nodePackageSelfName(module=node18).ts	nodePackageSelfName(module=node20).ts,nodePackageSelfName(module=nodenext).ts
conformance/node/nodePackageSelfNameScoped.ts	nodePackageSelfNameScoped(module=node16).ts,nodePackageSelfNameScoped(module=node18).ts	nodePackageSelfNameScoped(module=node20).ts,nodePackageSelfNameScoped(module=nodenext).ts
conformance/nonjsExtensions/declarationFileForHtmlImport.ts	declarationFileForHtmlImport(allowarbitraryextensions=false).ts	declarationFileForHtmlImport(allowarbitraryextensions=true).ts
conformance/nonjsExtensions/declarationFilesForNodeNativeModules.ts	declarationFilesForNodeNativeModules(allowarbitraryextensions=false,module=node18).ts,declarationFilesForNodeNativeModules(allowarbitraryextensions=false,module=node20).ts,declarationFilesForNodeNativeModules(allowarbitraryextensions=false,module=nodenext).ts	declarationFilesForNodeNativeModules(allowarbitraryextensions=true,module=node18).ts,declarationFilesForNodeNativeModules(allowarbitraryextensions=true,module=node20).ts,declarationFilesForNodeNativeModules(allowarbitraryextensions=true,module=nodenext).ts
conformance/statements/VariableStatements/usingDeclarations/awaitUsingDeclarations.1.ts	awaitUsingDeclarations.1(target=es2015).ts	awaitUsingDeclarations.1(target=es2017).ts,awaitUsingDeclarations.1(target=es2022).ts,awaitUsingDeclarations.1(target=esnext).ts
conformance/statements/VariableStatements/usingDeclarations/awaitUsingDeclarations.2.ts	awaitUsingDeclarations.2(target=es2015).ts	awaitUsingDeclarations.2(target=es2017).ts,awaitUsingDeclarations.2(target=es2022).ts,awaitUsingDeclarations.2(target=esnext).ts
conformance/statements/VariableStatements/usingDeclarations/awaitUsingDeclarations.3.ts	awaitUsingDeclarations.3(target=es2015).ts	awaitUsingDeclarations.3(target=es2017).ts,awaitUsingDeclarations.3(target=es2022).ts,awaitUsingDeclarations.3(target=esnext).ts
conformance/statements/VariableStatements/usingDeclarations/usingDeclarationsWithObjectLiterals2.ts	usingDeclarationsWithObjectLiterals2(noimplicitany=true).ts	usingDeclarationsWithObjectLiterals2(noimplicitany=false).ts
