3b-bind	pkg:ast	ast/ast.go:30	visit	6
3b-bind	pkg:ast	ast/ast.go:37	visitNodes	8
3b-bind	pkg:ast	ast/ast.go:46	visitNodeList	6
3b-bind	pkg:ast	ast/ast.go:53	visitModifiers	6
3b-bind	pkg:ast	ast/ast.go:209	Node.Name	1
3b-bind	pkg:ast	ast/ast.go:210	Node.Modifiers	1
3b-bind	pkg:ast	ast/ast.go:211	Node.FlowNodeData	1
3b-bind	pkg:ast	ast/ast.go:212	Node.DeclarationData	1
3b-bind	pkg:ast	ast/ast.go:214	Node.LocalsContainerData	1
3b-bind	pkg:ast	ast/ast.go:272	Node.Text	37
3b-bind	pkg:ast	ast/ast.go:612	Node.ModifierFlags	7
3b-bind	pkg:ast	ast/ast.go:750	Node.Initializer	25
3b-bind	pkg:ast	ast/ast.go:1210	NodeDefault.AsNode	1
3b-bind	pkg:ast	ast/ast.go:1216	NodeDefault.Modifiers	1
3b-bind	pkg:ast	ast/ast.go:1510	DeclarationBase.DeclarationData	1
3b-bind	pkg:ast	ast/ast.go:1527	LocalsContainerBase.LocalsContainerData	1
3b-bind	pkg:ast	ast/ast.go:1557	FlowNodeBase.FlowNodeData	1
3b-bind	pkg:ast	ast/ast.go:2726	SourceFile.Diagnostics	3
4a-preinit	pkg:ast	ast/ast.go:2785	SourceFile.BindDiagnostics	3
3b-bind	pkg:ast	ast/ast.go:2896	SourceFile.IsBound	3
3b-bind	pkg:ast	ast/ast.go:2908	SourceFile.BindOnce	6
3b-bind	pkg:ast	ast/ast_generated.go:638	IsIdentifier	3
3b-bind	pkg:ast	ast/ast_generated.go:662	IsPrivateIdentifier	3
3b-bind	pkg:ast	ast/ast_generated.go:1678	VariableStatement.ForEachChild	3
3b-bind	pkg:ast	ast/ast_generated.go:1725	VariableDeclaration.ForEachChild	6
3b-bind	pkg:ast	ast/ast_generated.go:1740	VariableDeclaration.Name	3
3b-bind	pkg:ast	ast/ast_generated.go:1773	VariableDeclarationList.ForEachChild	3
3b-bind	pkg:ast	ast/ast_generated.go:2768	IsExportAssignment	3
3b-bind	pkg:ast	ast/ast_generated.go:2953	IsExportSpecifier	3
4b-init	pkg:ast	ast/ast_generated.go:3473	IsPropertyDeclaration	3
3b-bind	pkg:ast	ast/ast_generated.go:8025	IsSourceFile	3
3b-bind	pkg:ast	ast/ast_generated.go:8078	IsModuleDeclaration	3
3b-bind	pkg:ast	ast/ast_generated.go:8686	Node.ForEachChild	340
3b-bind	pkg:ast	ast/ast_generated.go:9035	Node.AsIdentifier	3
3b-bind	pkg:ast	ast/ast_generated.go:9139	Node.AsVariableDeclaration	3
3b-bind	pkg:ast	ast/ast_generated.go:9739	Node.AsSourceFile	3
4b-init	pkg:ast	ast/diagnostic.go:58	Diagnostic.File	1
4b-init	pkg:ast	ast/diagnostic.go:62	Diagnostic.Loc	1
4b-init	pkg:ast	ast/diagnostic.go:63	Diagnostic.Code	1
4b-init	pkg:ast	ast/diagnostic.go:64	Diagnostic.Category	1
4b-init	pkg:ast	ast/diagnostic.go:65	Diagnostic.Source	1
4b-init	pkg:ast	ast/diagnostic.go:66	Diagnostic.MessageText	1
4b-init	pkg:ast	ast/diagnostic.go:67	Diagnostic.MessageKey	1
4b-init	pkg:ast	ast/diagnostic.go:68	Diagnostic.MessageArgs	1
9-report	pkg:ast	ast/diagnostic.go:69	Diagnostic.MessageChain	1
9-report	pkg:ast	ast/diagnostic.go:117	Diagnostic.Localize	6
9-report	pkg:ast	ast/diagnostic.go:134	Diagnostic.displayMessageArgs	31
4b-init	pkg:ast	ast/diagnostic.go:194	NewDiagnostic	13
4b-init	pkg:ast	ast/diagnostic.go:245	DiagnosticsCollection.Add	42
4b-init	pkg:ast	ast/diagnostic.go:294	getDiagnosticLocationKey	11
5-check	pkg:ast	ast/diagnostic.go:322	DiagnosticsCollection.GetGlobalDiagnostics	6
5-check	pkg:ast	ast/diagnostic.go:329	DiagnosticsCollection.getGlobalDiagnosticsLocked	7
4b-init	pkg:ast	ast/diagnostic.go:366	getDiagnosticPath	6
4b-init	pkg:ast	ast/diagnostic.go:373	EqualDiagnostics	7
4b-init	pkg:ast	ast/diagnostic.go:381	EqualDiagnosticsNoRelatedInfo	13
4b-init	pkg:ast	ast/diagnostic.go:395	getDiagnosticMessageIdentity	9
5-check	pkg:ast	ast/diagnostic.go:458	CompareDiagnostics	46
4b-init	pkg:ast	ast/symbol.go:72	SymbolName	6
4b-init	pkg:ast	ast/utilities.go:34	GetSymbolId	11
3b-bind	pkg:ast	ast/utilities.go:46	GetSymbolTable	6
3b-bind	pkg:ast	ast/utilities.go:61	GetLocals	3
3b-bind	pkg:ast	ast/utilities.go:166	IsBindingPattern	3
3b-bind	pkg:ast	ast/utilities.go:260	IsPropertyNameLiteral	10
3b-bind	pkg:ast	ast/utilities.go:292	IsIdentifierName	17
4b-init	pkg:ast	ast/utilities.go:554	IsMethodOrAccessor	7
4b-init	pkg:ast	ast/utilities.go:562	IsPrivateIdentifierClassElementDeclaration	3
3b-bind	pkg:ast	ast/utilities.go:717	IsBlockOrCatchScoped	3
3b-bind	pkg:ast	ast/utilities.go:1036	HasSyntacticModifier	3
3b-bind	pkg:ast	ast/utilities.go:1173	GetRootDeclaration	6
3b-bind	pkg:ast	ast/utilities.go:1196	GetCombinedNodeFlags	15
3b-bind	pkg:ast	ast/utilities.go:1298	IsInJSFile	3
3b-bind	pkg:ast	ast/utilities.go:1453	GetNameOfDeclaration	13
3b-bind	pkg:ast	ast/utilities.go:1467	GetNonAssignedNameOfDeclaration	24
3b-bind	pkg:ast	ast/utilities.go:1602	HasDynamicName	4
3b-bind	pkg:ast	ast/utilities.go:1607	IsDynamicName	12
3b-bind	pkg:ast	ast/utilities.go:1658	IsAmbientModule	3
3b-bind	pkg:ast	ast/utilities.go:1670	IsExternalOrCommonJSModule	3
3b-bind	pkg:ast	ast/utilities.go:1914	IsJsonSourceFile	3
3b-bind	pkg:ast	ast/utilities.go:2844	IsVariableDeclarationInitializedToRequire	6
3b-bind	pkg:ast	ast/utilities.go:2855	isVariableDeclarationInitializedWithRequireHelper	19
3b-bind	pkg:binder	binder/binder.go:95	BindSourceFile	7
3b-bind	pkg:binder	binder/binder.go:111	getBinder	3
3b-bind	pkg:binder	binder/binder.go:115	putBinder	4
3b-bind	pkg:binder	binder/binder.go:120	bindSourceFile	11
3b-bind	pkg:binder	binder/binder.go:132	Binder.newSymbol	7
3b-bind	pkg:binder	binder/binder.go:148	Binder.declareSymbol	3
3b-bind	pkg:binder	binder/binder.go:152	Binder.declareSymbolEx	146
3b-bind	pkg:binder	binder/binder.go:301	Binder.getDeclarationName	55
3b-bind	pkg:binder	binder/binder.go:449	Binder.newFlowNode	5
3b-bind	pkg:binder	binder/binder.go:455	Binder.newFlowNodeEx	6
3b-bind	pkg:binder	binder/binder.go:494	Binder.createFlowMutation	9
3b-bind	pkg:binder	binder/binder.go:529	Binder.newSingleDeclaration	3
3b-bind	pkg:binder	binder/binder.go:533	setFlowNodeReferenced	8
3b-bind	pkg:binder	binder/binder.go:572	Binder.bind	174
3b-bind	pkg:binder	binder/binder.go:754	Binder.bindSourceFileIfExternalModule	12
3b-bind	pkg:binder	binder/binder.go:880	Binder.setExportContextFlag	9
3b-bind	pkg:binder	binder/binder.go:1027	Binder.bindDeferredExpandoAssignments	7
3b-bind	pkg:binder	binder/binder.go:1164	Binder.bindVariableDeclarationOrBindingElement	24
3b-bind	pkg:binder	binder/binder.go:1238	Binder.bindBlockScopedDeclaration	14
3b-bind	pkg:binder	binder/binder.go:1301	Binder.checkContextualIdentifier	21
3b-bind	pkg:binder	binder/binder.go:1441	isEvalOrArgumentsIdentifier	7
3b-bind	pkg:binder	binder/binder.go:1449	Binder.checkStrictModeEvalOrArguments	7
3b-bind	pkg:binder	binder/binder.go:1471	Binder.bindContainer	148
3b-bind	pkg:binder	binder/binder.go:1638	Binder.bindChildren	98
3b-bind	pkg:binder	binder/binder.go:1737	Binder.bindEachChild	3
3b-bind	pkg:binder	binder/binder.go:1759	Binder.bindEachStatementFunctionsFirst	12
3b-bind	pkg:binder	binder/binder.go:2318	Binder.bindVariableDeclarationFlow	6
3b-bind	pkg:binder	binder/binder.go:2325	Binder.bindInitializedVariableFlow	16
3b-bind	pkg:binder	binder/binder.go:2517	Binder.addToContainerChain	6
3b-bind	pkg:binder	binder/binder.go:2524	Binder.addDeclarationToSymbol	17
3b-bind	pkg:binder	binder/binder.go:2542	SetValueDeclaration	10
3b-bind	pkg:binder	binder/binder.go:2562	GetContainerFlags	43
4b-init	N-RESOLVE	binder/nameresolver.go:25	NameResolver.Resolve	320
4b-init	N-RESOLVE	binder/nameresolver.go:418	NameResolver.lookup	15
4a-preinit	C-INIT	checker/checker.go:909	NewChecker	217
4b-init	C-INIT	checker/checker.go:1127	createFileIndexMap	7
4b-init	C-INIT	checker/checker.go:1135	countGlobalSymbols	9
4b-init	C-INIT	checker/checker.go:1160	Checker.getGlobalTypeResolver	5
4b-init	C-INIT	checker/checker.go:1167	Checker.getGlobalTypeAliasResolver	5
4b-init	C-INIT	checker/checker.go:1174	Checker.getGlobalValueSymbolResolver	5
4b-init	C-INIT	checker/checker.go:1180	Checker.getGlobalTypeSymbolResolver	5
4b-init	C-INIT	checker/checker.go:1186	Checker.getGlobalTypesResolver	7
4b-init	C-INIT	checker/checker.go:1219	Checker.getGlobalType	20
4b-init	C-INIT	checker/checker.go:1250	Checker.getGlobalSymbol	4
4b-init	C-INIT	checker/checker.go:1255	Checker.initializeClosures	12
4b-init	C-INIT	checker/checker.go:1268	Checker.initializeIterationResolvers	36
4b-init	C-INIT	checker/checker.go:1305	Checker.initializeChecker	89
4b-init	C-INIT	checker/checker.go:1395	Checker.mergeGlobalSymbol	10
4b-init	C-INIT	checker/checker.go:1461	Checker.addUndefinedToGlobalsOrErrorOnRedeclaration	13
4b-init	C-INIT	checker/checker.go:1475	Checker.createNameResolver	17
4b-init	C-INIT	checker/checker.go:1493	Checker.createNameResolverForSuggestion	14
4b-init	N-DIAG	checker/checker.go:1573	Checker.onFailedToResolveSymbol	43
4b-init	N-DIAG	checker/checker.go:1742	Checker.getSuggestedLibForNonExistentName	7
4b-init	N-DIAG	checker/checker.go:1750	Checker.getSuggestedSymbolForNonexistentSymbol	3
4b-init	N-DIAG	checker/checker.go:1772	getPrimitiveTypeAliasSuggestions	11
4b-init	N-DIAG	checker/checker.go:1784	Checker.getSuggestionForSymbolNameLookup	11
4b-init	N-DIAG	checker/checker.go:1809	Checker.getSpellingSuggestionForName	19
4b-init	N-RESOLVE	checker/checker.go:2185	Checker.getSymbol	19
5-check	D-SINK	checker/checker.go:14073	Checker.GetGlobalDiagnostics	4
4b-init	D-SINK	checker/checker.go:14089	Checker.addDiagnostic	7
4b-init	D-SINK	checker/checker.go:14105	Checker.error	3
4b-init	S-MERGE	checker/checker.go:14173	Checker.newSymbol	7
4b-init	S-MERGE	checker/checker.go:14181	Checker.newSymbolEx	5
4b-init	S-MERGE	checker/checker.go:14452	Checker.getMergedSymbol	9
4b-init	T-KEYS	checker/checker.go:17486	keyBuilder.hash	6
4b-init	T-KEYS	checker/checker.go:17500	keyBuilder.writeByte	7
4b-init	T-KEYS	checker/checker.go:17508	keyBuilder.writeString	10
4b-init	T-KEYS	checker/checker.go:17519	keyBuilder.writeUint32	7
4b-init	T-KEYS	checker/checker.go:17527	keyBuilder.writeUint64	7
4b-init	T-KEYS	checker/checker.go:17535	keyBuilder.writeInt	3
4b-init	T-KEYS	checker/checker.go:17543	keyBuilder.writeType	3
4b-init	T-KEYS	checker/checker.go:17547	keyBuilder.writeTypes	6
4b-init	T-KEYS	checker/checker.go:17554	keyBuilder.writeAlias	9
4b-init	T-KEYS	checker/checker.go:17621	getUnionKey	23
4b-init	T-KEYS	checker/checker.go:17702	getTemplateTypeKey	13
4b-init	T-MEMBERS	checker/checker.go:22166	Checker.getNamedMembers	26
4b-init	T-TUPLE	checker/checker.go:23606	isTupleType	3
4b-init	T-TUPLE	checker/checker.go:24794	Checker.createTypeFromGenericGlobalType	6
4b-init	T-TUPLE	checker/checker.go:24801	Checker.getGlobalStrictFunctionType	6
4b-init	T-TUPLE	checker/checker.go:24827	Checker.createArrayType	3
4b-init	T-TUPLE	checker/checker.go:24831	Checker.createArrayTypeEx	3
4b-init	K-GENERIC	checker/checker.go:25002	Checker.isGenericIndexType	3
4b-init	K-GENERIC	checker/checker.go:25006	Checker.getGenericObjectFlags	23
4b-init	K-GENERIC	checker/checker.go:25030	Checker.isGenericTupleType	3
4b-init	K-GENERIC	checker/checker.go:25034	Checker.isGenericMappedType	16
4b-init	K-OBJ	checker/checker.go:25129	Checker.newType	13
4b-init	K-OBJ	checker/checker.go:25143	Checker.newIntrinsicType	3
4b-init	K-OBJ	checker/checker.go:25147	Checker.newIntrinsicTypeEx	5
4b-init	K-OBJ	checker/checker.go:25153	Checker.createWideningType	8
4b-init	K-OBJ	checker/checker.go:25162	Checker.createUnknownUnionType	6
4b-init	K-OBJ	checker/checker.go:25169	Checker.newLiteralType	11
4b-init	K-OBJ	checker/checker.go:25189	Checker.newObjectType	26
4b-init	K-OBJ	checker/checker.go:25216	Checker.newAnonymousType	5
4b-init	K-OBJ	checker/checker.go:25271	Checker.setStructuredTypeMembers	22
4b-init	K-OBJ	checker/checker.go:25294	Checker.newTypeParameter	5
4b-init	K-OBJ	checker/checker.go:25304	Checker.getPropagatingFlagsOfTypes	9
4b-init	K-OBJ	checker/checker.go:25314	Checker.newUnionType	5
4b-init	K-OBJ	checker/checker.go:25341	Checker.newTemplateLiteralType	6
4b-init	K-OBJ	checker/checker.go:25373	Checker.newSignature	15
4b-init	K-LIT	checker/checker.go:25427	isFreshLiteralType	3
4b-init	K-LIT	checker/checker.go:25431	Checker.getStringLiteralType	8
4b-init	K-LIT	checker/checker.go:25440	Checker.getNumberLiteralType	16
4b-init	K-LIT	checker/checker.go:25457	Checker.getBigIntLiteralType	8
4b-init	K-UNION	checker/checker.go:25743	Checker.getUnionType	3
4b-init	K-UNION	checker/checker.go:25754	Checker.getUnionTypeEx	24
4b-init	K-UNION	checker/checker.go:25779	Checker.getUnionTypeWorker	81
4b-init	K-UNION	checker/checker.go:25862	Checker.getUnionTypeFromSortedList	20
4b-init	K-UNION	checker/checker.go:25887	Checker.addTypesToUnion	62
4b-init	K-UNION	checker/checker.go:25964	Checker.removeRedundantLiteralTypes	18
4b-init	K-PRED	checker/checker.go:26625	Checker.isPatternLiteralPlaceholderType	16
4b-init	K-PRED	checker/checker.go:26642	Checker.isPatternLiteralType	6
4b-init	K-PRED	checker/checker.go:26649	Checker.isGenericStringLikeType	3
4b-init	K-PRED	checker/checker.go:26764	Checker.isErrorType	5
4b-init	K-TEMPLATE	checker/checker.go:29271	Checker.getTemplateLiteralType	67
4b-init	LINKS	checker/links.go:33	symbolArenaLinkStore.Get	7
4b-init	MAPPER	checker/mapper.go:233	newFunctionTypeMapper	6
4b-init	TYPES	checker/types.go:706	Type.AsLiteralType	1
4b-init	TYPES	checker/types.go:715	Type.AsTypeParameter	1
4b-init	TYPES	checker/types.go:716	Type.AsUnionType	1
4b-init	TYPES	checker/types.go:728	Type.AsStructuredType	1
4b-init	TYPES	checker/types.go:729	Type.AsObjectType	1
4b-init	TYPES	checker/types.go:872	TypeBase.AsType	1
4b-init	TYPES	checker/types.go:943	StructuredType.AsStructuredType	1
4b-init	TYPES	checker/types.go:997	ObjectType.AsObjectType	1
4b-init	UTIL	checker/utilities.go:22	NewDiagnosticForNode	9
4b-init	UTIL	checker/utilities.go:134	isConstTypeReferenceName	5
4b-init	UTIL	checker/utilities.go:415	CompareTypes	165
4b-init	UTIL	checker/utilities.go:581	getSortOrderFlags	7
4b-init	UTIL	checker/utilities.go:589	compareTypeNames	17
4b-init	UTIL	checker/utilities.go:607	getTypeNameSymbol	9
5-check	UTIL	checker/utilities.go:1663	Checker.checkNotCanceled	5
4a-preinit	pkg:compiler	compiler/checkerpool.go:363	checkerPool.createCheckers	54
5-check	pkg:compiler	compiler/checkerpool.go:447	checkerPool.forEachCheckerParallel	12
4a-preinit	pkg:compiler	compiler/checkerpool.go:460	checkerPool.GetGlobalDiagnostics	8
4b-init	pkg:compiler	compiler/program.go:495	Program.SourceFiles	1
3b-bind	pkg:compiler	compiler/program.go:497	Program.Options	1
3b-bind	pkg:compiler	compiler/program.go:554	Program.SingleThreaded	3
3b-bind	pkg:compiler	compiler/program.go:558	Program.BindSourceFiles	16
4a-preinit	pkg:compiler	compiler/program.go:649	Program.collectDiagnostics	10
4a-preinit	pkg:compiler	compiler/program.go:660	Program.collectDiagnosticsFromFiles	11
4a-preinit	pkg:compiler	compiler/program.go:690	filterAndSortDiagnostics	10
4a-preinit	pkg:compiler	compiler/program.go:769	Program.GetBindDiagnostics	10
4a-preinit	pkg:compiler	compiler/program.go:1429	Program.GetGlobalDiagnostics	11
4a-preinit	pkg:compiler	compiler/program.go:1603	SortAndDeduplicateDiagnostics	5
4a-preinit	pkg:compiler	compiler/program.go:1611	compactAndMergeRelatedInfos	30
9-report	pkg:compiler	compiler/program.go:1802	Program.Emit	71
9-report	pkg:compiler	compiler/program.go:1911	HandleNoEmitOptions	33
4a-preinit	pkg:compiler	compiler/program.go:1945	GetDiagnosticsOfAnyProgram	53
3b-bind	pkg:core	core/arena.go:13	Arena.New	10
3b-bind	pkg:core	core/arena.go:28	Arena.NewSlice	17
3b-bind	pkg:core	core/arena.go:46	Arena.NewSlice1	5
3b-bind	pkg:core	core/arena.go:61	nextArenaSize	6
4b-init	pkg:core	core/compileroptions.go:195	CompilerOptions.GetEmitScriptTarget	6
4b-init	pkg:core	core/compileroptions.go:202	CompilerOptions.GetEmitModuleKind	20
4b-init	pkg:core	core/compileroptions.go:223	CompilerOptions.GetModuleResolutionKind	15
4b-init	pkg:core	core/compileroptions.go:294	CompilerOptions.GetStrictOptionValue	6
4b-init	pkg:core	core/compileroptions.go:338	CompilerOptions.GetEmitStandardClassFields	3
5-check	pkg:core	core/compileroptions.go:349	CompilerOptions.GetEmitDeclarations	3
4a-preinit	pkg:core	core/core.go:36	Filter	15
4b-init	pkg:core	core/core.go:80	Map	10
9-report	pkg:core	core/core.go:151	SameMap	15
4b-init	pkg:core	core/core.go:199	Every	8
4b-init	pkg:core	core/core.go:238	FindIndex	8
4b-init	pkg:core	core/core.go:389	Memoize	10
4b-init	pkg:core	core/core.go:402	IfElse	6
4b-init	pkg:core	core/core.go:584	GetSpellingSuggestion	3
4b-init	pkg:core	core/core.go:592	getSpellingSuggestion	44
4b-init	pkg:core	core/core.go:737	ConcatenateSeq	14
4b-init	pkg:core	core/linkstore.go:49	PagedLinkStore.Get	25
5-check	pkg:core	core/text.go:22	TextRange.Pos	3
5-check	pkg:core	core/text.go:26	TextRange.End	3
3b-bind	pkg:core	core/tristate.go:16	Tristate.IsTrue	3
4a-preinit	pkg:core	core/tristate.go:28	Tristate.IsFalseOrUnknown	3
3b-bind	pkg:core	core/tristate.go:36	Tristate.DefaultIfUnknown	6
3b-bind	pkg:core	core/workgroup.go:20	NewWorkGroup	6
3b-bind	pkg:core	core/workgroup.go:57	singleThreadedWorkGroup.Queue	9
3b-bind	pkg:core	core/workgroup.go:67	singleThreadedWorkGroup.RunAndWait	10
3b-bind	pkg:core	core/workgroup.go:78	singleThreadedWorkGroup.pop	12
3b-bind	pkg:debug	debug/debug.go:45	Assert	6
9-report	pkg:diagnostics	diagnostics/diagnostics.go:29	Category.Name	13
4b-init	pkg:diagnostics	diagnostics/diagnostics.go:55	Message.Code	1
4b-init	pkg:diagnostics	diagnostics/diagnostics.go:56	Message.Category	1
4b-init	pkg:diagnostics	diagnostics/diagnostics.go:57	Message.Key	1
4b-init	pkg:diagnostics	diagnostics/diagnostics.go:58	Message.ReportsUnnecessary	1
4b-init	pkg:diagnostics	diagnostics/diagnostics.go:60	Message.ReportsDeprecated	1
9-report	pkg:diagnostics	diagnostics/diagnostics.go:71	Localize	15
9-report	pkg:diagnostics	diagnostics/diagnostics.go:89	getLocalizedMessages	25
9-report	pkg:diagnostics	diagnostics/diagnostics.go:117	Format	18
4b-init	pkg:diagnostics	diagnostics/diagnostics.go:136	StringifyArgs	15
9-report	pkg:diagnosticwriter	diagnosticwriter/diagnosticwriter.go:57	ASTDiagnostic.File	13
9-report	pkg:diagnosticwriter	diagnosticwriter/diagnosticwriter.go:71	ASTDiagnostic.Source	3
9-report	pkg:diagnosticwriter	diagnosticwriter/diagnosticwriter.go:90	ASTDiagnostic.resolve	18
9-report	pkg:diagnosticwriter	diagnosticwriter/diagnosticwriter.go:130	ASTDiagnostic.MessageChain	17
9-report	pkg:diagnosticwriter	diagnosticwriter/diagnosticwriter.go:148	WrapASTDiagnostic	3
9-report	pkg:diagnosticwriter	diagnosticwriter/diagnosticwriter.go:342	WriteFlattenedDiagnosticMessage	7
9-report	pkg:diagnosticwriter	diagnosticwriter/diagnosticwriter.go:364	diagnosticPrefix	6
9-report	pkg:diagnosticwriter	diagnosticwriter/diagnosticwriter.go:555	WriteFormatDiagnostic	12
4b-init	pkg:evaluator	evaluator/evaluator.go:24	NewEvaluator	99
9-report	pkg:execute	execute/tsc.go:44	stopTracing	8
9-report	pkg:execute/tsc	execute/tsc/diagnostics.go:30	CreateDiagnosticReporter	15
9-report	pkg:execute/tsc	execute/tsc/emit.go:47	EmitAndReportStatistics	27
5-check	pkg:execute/tsc	execute/tsc/emit.go:75	EmitFilesAndReportErrors	70
9-report	pkg:execute/tsc	execute/tsc/emit.go:146	listFiles	19
4b-init	pkg:jsnum	jsnum/jsnum.go:26	Number.IsNaN	3
3b-bind	pkg:k4snap	k4snap/k4snap.go:16	Snap	17
3b-bind	pkg:scanner	scanner/scanner.go:2214	GetIdentifierToken	9
4b-init	pkg:stringutil	stringutil/util.go:352	CombineSurrogatePairs	20
3b-bind	pkg:tsoptions	tsoptions/parsedcommandline.go:312	ParsedCommandLine.CompilerOptions	6
