layer	function	where	entries	executed blocks as first-last line x count
E-CORE	c.checkNonNullExpression	checker.go:7495-7497	1	7495-7497x1
E-CORE	c.checkNonNullType	checker.go:7499-7501	1	7499-7501x1
E-CORE	c.checkNonNullTypeWithReporter	checker.go:7503-7525	1	7503-7504x1 7515-7516x1 7524-7524x1
E-CORE	c.checkExpressionCached	checker.go:7603-7605	1	7603-7605x1
E-CORE	c.checkExpressionCachedEx	checker.go:7607-7625	1	7607-7608x1 7611-7612x1 7612-7623x1 7624-7624x1
E-CORE	c.checkExpression	checker.go:7643-7645	2	7643-7645x2
E-CORE	c.checkExpressionEx	checker.go:7647-7661	3	7647-7648x3 7651-7656x3 7659-7660x3
E-CORE	c.instantiateTypeWithSingleGenericCallSignature	checker.go:7689-7759	3	7689-7690x3 7690-7692x3
E-CORE	c.checkExpressionWorker	checker.go:7821-7925	3	7821-7822x3 7823-7824x1 7833-7834x1 7837-7837x1 7856-7857x1
E-ACCESS	c.checkIdentifier	checker.go:11132-11290	1	11132-11133x1 11136-11137x1 11140-11140x1 11147-11147x1 11150-11152x1 11155-11161x1 11164-11166x1 11195-11198x1 11198-11199x1 11210-11210x1 11213-11231x1 11237-11251x1 11256-11257x1 11263-11264x1 11266-11268x1 11272-11272x1 11280-11280x1 11285-11285x1 11289-11289x1
E-ACCESS	c.checkPropertyAccessExpression	checker.go:11334-11340	1	11334-11335x1 11338-11339x1
E-ACCESS	c.checkPropertyAccessExpressionOrQualifiedName	checker.go:11348-11480	1	11348-11352x1 11355-11358x1 11403-11404x1 11413-11413x1 11415-11417x1 11457-11459x1 11462-11466x1 11470-11470x1 11475-11476x1 11479-11479x1
E-ACCESS	c.getFlowTypeOfAccessExpression	checker.go:11482-11526	1	11482-11487x1 11490-11490x1 11493-11493x1 11496-11502x1 11502-11503x1 11503-11505x1 11510-11511x1 11516-11517x1 11522-11522x1 11525-11525x1
E-ACCESS	c.getControlFlowContainer	checker.go:11528-11532	2	11528-11529x2 11529-11531x6
E-ACCESS	c.isMethodAccessForCall	checker.go:11556-11561	1	11556-11557x1 11560-11560x1
E-ACCESS	c.checkPropertyNotUsedBeforeDeclaration	checker.go:11800-11820	1	11800-11802x1 11802-11804x1
E-ACCESS	c.checkPropertyAccessibility	checker.go:11844-11846	1	11844-11846x1
E-ACCESS	c.checkPropertyAccessibilityEx	checker.go:11848-11865	1	11848-11850x1 11850-11851x1 11852-11853x1 11864-11864x1
E-ACCESS	c.checkPropertyAccessibilityAtLocation	checker.go:11877-11989	1	11877-11879x1 11907-11909x1 11919-11919x1 11919-11921x1
E-ACCESS	c.getNarrowedTypeOfSymbol	checker.go:13824-13928	1	13824-13827x1 13827-13828x1 13927-13927x1
E-ACCESS	c.markPropertyAsReferenced	checker.go:27829-27853	1	27829-27830x1 27833-27835x1 27835-27837x1
E-FACTS	c.getTypeFacts	checker.go:31097-31099	1	31097-31099x1
E-FACTS	c.getTypeFactsWorker	checker.go:31105-31239	1	31105-31106x1 31112-31113x1 31182-31184x1 31184-31186x1 31189-31189x1 31189-31193x1
E-FACTS	c.convertAutoToAny	checker.go:31339-31347	1	31339-31340x1 31346-31346x1
F-NARROW	c.getNarrowableTypeForReference	checker.go:31614-31630	2	31614-31615x2 31625-31626x2 31629-31629x2
F-NARROW	c.isGenericTypeWithUnionConstraint	checker.go:31642-31647	2	31642-31643x2 31646-31646x2
F-NARROW	c.getFlowState	flow.go:52-59	3	52-54x3 54-56x1 57-58x3
F-NARROW	c.putFlowState	flow.go:61-67	3	61-67x3
F-NARROW	getFlowNodeOfNode	flow.go:69-75	2	69-71x2 71-73x2
F-NARROW	c.getFlowTypeOfReferenceEx	flow.go:81-115	2	81-82x2 85-85x2 85-87x2 91-106x2 108-110x2 111-111x2 114-114x2
F-NARROW	c.getTypeAtFlowNode	flow.go:117-206	2	117-118x2 128-130x2 130-132x2 144-145x2 185-188x2 193-193x2 199-199x2 203-204x2
F-NARROW	c.isEvolvingArrayOperationTarget	flow.go:1542-1552	1	1542-1552x1
F-NARROW	c.finalizeEvolvingArrayType	flow.go:1566-1571	2	1566-1567x2 1570-1570x2
F-NARROW	c.getReferenceRoot	flow.go:1876-1884	1	1876-1880x1 1883-1883x1
F-REACH	c.isReachableFlowNode	flow.go:2513-2520	1	2513-2520x1
F-REACH	c.isReachableFlowNodeWorker	flow.go:2522-2587	1	2522-2523x1 2523-2524x1 2527-2528x1 2539-2539x1 2583-2584x1
F-UNREACH	c.checkSourceElementUnreachable	checker.go:2398-2457	3	2398-2399x3 2399-2401x2 2403-2403x1 2407-2407x1 2407-2409x1
F-UNREACH	c.isSourceElementUnreachable	checker.go:2459-2477	1	2459-2461x1 2472-2472x1 2472-2475x1
