TYPES	types.go:706	*Type.AsLiteralType	100.0
TYPES	types.go:715	*Type.AsTypeParameter	100.0
TYPES	types.go:716	*Type.AsUnionType	100.0
TYPES	types.go:728	*Type.AsStructuredType	100.0
TYPES	types.go:729	*Type.AsObjectType	100.0
TYPES	types.go:730	*Type.AsTypeReference	100.0
TYPES	types.go:731	*Type.AsInterfaceType	100.0
TYPES	types.go:872	*TypeBase.AsType	100.0
TYPES	types.go:943	*StructuredType.AsStructuredType	100.0
TYPES	types.go:997	*ObjectType.AsObjectType	100.0
TYPES	types.go:1007	*TypeReference.AsTypeReference	100.0
TYPES	types.go:1026	*InterfaceType.AsInterfaceType	100.0
TYPES	types.go:1042	*InterfaceType.TypeParameters	100.0
LINKS	links.go:33	Get	100.0
MAPPER	mapper.go:233	newFunctionTypeMapper	100.0
UTIL	utilities.go:22	NewDiagnosticForNode	100.0
UTIL	utilities.go:261	isTypeAlias	100.0
UTIL	utilities.go:299	isOptionalDeclaration	100.0
UTIL	utilities.go:362	*Checker.sortSymbols	100.0
UTIL	utilities.go:366	*Checker.compareSymbolsWorker	37.5
UTIL	utilities.go:393	*Checker.compareNodes	53.8
UTIL	utilities.go:415	CompareTypes	17.4
UTIL	utilities.go:581	getSortOrderFlags	66.7
UTIL	utilities.go:589	compareTypeNames	45.5
UTIL	utilities.go:607	getTypeNameSymbol	60.0
UTIL	utilities.go:1097	getMembersOfDeclaration	75.0
UTIL	utilities.go:1623	isReservedMemberName	100.0
UTIL	utilities.go:1659	*Checker.isCanceled	100.0
UTIL	utilities.go:1663	*Checker.checkNotCanceled	50.0
T-KEYS	checker.go:17483	*keyBuilder.hash	66.7
T-KEYS	checker.go:17497	*keyBuilder.writeByte	75.0
T-KEYS	checker.go:17505	*keyBuilder.writeString	33.3
T-KEYS	checker.go:17516	*keyBuilder.writeUint32	75.0
T-KEYS	checker.go:17524	*keyBuilder.writeUint64	75.0
T-KEYS	checker.go:17532	*keyBuilder.writeInt	100.0
T-KEYS	checker.go:17540	*keyBuilder.writeType	100.0
T-KEYS	checker.go:17544	*keyBuilder.writeTypes	100.0
T-KEYS	checker.go:17551	*keyBuilder.writeAlias	40.0
T-KEYS	checker.go:17606	getTypeListKey	100.0
T-KEYS	checker.go:17618	getUnionKey	35.7
T-KEYS	checker.go:17699	getTemplateTypeKey	100.0
K-OBJ	checker.go:25126	*Checker.newType	90.0
K-OBJ	checker.go:25140	*Checker.newIntrinsicType	100.0
K-OBJ	checker.go:25144	*Checker.newIntrinsicTypeEx	100.0
K-OBJ	checker.go:25150	*Checker.createWideningType	40.0
K-OBJ	checker.go:25159	*Checker.createUnknownUnionType	66.7
K-OBJ	checker.go:25166	*Checker.newLiteralType	100.0
K-OBJ	checker.go:25186	*Checker.newObjectType	57.1
K-OBJ	checker.go:25213	*Checker.newAnonymousType	100.0
K-OBJ	checker.go:25226	*Checker.createTypeReference	100.0
K-OBJ	checker.go:25230	*Checker.createTypeReferenceEx	90.0
K-OBJ	checker.go:25268	*Checker.setStructuredTypeMembers	64.3
K-OBJ	checker.go:25291	*Checker.newTypeParameter	100.0
K-OBJ	checker.go:25301	*Checker.getPropagatingFlagsOfTypes	100.0
K-OBJ	checker.go:25311	*Checker.newUnionType	100.0
K-OBJ	checker.go:25338	*Checker.newTemplateLiteralType	100.0
K-OBJ	checker.go:25370	*Checker.newSignature	100.0
K-OBJ	checker.go:25386	*Checker.newIndexInfo	100.0
T-RSTACK	checker.go:18872	*Checker.pushTypeResolution	57.1
T-RSTACK	checker.go:18889	*Checker.popTypeResolution	100.0
T-RSTACK	checker.go:18897	*Checker.findResolutionCycleStartIndex	28.6
C-INIT	checker.go:908	NewChecker	100.0
C-INIT	checker.go:1124	createFileIndexMap	100.0
C-INIT	checker.go:1132	countGlobalSymbols	100.0
C-INIT	checker.go:1157	*Checker.getGlobalTypeResolver	50.0
C-INIT	checker.go:1164	*Checker.getGlobalTypeAliasResolver	50.0
C-INIT	checker.go:1171	*Checker.getGlobalValueSymbolResolver	50.0
C-INIT	checker.go:1177	*Checker.getGlobalTypeSymbolResolver	50.0
C-INIT	checker.go:1183	*Checker.getGlobalTypesResolver	33.3
C-INIT	checker.go:1216	*Checker.getGlobalType	46.2
C-INIT	checker.go:1247	*Checker.getGlobalSymbol	100.0
C-INIT	checker.go:1252	*Checker.initializeClosures	75.0
C-INIT	checker.go:1265	*Checker.initializeIterationResolvers	50.0
C-INIT	checker.go:1302	*Checker.initializeChecker	74.0
C-INIT	checker.go:1392	*Checker.mergeGlobalSymbol	83.3
C-INIT	checker.go:1458	*Checker.addUndefinedToGlobalsOrErrorOnRedeclaration	57.1
C-INIT	checker.go:1472	*Checker.createNameResolver	100.0
C-INIT	checker.go:1490	*Checker.createNameResolverForSuggestion	100.0
D-SINK	checker.go:14052	*Checker.GetDiagnostics	100.0
D-SINK	checker.go:14060	*Checker.getDiagnostics	83.3
D-SINK	checker.go:14070	*Checker.GetGlobalDiagnostics	100.0
D-SINK	checker.go:14079	*Checker.produceDeferredDiagnostics	66.7
D-SINK	checker.go:14086	*Checker.addDiagnostic	66.7
S-MERGE	checker.go:14170	*Checker.newSymbol	100.0
S-MERGE	checker.go:14178	*Checker.newSymbolEx	100.0
S-MERGE	checker.go:14196	*Checker.combineSymbolTables	37.5
S-MERGE	checker.go:14449	*Checker.getMergedSymbol	80.0
S-MERGE	checker.go:14484	*Checker.getSymbolOfDeclaration	75.0
S-MERGE	checker.go:14502	*Checker.getLateBoundSymbol	18.2
N-DIAG	checker.go:1826	*Checker.onSuccessfullyResolvedSymbol	21.2
N-DIAG	checker.go:2182	*Checker.getSymbol	60.0
M-MODULE	checker.go:16024	*Checker.getResolvedMembersOrExportsOfSymbol	53.6
M-MODULE	checker.go:16218	*Checker.getMembersOfSymbol	66.7
Q-ENTITY	checker.go:15866	*Checker.resolveEntityName	43.8
K-LIT	checker.go:25410	*Checker.getFreshTypeOfLiteralType	88.9
K-LIT	checker.go:25424	isFreshLiteralType	100.0
K-LIT	checker.go:25428	*Checker.getStringLiteralType	100.0
K-LIT	checker.go:25437	*Checker.getNumberLiteralType	66.7
K-LIT	checker.go:25454	*Checker.getBigIntLiteralType	100.0
K-LIT	checker.go:25516	isLiteralType	42.9
K-LIT	checker.go:25533	isUnitType	100.0
K-LIT	checker.go:25557	*Checker.getBaseTypeOfLiteralType	25.0
K-PRED	checker.go:26622	*Checker.isPatternLiteralPlaceholderType	22.2
K-PRED	checker.go:26639	*Checker.isPatternLiteralType	100.0
K-PRED	checker.go:26646	*Checker.isGenericStringLikeType	100.0
K-PRED	checker.go:26650	forEachType	50.0
K-PRED	checker.go:26761	*Checker.isErrorType	100.0
K-PRED	checker.go:27787	isConstEnumObjectType	100.0
K-PRED	checker.go:27926	*Checker.isUnknownLikeUnionType	25.0
K-GENERIC	checker.go:24999	*Checker.isGenericIndexType	100.0
K-GENERIC	checker.go:25003	*Checker.getGenericObjectFlags	35.7
K-GENERIC	checker.go:25027	*Checker.isGenericTupleType	100.0
K-GENERIC	checker.go:25031	*Checker.isGenericMappedType	25.0
K-UNION	checker.go:25740	*Checker.getUnionType	100.0
K-UNION	checker.go:25751	*Checker.getUnionTypeEx	25.0
K-UNION	checker.go:25776	*Checker.getUnionTypeWorker	28.6
K-UNION	checker.go:25859	*Checker.getUnionTypeFromSortedList	85.7
K-UNION	checker.go:25884	*Checker.addTypesToUnion	78.0
K-UNION	checker.go:25961	*Checker.removeRedundantLiteralTypes	88.9
T-TUPLE	checker.go:23603	isTupleType	100.0
T-TUPLE	checker.go:24791	*Checker.createTypeFromGenericGlobalType	66.7
T-TUPLE	checker.go:24798	*Checker.getGlobalStrictFunctionType	66.7
T-TUPLE	checker.go:24824	*Checker.createArrayType	100.0
T-TUPLE	checker.go:24828	*Checker.createArrayTypeEx	100.0
T-DECLARED	checker.go:17413	*Checker.getDeclaredTypeOfClassOrInterface	100.0
T-DECLARED	checker.go:17450	*Checker.isThislessInterface	91.7
T-DECLARED	checker.go:23784	*Checker.getDeclaredTypeOfSymbol	75.0
T-DECLARED	checker.go:23792	*Checker.tryGetDeclaredTypeOfSymbol	25.0
T-DECLARED	checker.go:23851	*Checker.getOuterTypeParametersOfClassOrInterface	100.0
T-DECLARED	checker.go:23858	*Checker.getClassOrInterfaceLikeDeclaration	44.4
T-DECLARED	checker.go:23879	*Checker.getOuterTypeParameters	27.3
T-DECLARED	checker.go:23933	*Checker.appendLocalTypeParametersOfClassOrInterfaceOrTypeAlias	100.0
T-DECLARED	checker.go:23945	*Checker.appendTypeParameters	100.0
T-DECLARED	checker.go:23952	*Checker.getDeclaredTypeOfTypeParameter	100.0
T-TYPENODE	checker.go:22913	*Checker.tryGetTypeFromTypeNode	75.0
T-TYPENODE	checker.go:22921	*Checker.getTypeFromTypeNode	100.0
T-TYPENODE	checker.go:22925	*Checker.getTypeFromTypeNodeWorker	6.8
T-BASE	checker.go:19281	*Checker.getBaseTypes	60.0
T-BASE	checker.go:19612	*Checker.resolveBaseTypesOfInterface	36.4
T-MEMBERS	checker.go:19176	*Checker.resolveStructuredTypeMembers	38.5
T-MEMBERS	checker.go:19205	*Checker.resolveClassOrInterfaceMembers	100.0
T-MEMBERS	checker.go:19220	*Checker.resolveObjectTypeMembers	37.5
T-MEMBERS	checker.go:19272	findIndexInfo	50.0
T-MEMBERS	checker.go:19726	*Checker.resolveDeclaredMembers	100.0
T-MEMBERS	checker.go:19739	*Checker.getIndexInfosOfSymbol	75.0
T-MEMBERS	checker.go:19748	*Checker.getIndexInfosOfIndexSymbol	42.1
T-MEMBERS	checker.go:19901	*Checker.isValidIndexKeyType	100.0
T-MEMBERS	checker.go:19916	*Checker.getIndexSymbol	100.0
T-MEMBERS	checker.go:22163	*Checker.getNamedMembers	93.3
T-MEMBERS	checker.go:22190	*Checker.isDeclarationContainedBy	80.0
T-MEMBERS	checker.go:22201	*Checker.isNamedMember	100.0
T-MEMBERS	checker.go:22205	*Checker.symbolIsValue	100.0
T-MEMBERS	checker.go:22209	*Checker.symbolIsValueEx	100.0
T-LOOKUP	checker.go:19073	*Checker.getSignaturesOfType	100.0
T-LOOKUP	checker.go:19077	*Checker.getSignaturesOfStructuredType	83.3
T-APPARENT	checker.go:21843	*Checker.getApparentType	22.2
T-APPARENT	checker.go:21933	*Checker.getReducedType	14.3
T-APPARENT	checker.go:21974	*Checker.getReducedApparentType	100.0
T-SIGDECL	checker.go:19920	*Checker.getSignaturesOfSymbol	13.3
T-SIGDECL	checker.go:20062	*Checker.hasLateBindableName	100.0
T-SIGDECL	checker.go:20075	*Checker.isLateBindableName	40.0
T-SIGDECL	checker.go:20085	*Checker.hasLateBindableIndexSignature	100.0
T-SIGDECL	checker.go:20090	*Checker.isLateBindableIndexSignature	40.0
T-SIGDECL	checker.go:20104	isLateBindableAST	60.0
T-SYMTYPE	checker.go:16587	*Checker.getTypeOfSymbol	36.8
T-SYMTYPE	checker.go:16638	*Checker.getTypeOfVariableOrParameterOrProperty	77.8
T-SYMTYPE	checker.go:16658	*Checker.isParameterOfContextSensitiveSignature	62.5
T-SYMTYPE	checker.go:16672	*Checker.getTypeOfVariableOrParameterOrPropertyWorker	36.4
T-SYMTYPE	checker.go:16741	*Checker.getWidenedTypeForVariableLikeDeclaration	100.0
T-SYMTYPE	checker.go:16746	*Checker.getTypeForVariableLikeDeclaration	11.8
T-SYMTYPE	checker.go:18352	*Checker.widenTypeForVariableLikeDeclaration	40.0
T-SYMTYPE	checker.go:18747	*Checker.addOptionalityEx	66.7
T-SYMTYPE	checker.go:18802	*Checker.getCombinedNodeFlagsCached	100.0
T-WIDEN	checker.go:18469	*Checker.getWidenedType	100.0
T-WIDEN	checker.go:18473	*Checker.getWidenedTypeWithContext	9.1
T-WIDEN	checker.go:20566	*Checker.reportErrorsFromWidening	25.0
PRINTER	nodebuilder.go:29	*NodeBuilder.EmitContext	100.0
PRINTER	nodebuilder.go:33	*NodeBuilder.enterContext	77.8
PRINTER	nodebuilder.go:62	*NodeBuilder.propagateVerbosityOut	20.0
PRINTER	nodebuilder.go:74	*NodeBuilder.popContext	80.0
PRINTER	nodebuilder.go:84	*NodeBuilder.exitContext	83.3
PRINTER	nodebuilder.go:104	*NodeBuilder.exitContextCheck	50.0
PRINTER	nodebuilder.go:267	*NodeBuilder.TypeToTypeNode	100.0
PRINTER	nodebuilder.go:283	NewNodeBuilderEx	100.0
PRINTER	nodebuilder.go:288	*Checker.getNodeBuilder	100.0
PRINTER	nodebuilder.go:299	*Checker.getNodeBuilderEx	100.0
PRINTER	nodebuilderimpl.go:119	newNodeBuilderImpl	100.0
PRINTER	nodebuilderimpl.go:3224	*NodeBuilderImpl.typeToTypeNode	10.7
PRINTER	nodebuilderimpl.go:3543	*NodeBuilderImpl.newStringLiteral	100.0
PRINTER	nodebuilderimpl.go:3547	*NodeBuilderImpl.newStringLiteralEx	80.0
PRINTER	printer.go:17	createPrinterWithRemoveComments	100.0
PRINTER	printer.go:43	*Checker.TypeToString	100.0
PRINTER	printer.go:47	*Checker.typeToString	100.0
PRINTER	printer.go:51	toNodeBuilderFlags	100.0
PRINTER	printer.go:59	*Checker.typeToStringEx	72.5
PRINTER	symboltracker.go:14	NewSymbolTrackerImpl	28.6
R-REL	relater.go:113	*Relation.size	100.0
R-REL	relater.go:169	*Checker.isTypeRelatedTo	40.9
R-REL	relater.go:205	*Checker.isSimpleTypeRelatedTo	51.1
R-REL	relater.go:400	createDiagnosticChainFromErrorChain	75.0
R-REL	relater.go:414	*Checker.reportDiagnostic	75.0
R-REL	relater.go:1270	*Checker.getTypeNamesForErrorDisplay	66.7
R-REL	relater.go:1290	*Checker.getTypeNameForErrorDisplay	100.0
R-REL	relater.go:1294	*Checker.symbolValueDeclarationIsContextSensitive	100.0
R-REL	relater.go:1298	*Checker.typeCouldHaveTopLevelSingletonTypes	44.4
R-REL	relater.go:2599	*Checker.getRelater	100.0
R-REL	relater.go:2608	*Checker.putRelater	100.0
R-REL	relater.go:2633	*Relater.isRelatedToEx	20.6
R-REL	relater.go:4737	*Relater.reportErrorResults	26.7
R-REL	relater.go:4783	*Relater.reportRelationError	41.0
R-REL	relater.go:4862	*Relater.reportError	8.7
R-REL	relater.go:4932	*Relater.getChainMessage	50.0
R-ELAB	relater.go:424	*Checker.checkTypeAssignableToAndOptionallyElaborate	100.0
R-ELAB	relater.go:428	*Checker.checkTypeRelatedToAndOptionallyElaborate	60.0
R-ELAB	relater.go:438	*Checker.elaborateError	27.8
R-ELAB	relater.go:474	*Checker.isOrHasGenericConditional	100.0
R-ELAB	relater.go:478	*Checker.elaborateDidYouMeanToCallOrConstruct	20.0
R-NORMALIZE	checker.go:27988	*Checker.getNormalizedType	36.8
R-NORMALIZE	checker.go:28210	*Checker.getSingleBaseForNonAugmentingSubtype	8.0
E-CORE	checker.go:7603	*Checker.checkExpressionCached	100.0
E-CORE	checker.go:7607	*Checker.checkExpressionCachedEx	91.7
E-CORE	checker.go:7647	*Checker.checkExpressionEx	81.8
E-CORE	checker.go:7689	*Checker.instantiateTypeWithSingleGenericCallSignature	5.4
E-CORE	checker.go:7821	*Checker.checkExpressionWorker	5.6
E-FACTS	checker.go:31339	*Checker.convertAutoToAny	50.0
I-INFER	inference.go:1621	*Checker.isSkipDirectInferenceNode	100.0
F-NARROW	flow.go:52	*Checker.getFlowState	100.0
F-NARROW	flow.go:61	*Checker.putFlowState	100.0
F-REACH	flow.go:2513	*Checker.isReachableFlowNode	100.0
F-REACH	flow.go:2522	*Checker.isReachableFlowNodeWorker	15.8
K-SUBST	checker.go:25075	*Checker.getConditionalFlowTypeOfType	50.0
K-TEMPLATE	checker.go:29268	*Checker.getTemplateLiteralType	66.0
X-SOURCE	checker.go:2202	*Checker.checkSourceFile	70.8
X-SOURCE	checker.go:2238	*Checker.checkSourceElements	75.0
X-SOURCE	checker.go:2247	*Checker.checkSourceElement	100.0
X-SOURCE	checker.go:2260	*Checker.checkSourceElementWorker	8.8
X-DEFERRED	checker.go:2498	*Checker.checkDeferredNodes	50.0
X-VAR	checker.go:5854	*Checker.checkVariableStatement	100.0
X-VAR	checker.go:5863	*Checker.checkVariableDeclarationList	75.0
X-VAR	checker.go:5871	*Checker.checkVariableDeclaration	75.0
X-VAR	checker.go:5880	*Checker.checkVariableLikeDeclaration	30.2
X-VAR	checker.go:6051	*Checker.checkVarDeclaredNamesNotShadowed	11.1
X-VAR	checker.go:6112	*Checker.checkDecorators	8.3
X-ALIAS-UNUSED	checker.go:7000	*Checker.checkExportsOnMergedDeclarations	17.2
X-ALIAS-UNUSED	checker.go:7404	*Checker.checkUnusedRenamedBindingElements	12.5
X-COLLISION	checker.go:10534	*Checker.checkCollisionsForDeclarationName	61.5
X-COLLISION	checker.go:10553	*Checker.checkCollisionWithRequireExportsInGeneratedCode	22.2
X-COLLISION	checker.go:10573	*Checker.checkCollisionWithGlobalObjectInGeneratedCode	28.6
X-COLLISION	checker.go:10589	*Checker.needCollisionCheckForIdentifier	15.4
X-COLLISION	checker.go:10629	*Checker.recordPotentialCollisionWithWeakMapSetInGeneratedCode	33.3
X-COLLISION	checker.go:10648	*Checker.checkCollisionWithGlobalPromiseInGeneratedCode	28.6
X-COLLISION	checker.go:10664	*Checker.recordPotentialCollisionWithReflectInGeneratedCode	33.3
F-UNREACH	checker.go:2398	*Checker.checkSourceElementUnreachable	17.9
F-UNREACH	checker.go:2459	*Checker.isSourceElementUnreachable	37.5
X-GRAMMAR	grammarchecks.go:214	*Checker.checkGrammarModifiers	0.8
X-GRAMMAR	grammarchecks.go:671	*Checker.checkGrammarForDisallowedTrailingComma	66.7
X-GRAMMAR	grammarchecks.go:1539	*Checker.checkGrammarVariableDeclaration	34.6
X-GRAMMAR	grammarchecks.go:1611	*Checker.checkGrammarNameInLetOrConstDeclarations	33.3
X-GRAMMAR	grammarchecks.go:1628	*Checker.checkGrammarVariableDeclarationList	43.8
X-GRAMMAR	grammarchecks.go:1772	*Checker.checkGrammarForDisallowedBlockScopedVariableStatement	16.7
X-GRAMMAR	grammarchecks.go:1796	*Checker.containerAllowsBlockScopedVariable	50.0
X-GRAMMAR	grammarchecks.go:2025	*Checker.checkGrammarSourceFile	100.0
?checker/exports.go	exports.go:376	*Checker.ProbeResolutionDepth	100.0
?checker/exports.go	exports.go:379	*Checker.ProbeResolutionStack	30.0
?checker/relater.go	relater.go:365	*Checker.checkTypeRelatedToEx	47.8
?evaluator/evaluator.go	evaluator.go:24	NewEvaluator	5.7
